用户ID,用户出生日期,性别,婚姻状况,文化程度,下单时间,订单ID,交易金额
6414111,1991/8/24,男,已婚,本科,2020/1/1 17:41,1000595826,402.765811
6516117,1983/7/21,女,已婚,博士,2021/10/15 22:47,1000610643,545.2730618
6714112,1986/6/21,女,已婚,博士,2020/11/22 9:45,1001934364,256.7169735
5311117,1978/5/25,女,未婚,大专,2021/3/26 11:53,1007749907,275.5470799
4316113,1979/8/1,男,未婚,大专,2021/7/10 18:59,1007770144,1023.500156
6416111,2000/11/29,女,未婚,本科,2023/2/8 11:12,1008126279,435.1245191
3320119,1991/12/30,女,已婚,中专,2022/7/20 9:10,1008179025,749.1012689
5620119,1973/1/18,男,已婚,博士,2022/9/15 3:50,1010625282,1020.180141
6120117,1986/7/2,女,未婚,中专,2020/5/29 16:28,1010987514,431.9357384
3213111,1989/4/19,男,未婚,中专,2021/1/20 14:59,1011987390,388.0860304
3519119,1988/5/14,女,已婚,中专,2022/12/15 7:09,1012149687,571.9962759
3715117,1978/11/8,女,未婚,博士,2021/7/4 12:14,1012183445,1168.118856
6018116,1981/5/2,男,未婚,本科,2022/10/6 0:50,1012391212,858.4930544
6014115,1997/9/10,女,未婚,研究生,2023/4/23 10:44,1016654885,938.5338138
5711111,2000/6/23,男,已婚,本科,2020/10/8 20:08,1017570759,358.338065
5411111,1974/3/22,男,已婚,中专,2023/5/19 14:51,1017884095,132.6078742
3620112,1968/6/7,男,未婚,研究生,2023/1/17 0:17,1018833816,602.6665032
3418114,1997/4/12,女,已婚,大专,2021/2/24 4:47,1020244342,550.008846
4111113,1973/11/8,女,未婚,大专,2022/10/12 8:32,1021727866,603.8389711
6119112,1990/4/17,女,未婚,研究生,2022/11/20 6:58,1022347552,670.0651671
3219114,1982/11/26,女,未婚,研究生,2021/10/8 5:27,1026223877,390.4840231
6013114,1986/6/28,男,已婚,大专,2023/4/13 15:43,1027217880,1106.908009
5219117,1970/8/21,女,未婚,博士,2023/2/26 5:27,1028157426,518.4883884
6211115,1974/5/19,女,已婚,本科,2022/8/17 11:03,1031269933,956.9900761
3414118,1997/4/6,女,已婚,中专,2022/6/1 16:47,1033377764,533.8501115
5019120,1998/12/3,男,未婚,本科,2021/3/27 1:28,1033939903,146.5312523
5414112,1975/3/23,女,未婚,研究生,2022/8/8 17:44,1040186498,486.2419848
4216116,2000/7/12,男,未婚,研究生,2020/3/25 6:50,1040622411,880.4477692
3920115,1973/12/24,女,未婚,本科,2021/2/1 0:11,1041267492,589.2597368
4812118,1999/5/6,男,已婚,本科,2022/10/8 15:20,1041975160,719.6050508
3520120,1986/9/27,女,未婚,博士,2021/4/4 2:20,1045930331,717.2339311
5816111,1978/8/17,男,已婚,博士,2019/12/29 11:44,1046989436,963.5965013
5920115,1988/8/3,男,未婚,中专,2020/2/6 18:52,1047391500,65.39660183
4812118,1999/5/6,男,已婚,本科,2020/4/22 14:54,1047591793,925.4691291
6217114,1982/2/9,女,未婚,大专,2023/2/28 3:25,1049665294,557.8101096
5217118,1992/11/3,女,未婚,大专,2022/1/29 2:25,1051327074,1199.509772
6220116,1979/8/11,男,已婚,大专,2020/12/24 14:31,1053062714,376.4844629
5111119,1986/9/29,男,未婚,博士,2021/8/3 14:07,1053479282,847.2766683
5019119,1994/6/16,女,未婚,本科,2022/6/30 10:21,1054734700,923.645456
3811120,1977/11/2,男,未婚,研究生,2021/4/6 12:09,1055161143,292.5438685
3512119,1974/10/18,女,未婚,本科,2020/12/30 16:40,1055837118,631.398103
5215118,1990/4/12,男,已婚,研究生,2019/12/11 2:09,1057377623,882.1159886
6314118,1971/6/10,男,未婚,本科,2020/12/12 21:29,1059669914,830.7153508
6418112,1991/3/13,女,未婚,本科,2022/3/25 0:03,1060198989,794.6314827
5515119,1982/9/23,男,未婚,研究生,2022/7/26 18:16,1062849700,951.6812074
3711114,1985/3/18,男,已婚,研究生,2022/9/20 12:46,1069598200,698.9734523
4712112,1998/3/26,女,未婚,大专,2020/4/22 16:11,1069920695,578.8059937
6714113,1980/11/23,女,未婚,本科,2020/7/26 22:36,1070190410,441.3928562
5215111,1995/4/28,女,已婚,研究生,2022/5/28 15:02,1070923257,428.4673309
5917112,1994/12/6,女,未婚,本科,2023/1/24 12:40,1075134110,979.4756953
6713115,1990/12/1,男,已婚,博士,2023/5/8 8:06,1075594881,396.3850285
3219111,1992/2/21,男,已婚,大专,2020/1/24 22:38,1079478230,683.907019
5417118,1979/11/6,女,未婚,博士,2022/6/21 12:42,1079920722,602.3877539
6513119,1985/3/19,女,已婚,大专,2022/11/22 22:07,1079997178,739.9994147
5813118,1973/1/29,女,已婚,大专,2020/11/26 16:10,1080731879,257.933076
6113115,1968/4/28,男,已婚,博士,2023/5/10 8:45,1084627037,890.5547094
4019120,1986/12/23,男,已婚,大专,2020/8/10 12:46,1085028388,346.4532132
4013112,1979/1/8,女,已婚,中专,2020/12/26 15:38,1085371044,495.0823912
4211117,1997/10/29,男,未婚,大专,2023/4/27 6:38,1085624449,863.5712555
6319117,1974/10/29,男,未婚,本科,2020/1/3 0:28,1088355418,504.9827185
4319119,1974/1/15,男,已婚,本科,2023/3/18 20:11,1089194649,438.6818179
4815116,1985/10/3,男,未婚,中专,2020/8/9 9:52,1090531173,5.474221054
4819119,1995/10/16,女,已婚,本科,2023/4/3 15:15,1090844522,140.7270368
4920117,1970/4/2,女,未婚,大专,2020/8/12 18:33,1091472142,455.5548167
5517120,1993/5/15,男,未婚,大专,2023/2/25 20:49,1092425586,871.9351915
6715118,1968/3/26,男,未婚,博士,2022/3/17 12:35,1092512930,397.0484324
5820111,1970/6/1,女,已婚,大专,2021/5/14 5:34,1095914221,858.3228391
4419113,1992/5/24,男,未婚,大专,2021/11/12 1:33,1097252805,930.4923163
6617119,1990/2/15,男,已婚,大专,2021/9/11 5:14,1098549818,688.7242691
3618112,1985/4/23,女,未婚,本科,2022/7/15 12:36,1099339511,1016.070461
5311116,1984/6/16,女,未婚,研究生,2023/4/9 5:00,1099622697,871.5145247
4315119,1982/5/19,女,已婚,大专,2023/1/26 12:19,1101486883,724.2472542
4616120,1982/8/15,女,未婚,大专,2021/8/23 9:31,1101538200,434.8647155
5012111,1976/6/25,男,未婚,本科,2022/12/20 1:51,1104759125,385.9250473
3311115,1998/2/2,男,已婚,博士,2021/11/28 0:13,1104765185,304.1801302
3619118,1987/8/14,男,已婚,本科,2022/6/5 10:10,1104885930,87.04683723
4315118,1968/5/23,男,未婚,本科,2021/5/13 3:43,1104964284,238.946192
6715119,1994/12/28,男,已婚,本科,2021/11/10 17:37,1106753506,132.6173256
4811119,1986/2/20,男,未婚,中专,2022/4/13 11:33,1107554634,540.0703116
3917116,1993/12/27,女,已婚,博士,2021/12/18 1:00,1108579525,778.0739573
6015116,1973/11/15,男,未婚,本科,2022/2/22 8:31,1111369862,757.2344235
4911117,1984/2/10,男,已婚,大专,2020/10/17 16:35,1113459261,398.4203863
4318111,1986/12/27,男,未婚,本科,2022/12/28 21:45,1116155858,586.9041925
3315118,1999/11/13,男,未婚,中专,2023/4/11 23:50,1117596878,381.5948792
4417118,1982/3/26,男,已婚,博士,2021/8/3 1:47,1117879823,1000.574489
6717114,1994/1/6,男,已婚,本科,2023/2/23 10:58,1120420365,649.1050277
5518111,1981/5/20,女,已婚,本科,2020/4/13 3:29,1120619569,446.3613812
6416114,1997/1/18,女,未婚,本科,2022/7/21 22:09,1122684323,295.5229376
5717115,1989/1/26,男,未婚,本科,2022/7/15 4:09,1127770976,436.92115
6119115,1983/9/23,男,已婚,研究生,2021/11/5 0:14,1130734529,676.7752468
4716113,1981/12/8,男,已婚,本科,2022/4/29 6:23,1131125030,525.0539232
4518115,1995/7/20,男,未婚,研究生,2023/1/28 16:54,1131395851,640.7334766
6014115,1997/9/10,女,未婚,研究生,2020/6/4 0:12,1134089312,503.6573804
5213113,1971/3/9,男,已婚,大专,2020/8/13 0:47,1134152830,206.0077299
5212111,1991/5/4,女,已婚,研究生,2021/10/16 13:47,1135821957,377.8858549
4320120,1981/1/19,女,已婚,本科,2022/8/18 23:20,1136699545,828.2926128
4014117,1993/10/7,女,已婚,本科,2021/11/5 21:18,1140267651,1097.113198
5811113,1995/3/7,女,已婚,中专,2023/5/16 1:20,1143135061,551.0807199
4515119,1999/12/30,女,已婚,中专,2022/2/10 6:24,1143948867,773.6896586
5913117,1974/4/24,男,未婚,博士,2023/5/19 16:40,1143990200,1110.128772
4814118,1990/12/21,男,未婚,研究生,2022/1/24 1:26,1150532319,651.287301
5614113,1982/11/25,女,未婚,本科,2023/4/11 22:19,1153240066,281.2634544
5818111,1994/9/5,女,未婚,本科,2020/11/4 10:12,1153335822,688.7377644
5811120,1973/12/25,男,已婚,大专,2023/5/17 20:59,1153739002,707.6645891
5014118,1997/12/31,女,未婚,大专,2022/8/25 6:36,1154631683,430.95766
3215111,1973/12/26,女,已婚,本科,2023/4/4 20:11,1155948968,641.0901426
5217116,1989/7/7,男,未婚,研究生,2022/5/17 3:56,1156376683,452.5772322
5713115,1990/6/26,男,未婚,本科,2020/12/23 14:59,1156641675,277.2630288
6719120,1991/5/17,男,已婚,大专,2021/4/19 7:50,1157077268,723.133412
5015116,1981/9/20,男,已婚,本科,2020/7/22 1:11,1158190419,407.4460354
4112117,1982/4/30,女,未婚,博士,2021/12/3 2:11,1161816017,709.4017958
5020120,1992/1/10,女,未婚,中专,2023/5/9 9:47,1162325220,269.002184
6411113,1979/3/21,男,已婚,研究生,2020/11/8 6:31,1163390623,614.7231038
6513117,1995/3/23,男,未婚,研究生,2022/11/27 21:05,1165552925,710.7991871
4812120,1970/4/29,女,已婚,本科,2023/5/23 16:06,1166471588,1032.42867
3411115,1969/9/28,女,未婚,本科,2022/12/19 6:56,1168864319,324.6567111
3819116,1985/9/14,女,未婚,研究生,2020/8/11 20:07,1170435913,310.8681898
5413116,1989/10/8,男,未婚,博士,2022/7/7 11:43,1170511976,545.6312799
4912115,1973/3/27,女,已婚,研究生,2020/6/28 10:36,1171886367,381.7669757
6720114,1977/6/11,女,未婚,研究生,2022/6/14 2:26,1172079201,653.195642
4119120,1985/3/24,男,未婚,研究生,2022/12/22 2:29,1172642136,507.3572859
5611113,1994/10/2,女,已婚,博士,2021/5/3 14:42,1175463337,560.0543203
6012120,1986/8/1,女,已婚,博士,2022/12/15 5:04,1179411255,726.187092
5313112,1981/2/7,女,已婚,博士,2022/12/6 2:27,1180231390,865.4509069
4611114,1979/1/7,女,未婚,中专,2020/7/2 13:07,1181133749,700.857839
5918112,1975/8/15,女,未婚,大专,2020/1/24 9:17,1181934954,508.5175527
3211115,1973/12/25,女,未婚,研究生,2019/12/9 14:29,1183590245,205.8476127
5013114,1998/8/31,男,已婚,本科,2023/5/10 3:40,1184889472,232.5920492
6618113,1977/10/21,男,未婚,中专,2022/1/22 8:14,1188129188,536.0165202
3318118,1996/1/25,女,未婚,本科,2023/1/29 11:08,1190218232,813.0141906
4518115,1995/7/20,男,未婚,研究生,2021/7/13 4:51,1193872447,661.010845
4712112,1998/3/26,女,未婚,大专,2023/4/17 21:07,1193891403,739.9801021
4714114,1971/11/30,男,未婚,中专,2021/8/2 19:21,1194945767,308.5500658
6015113,1972/2/28,男,已婚,中专,2021/10/26 7:20,1196913366,651.4988377
3811116,1997/8/10,女,已婚,中专,2023/3/9 18:45,1197448848,824.183784
4915113,1982/5/27,女,未婚,本科,2023/5/26 13:04,1201188814,318.4432316
4711116,1981/5/2,女,已婚,研究生,2020/1/8 7:21,1201346424,658.4129618
3718120,1973/10/11,男,已婚,研究生,2023/1/29 2:40,1202966573,362.9860541
3918120,2000/5/16,女,已婚,中专,2023/4/21 22:31,1204552759,441.0915921
5115119,1974/11/10,女,未婚,本科,2022/6/13 9:25,1209594930,473.3399509
4817115,1989/7/23,女,未婚,研究生,2021/5/11 15:33,1214429353,697.1760083
5720115,1984/4/19,女,已婚,中专,2022/4/28 16:40,1215280757,406.3612532
4019117,1974/9/16,女,未婚,博士,2021/8/18 21:50,1216230952,795.7280713
5615113,1989/7/31,女,未婚,博士,2021/12/2 2:02,1219729468,588.824514
4319119,1974/1/15,男,已婚,本科,2020/10/12 17:22,1220976538,631.9736985
3814119,1982/8/20,男,已婚,研究生,2022/1/6 6:58,1223511243,1120.142
4213112,1970/11/20,男,未婚,大专,2023/1/25 4:19,1224156361,697.557411
4616119,1997/2/7,男,未婚,博士,2019/12/26 6:31,1224740485,507.6678088
6412113,1971/7/16,女,未婚,本科,2022/4/30 5:03,1225220228,976.2589032
5915113,1994/8/3,女,已婚,大专,2020/7/22 17:27,1227041245,153.2194085
4011116,1980/5/29,女,已婚,大专,2021/3/8 9:01,1227317554,101.3968002
5011114,1971/1/7,男,已婚,本科,2020/4/28 17:12,1228289490,630.0686487
5719113,1977/8/7,男,已婚,中专,2023/4/29 16:24,1229621460,107.7691241
5813117,1980/4/26,女,已婚,中专,2021/11/29 21:46,1230979971,842.9419705
4216113,1998/1/29,男,未婚,博士,2022/2/18 21:10,1232342533,782.799218
6214113,1980/12/2,男,已婚,大专,2022/12/11 3:51,1232427712,637.5293826
5713113,1971/12/18,男,已婚,中专,2021/2/9 7:53,1233840832,195.102315
5012112,1987/4/18,男,未婚,研究生,2021/2/4 10:58,1235037437,187.5937944
6717118,1989/7/30,女,未婚,本科,2022/4/29 16:29,1235727541,298.1389767
5219117,1970/8/21,女,未婚,博士,2020/2/6 3:35,1236220810,563.1135084
6220111,1975/5/31,女,已婚,大专,2022/12/2 4:56,1239216085,645.284223
6415119,1993/11/12,男,未婚,博士,2021/2/26 11:24,1239689774,558.3864896
5120111,1999/2/24,女,已婚,博士,2020/1/12 15:18,1240083448,846.9302706
5117112,1975/10/31,男,已婚,中专,2019/12/28 6:16,1243823302,316.9514733
3411113,1982/12/7,女,未婚,本科,2021/11/16 11:08,1245910966,143.0669043
3915115,1986/4/2,男,已婚,博士,2022/11/21 8:37,1247958879,315.7378903
3813115,1983/1/3,女,已婚,博士,2022/10/17 7:59,1248210288,832.0408954
4420115,1984/7/25,男,未婚,中专,2020/8/14 6:21,1252650802,875.3384357
4813113,1969/12/16,男,已婚,博士,2023/4/26 0:16,1253018300,334.8403852
3319118,1992/1/4,女,已婚,研究生,2021/3/21 5:14,1254260168,847.5363594
6720115,1990/6/13,女,未婚,本科,2021/12/9 3:53,1257338831,1014.819139
6012115,1995/9/17,男,已婚,本科,2023/6/4 18:47,1258475393,734.5140586
5719113,1977/8/7,男,已婚,中专,2021/7/12 19:09,1261528488,770.7543947
6718111,1974/4/10,女,已婚,中专,2020/6/10 5:36,1263248834,486.1992482
3215120,1979/7/29,男,已婚,博士,2021/11/26 17:10,1263633164,458.0037115
4615113,1988/9/1,男,已婚,研究生,2021/5/29 17:12,1264023233,493.8387799
4620114,1984/1/3,女,已婚,博士,2021/9/3 13:14,1264872079,259.0163326
6013113,1975/10/29,女,未婚,大专,2022/9/22 4:49,1268227045,26.08377269
4011111,1994/12/30,女,未婚,本科,2020/2/9 21:01,1270017027,798.2537542
4820117,1997/8/16,女,未婚,大专,2021/1/9 8:12,1270578756,786.0570044
3318114,1981/1/12,女,未婚,大专,2021/10/16 12:10,1271381950,148.839222
6716120,1986/3/22,男,已婚,研究生,2023/5/31 23:36,1271691956,293.0531469
6013112,1969/7/1,男,已婚,大专,2021/5/18 13:53,1272391114,100.2194684
4218117,1973/10/27,女,已婚,大专,2023/4/5 6:42,1275250770,761.4933286
6013117,1989/1/7,女,未婚,博士,2021/4/3 14:23,1276677718,476.5838759
3412120,1991/8/24,女,未婚,中专,2021/10/26 17:27,1279194851,398.5016159
4119117,1992/4/14,女,已婚,大专,2020/7/31 12:49,1279633103,237.3228883
5712112,1979/5/17,女,已婚,大专,2022/5/15 17:02,1281414744,912.431465
3520111,1977/8/19,男,未婚,研究生,2021/5/16 12:49,1285577469,324.2249607
4713113,1994/2/10,女,已婚,本科,2022/4/24 8:16,1285649418,506.3480146
5517117,1987/11/12,女,已婚,博士,2021/8/29 11:19,1288311481,627.2902212
4417120,1996/5/6,男,未婚,本科,2020/2/25 17:03,1289548904,411.856926
6213115,1981/9/5,女,未婚,研究生,2021/3/11 21:45,1291043446,216.2249522
3612114,1989/10/6,女,已婚,本科,2023/1/9 0:10,1292128461,1160.65972
4720111,1982/4/7,男,未婚,博士,2020/3/5 4:43,1294696419,810.4646503
5413115,1971/5/15,女,未婚,博士,2022/9/25 17:51,1296783694,498.9987854
6513120,1981/12/3,女,未婚,博士,2020/9/10 23:12,1297283560,786.1069382
5811115,1977/11/24,女,未婚,博士,2022/5/29 9:49,1303438078,645.850394
6517118,1999/11/24,女,未婚,大专,2022/10/14 8:29,1304946652,398.3763107
4417120,1996/5/6,男,未婚,本科,2022/5/18 9:36,1305940190,499.5065636
6515116,1970/12/10,女,未婚,大专,2023/1/3 15:38,1311322365,67.98880238
5816112,2000/9/7,女,未婚,中专,2020/12/11 4:19,1311535066,603.2014912
6220114,1980/2/9,男,已婚,大专,2022/9/7 23:48,1312440562,439.2080545
3217120,1983/2/17,女,未婚,博士,2023/2/24 13:53,1312472299,816.7072509
4719119,1993/6/16,女,已婚,研究生,2021/11/21 15:46,1317460581,929.3969131
5312117,1974/2/28,女,未婚,中专,2023/2/6 2:30,1317989594,329.5301364
4513112,1981/11/28,男,未婚,本科,2022/5/7 17:58,1321113310,649.5974776
4619113,1993/8/3,男,未婚,研究生,2019/12/23 4:50,1323153009,511.7627256
4113111,1978/1/29,男,未婚,研究生,2020/1/21 22:44,1323858369,949.5291395
4412116,1976/9/19,女,未婚,大专,2023/2/25 8:19,1325311963,929.4276512
3814119,1982/8/20,男,已婚,研究生,2021/5/24 1:09,1325718098,939.3304857
3820113,1994/3/16,女,已婚,大专,2022/2/21 12:32,1325992269,1064.025021
5814118,1973/3/20,女,已婚,博士,2023/5/6 7:12,1326523298,167.2625122
6020111,1983/2/2,女,已婚,博士,2020/9/11 1:31,1329012193,750.140108
6219116,1984/10/16,女,未婚,研究生,2019/12/11 3:26,1329956918,443.6944875
5514117,1978/10/11,女,未婚,研究生,2020/12/27 5:45,1330937840,612.919906
5518120,1969/6/8,男,未婚,大专,2020/9/21 15:18,1332055147,831.8103102
3618119,1995/6/3,女,未婚,本科,2021/1/25 15:17,1333521720,1066.719729
4520113,1994/7/7,男,已婚,本科,2023/4/28 20:36,1334216316,667.6703805
4316114,1973/8/31,女,未婚,中专,2022/2/27 16:55,1335051586,696.8642739
5417111,1988/8/18,男,未婚,中专,2022/5/28 2:21,1338878332,97.61839961
4616119,1997/2/7,男,未婚,博士,2022/10/14 13:51,1343685085,648.8780857
4815116,1985/10/3,男,未婚,中专,2020/4/21 3:32,1344057866,347.3961192
3315111,1995/5/20,女,未婚,研究生,2022/2/24 14:20,1346899388,153.0768732
3720114,1987/1/26,男,未婚,博士,2021/8/20 17:48,1347852653,142.4870028
3720117,1976/5/18,男,未婚,大专,2020/7/23 1:42,1347992352,673.0564178
4618111,1977/3/20,女,已婚,本科,2021/7/10 12:12,1348664557,555.6402924
5320116,1971/11/9,女,已婚,中专,2021/2/10 18:50,1349013344,155.1260339
3416113,1980/1/28,男,未婚,大专,2023/2/18 2:13,1349659613,953.410925
4718119,1970/7/21,男,已婚,大专,2020/2/18 6:50,1352633878,682.8688714
6112115,1979/9/1,女,已婚,研究生,2023/3/31 19:05,1353342266,219.213362
3718118,1991/5/4,女,未婚,博士,2022/12/6 13:14,1353578849,595.9572354
5417111,1988/8/18,男,未婚,中专,2022/6/14 4:59,1357117405,157.5783194
4918117,1985/6/25,男,已婚,本科,2020/6/25 9:10,1360785786,964.5528201
4519117,1988/12/30,女,未婚,本科,2021/3/11 9:11,1362022771,339.8877233
5720118,1980/7/11,男,已婚,研究生,2020/4/7 8:57,1362990184,1047.44916
6214116,1968/8/18,男,未婚,本科,2022/6/13 9:04,1369918493,132.8925593
6219111,1977/10/30,女,未婚,博士,2020/1/13 23:49,1370355695,637.8471985
5818116,1993/2/12,女,已婚,博士,2022/5/24 19:44,1372094699,1016.688576
3319119,1995/2/6,女,已婚,研究生,2022/4/18 2:35,1373090545,107.2798235
5614116,1994/12/14,女,未婚,研究生,2023/6/3 2:49,1374421221,557.90823
6315113,1970/12/7,男,未婚,研究生,2021/9/11 9:31,1374476461,904.5364375
6212115,1992/9/22,男,已婚,博士,2019/12/6 15:03,1375377724,150.1125256
5113117,1981/4/27,女,未婚,博士,2020/8/21 2:22,1378740441,438.1827274
5514120,1989/3/1,女,已婚,博士,2022/5/10 5:40,1380355394,651.3176144
3311119,1989/11/1,男,未婚,研究生,2020/1/26 23:51,1380752073,958.4170623
3914117,1997/7/4,男,已婚,本科,2020/5/13 7:03,1381072586,804.3088998
4711112,1984/12/20,女,已婚,博士,2021/3/8 22:37,1381717001,855.3461204
5714114,1991/11/18,女,未婚,本科,2020/5/3 20:41,1387796029,878.7821758
4113114,1994/3/21,女,未婚,本科,2021/6/9 22:42,1387897033,345.6186061
6519112,1984/2/4,男,已婚,中专,2021/9/14 22:55,1388885748,378.9032878
3917115,1983/2/4,男,未婚,中专,2021/10/10 22:58,1390766846,337.9218925
5012112,1987/4/18,男,未婚,研究生,2020/8/8 11:33,1394045422,721.0631307
6217115,1984/7/14,女,已婚,本科,2020/7/11 16:46,1394086244,968.0420465
3411118,1975/2/25,男,未婚,中专,2022/11/21 23:44,1397564685,968.6293946
4118119,1979/2/25,女,已婚,本科,2021/10/25 13:46,1397679201,538.4798184
3917120,1970/1/29,女,未婚,研究生,2022/12/20 3:20,1399360754,519.2183786
5012120,1993/7/1,男,未婚,博士,2022/12/25 15:43,1399659363,44.29022193
6519117,1967/12/24,女,未婚,大专,2023/4/20 11:53,1400542316,528.8089888
4911113,1982/1/15,男,未婚,中专,2023/3/12 12:47,1401618189,640.3619848
6713113,1993/2/13,女,未婚,中专,2023/5/4 15:54,1401871336,209.8932512
6418118,2000/5/27,女,已婚,本科,2020/3/1 2:28,1401925663,624.1830677
3616112,1986/12/29,男,未婚,本科,2022/10/26 10:39,1403663980,48.73417031
5215113,1994/5/17,女,未婚,本科,2021/10/26 10:58,1406787960,621.1649359
6220112,1984/7/3,男,未婚,博士,2020/12/31 1:09,1408465499,879.1424904
3412113,1970/8/2,女,未婚,本科,2022/5/20 21:30,1409291923,205.2545629
3717112,1978/6/9,女,已婚,博士,2022/12/11 22:56,1409886243,429.7549616
4416114,1981/7/26,女,未婚,博士,2020/4/23 0:03,1410118006,1018.988706
5417120,1972/5/11,女,未婚,本科,2022/4/10 11:49,1412945284,532.8087235
6314112,1989/8/17,女,已婚,本科,2020/10/9 9:12,1414244136,21.14569111
5220112,2000/10/17,女,未婚,中专,2023/3/17 8:46,1414490020,224.0208442
3917113,1982/5/9,女,未婚,博士,2023/3/27 0:57,1418411334,526.640567
4514114,1989/10/7,男,未婚,博士,2021/8/27 20:15,1419213537,768.6601212
3414120,1991/6/7,女,未婚,本科,2023/4/8 11:15,1423296416,625.6840748
4514119,1987/3/20,女,已婚,本科,2020/3/29 15:12,1425759294,575.1680008
4611113,1979/8/31,男,未婚,大专,2022/7/29 16:03,1426928151,480.8040246
4920111,1969/10/28,男,未婚,研究生,2021/5/11 7:29,1427845048,875.4675484
5113119,1997/5/17,女,未婚,大专,2021/4/18 6:01,1431181211,185.4368572
3219120,1972/10/1,男,已婚,研究生,2021/8/4 3:35,1431240228,879.5156985
6420114,1998/10/7,男,未婚,博士,2022/12/17 7:54,1432381832,1076.329212
4420115,1984/7/25,男,未婚,中专,2021/3/4 22:53,1436912367,271.4966966
3914119,1984/7/8,男,未婚,博士,2021/6/6 7:27,1436941042,450.9611307
4220119,1977/7/16,女,未婚,大专,2023/4/22 21:35,1438363456,392.0635063
4617118,1983/8/2,男,已婚,本科,2021/4/26 8:33,1438940573,706.669027
6213118,1991/3/18,女,已婚,中专,2023/3/15 13:15,1438962774,461.989803
5318115,1968/2/4,男,未婚,本科,2020/12/27 0:01,1440694939,1023.509555
4319120,1981/10/14,女,已婚,中专,2021/3/23 20:52,1440980684,674.0559848
4816111,2000/7/25,女,已婚,大专,2022/12/18 2:34,1442130207,764.0686668
5020113,1993/5/30,女,未婚,中专,2020/9/25 2:00,1442678949,194.4078171
4215118,1972/7/21,男,已婚,大专,2020/11/20 11:16,1444277729,357.809558
3417120,1982/12/24,男,未婚,研究生,2020/1/28 10:44,1446257313,423.4298534
5320120,1974/11/17,男,未婚,中专,2022/8/24 19:23,1446329401,771.3436542
3919117,1987/4/5,男,未婚,大专,2022/12/4 14:16,1446829127,744.9416574
6416114,1997/1/18,女,未婚,本科,2021/5/31 5:14,1448639220,718.1316329
3919120,1989/3/19,男,未婚,本科,2022/5/20 9:00,1449452178,396.6199679
3419118,1980/8/30,男,未婚,博士,2023/4/14 14:11,1450471962,582.7898504
5218118,1992/12/7,男,未婚,博士,2022/3/7 23:33,1451011342,478.5419362
5112115,1973/11/27,男,已婚,本科,2021/11/26 8:03,1453799405,563.5599668
4614114,1985/9/2,男,未婚,中专,2020/11/17 13:22,1454038721,321.1213439
4017117,1994/10/28,女,未婚,中专,2022/7/1 16:00,1454491209,347.5535565
4816116,1970/1/19,男,未婚,研究生,2020/10/21 11:50,1457130468,396.2318306
3712115,1973/7/16,男,已婚,大专,2021/5/30 7:48,1458113544,418.219036
4519111,1983/1/31,女,已婚,中专,2020/2/2 0:19,1461640255,706.9462703
5616120,1972/12/25,女,已婚,博士,2023/4/26 23:04,1461753162,185.4394234
5916114,1994/11/21,女,已婚,本科,2022/4/24 11:37,1462885622,742.0964261
3518117,1971/6/11,男,未婚,中专,2022/4/11 14:23,1464644494,949.3732353
3715115,1970/10/29,女,未婚,本科,2022/8/4 6:28,1465361079,269.0946268
3414115,1975/2/7,男,已婚,研究生,2020/5/10 7:46,1465660932,688.4253972
3312113,1993/5/23,男,未婚,研究生,2023/5/29 8:18,1466756794,319.2725375
4720120,1988/4/30,女,已婚,中专,2020/3/2 9:05,1467033509,860.8990843
3919120,1989/3/19,男,未婚,本科,2020/12/17 10:19,1469262090,613.045954
6413114,2000/5/28,男,已婚,研究生,2022/4/6 6:33,1469381550,749.7005914
6711111,1973/1/1,女,已婚,研究生,2022/12/19 23:03,1470141533,556.358523
6720114,1977/6/11,女,未婚,研究生,2021/6/30 4:36,1470759920,696.0443518
3917117,1992/12/28,男,未婚,本科,2020/4/16 10:56,1472895633,978.1422211
6711116,1971/6/23,女,已婚,博士,2022/12/30 18:40,1474522542,536.0777616
5120117,1975/8/19,女,已婚,研究生,2023/4/17 16:43,1477261090,326.2111324
6619114,1976/12/17,女,未婚,博士,2022/12/29 12:09,1478576457,975.0409382
6314119,1991/4/12,女,未婚,博士,2020/2/14 4:30,1479884527,100.0328289
3219113,1972/1/28,女,已婚,博士,2021/4/8 8:55,1479931105,115.5629969
3212119,1984/3/22,男,已婚,博士,2021/7/15 19:24,1480445533,990.9387121
5519111,1988/7/1,男,未婚,大专,2022/12/28 14:55,1484461762,1026.602064
5316114,1991/2/1,女,已婚,研究生,2020/3/23 4:53,1486561388,975.9269117
3217113,1970/12/29,男,未婚,研究生,2021/4/10 14:30,1487098427,478.6250422
3715114,1983/11/18,女,未婚,本科,2022/7/4 4:42,1489933517,234.7979521
4314115,1994/8/24,男,已婚,本科,2023/3/13 12:59,1489934871,437.1175548
3920111,1970/10/18,男,已婚,博士,2021/8/15 5:14,1491460461,21.51248611
3315117,1993/3/14,男,未婚,大专,2021/11/18 16:34,1492028298,647.3489799
6711111,1973/1/1,女,已婚,研究生,2023/1/21 7:52,1492932078,476.459856
3912113,1983/1/31,女,已婚,博士,2020/8/3 3:56,1493880159,450.3031594
4420115,1984/7/25,男,未婚,中专,2021/9/2 11:46,1496136456,790.9036076
5818119,1973/5/23,女,已婚,大专,2022/6/6 12:25,1497045411,297.1532021
5518117,1988/4/27,男,未婚,研究生,2023/4/30 1:41,1499695329,627.0372265
4318119,1995/9/7,女,已婚,研究生,2021/11/21 23:07,1500087104,262.4164047
4112113,1993/12/11,女,已婚,博士,2022/6/29 15:37,1500830363,852.8731308
5116119,1981/7/31,男,未婚,本科,2022/2/10 8:58,1505423594,202.6131111
5717112,1989/4/8,女,未婚,研究生,2019/12/11 16:30,1505562523,214.8163602
5613117,1975/6/1,男,未婚,中专,2021/3/7 3:28,1507072924,751.6852405
4914117,1983/4/27,男,已婚,大专,2021/4/13 8:29,1507534436,562.8450374
4715115,1984/12/1,男,已婚,研究生,2023/4/16 1:59,1510479674,430.3620633
4011115,1998/12/4,女,已婚,研究生,2022/4/7 3:08,1511022761,634.8497587
4717112,1978/9/2,男,未婚,本科,2023/1/29 2:04,1512612564,984.3471466
5219114,1988/12/30,男,未婚,博士,2020/1/20 5:38,1513326382,699.6481308
6214112,1989/9/20,男,未婚,博士,2023/5/26 12:48,1514243056,993.6381446
4811113,1988/11/19,女,已婚,研究生,2021/1/18 14:27,1518941988,771.5305935
5512118,1997/8/17,女,未婚,博士,2020/9/18 4:49,1518961340,1065.653516
6615114,1986/2/9,男,未婚,研究生,2022/12/9 2:40,1524485568,300.3202084
5917120,1971/2/27,男,已婚,本科,2021/2/7 18:48,1524767398,367.7912606
4216114,1978/3/1,男,未婚,中专,2020/5/28 21:59,1526857802,624.7671139
3617114,1985/5/1,男,未婚,大专,2022/10/2 15:30,1527547018,148.2003851
6612115,1987/5/6,女,未婚,博士,2022/8/31 5:12,1530165969,669.2045478
4517118,1983/5/30,男,已婚,博士,2023/5/16 21:46,1532451582,489.8591357
6517113,1980/10/13,女,已婚,本科,2020/12/16 16:46,1532864899,195.9642914
4916116,1975/10/7,男,未婚,大专,2023/4/26 0:11,1533086854,654.3503015
5614119,1985/11/3,男,未婚,本科,2020/1/29 15:34,1533343486,507.4720248
4815119,1983/5/1,男,未婚,中专,2022/10/3 22:01,1536737655,56.93984407
5617119,1976/12/2,男,未婚,研究生,2022/12/8 2:10,1536914855,574.8537087
3719115,1982/6/11,女,未婚,博士,2020/2/12 7:47,1537871858,470.7287088
4613115,1997/1/21,女,已婚,中专,2022/8/15 11:32,1537963589,1161.308154
5715120,1972/6/22,男,已婚,研究生,2021/5/24 20:17,1542722121,493.8394101
4215115,1989/2/20,女,未婚,中专,2023/2/18 17:23,1545643135,619.6930577
5316116,1986/11/3,女,已婚,中专,2020/7/1 20:54,1546840472,426.527512
6619117,1996/1/27,女,已婚,中专,2020/5/30 4:51,1547796092,848.2182086
4714120,1968/7/3,男,未婚,本科,2022/8/20 5:41,1549895625,682.6654755
4616115,1985/5/30,女,未婚,中专,2020/10/14 20:11,1551141399,684.8204854
5417118,1979/11/6,女,未婚,博士,2020/12/2 5:52,1553094025,319.1809158
3512117,1995/6/16,女,未婚,本科,2022/6/30 21:43,1553911356,804.1886218
4511117,1996/5/8,女,未婚,本科,2021/6/17 13:37,1556434535,581.447236
4611117,1977/6/15,男,未婚,研究生,2022/1/15 13:08,1557236010,649.0486859
5018119,1977/8/2,女,已婚,博士,2022/6/2 12:47,1558653079,534.7807735
4115111,1988/7/9,男,未婚,博士,2020/8/7 11:39,1559093496,228.9166759
3914111,1977/7/23,男,未婚,中专,2023/3/7 11:15,1560694354,6.066145019
4718120,1972/8/28,女,已婚,博士,2022/5/20 3:57,1567427704,266.4022007
6620120,1981/8/16,女,已婚,研究生,2022/12/17 4:18,1570266216,1087.936945
5218115,1993/5/19,女,已婚,研究生,2023/1/13 8:02,1571928907,829.1334742
4514117,1997/11/1,女,已婚,本科,2023/4/18 8:48,1573928931,163.896729
5514119,1969/9/15,男,未婚,研究生,2021/3/23 11:19,1576427223,192.8069528
6113120,1972/12/1,女,已婚,博士,2019/12/11 4:00,1576468294,712.9460184
5211119,1998/11/15,男,已婚,研究生,2021/10/2 9:57,1576757938,528.6753295
4616114,1980/12/8,女,已婚,大专,2022/2/20 2:30,1576758781,1031.635242
6113114,1987/9/10,男,未婚,博士,2022/5/14 0:52,1577071343,743.4971544
5715116,1985/6/24,男,未婚,博士,2023/3/15 3:20,1581526176,671.1245582
6218118,1990/3/20,男,未婚,中专,2022/1/16 3:53,1581598543,331.1400182
3412120,1991/8/24,女,未婚,中专,2022/6/26 0:23,1583853545,389.682079
6012118,1979/1/26,男,已婚,本科,2023/2/13 17:48,1585992045,692.9556481
5218119,1973/2/11,女,未婚,博士,2022/8/12 17:50,1585999022,384.7929307
5513114,1988/11/1,男,已婚,研究生,2021/10/26 1:23,1586543563,788.4947973
5716112,1974/9/3,男,已婚,研究生,2022/7/24 10:14,1587221799,1161.429351
4518113,1979/12/17,女,已婚,研究生,2023/1/23 21:16,1587657555,514.5254227
6419116,1999/1/27,女,已婚,中专,2023/4/21 14:26,1588886500,286.6402698
6419114,1987/7/13,女,未婚,大专,2020/2/19 4:05,1589167505,551.5711263
4213111,1971/6/29,男,未婚,大专,2020/6/19 22:21,1589647571,694.3515758
4515115,1990/5/2,女,未婚,本科,2021/3/23 1:47,1590059722,118.6392079
6017119,1990/11/10,女,已婚,大专,2020/1/7 18:30,1591770407,432.4257263
6314115,1977/1/23,女,已婚,大专,2023/3/18 18:34,1595490418,294.1393934
4119112,1993/6/19,男,已婚,大专,2022/3/7 19:07,1595898871,897.2898072
5413117,1968/8/8,女,未婚,博士,2022/6/17 20:25,1603469481,92.13978402
4811116,2000/6/29,男,未婚,中专,2021/4/28 23:00,1604456571,401.1008796
3419118,1980/8/30,男,未婚,博士,2023/6/2 19:12,1605051967,1083.778546
4113119,1973/9/16,女,已婚,研究生,2020/3/24 19:47,1607080189,611.0340868
5015117,1988/10/21,男,未婚,本科,2020/1/21 2:25,1609978989,417.1719726
6211119,1972/12/11,女,已婚,中专,2020/8/22 20:45,1611998059,845.980723
5716112,1974/9/3,男,已婚,研究生,2020/12/3 19:13,1612395412,684.7363906
3620117,1985/3/10,女,未婚,中专,2023/3/30 19:15,1612567831,148.5234505
3618111,1986/11/24,女,已婚,博士,2021/5/17 15:44,1616672497,21.74553793
3917118,1974/8/9,男,未婚,本科,2022/12/20 14:15,1619272865,510.0935514
3819111,1988/3/28,女,未婚,博士,2020/5/22 7:11,1624929761,369.7554876
5413113,1971/5/19,男,已婚,博士,2021/8/29 9:45,1625048963,505.420871
6314112,1989/8/17,女,已婚,本科,2022/6/26 0:03,1626116834,880.857503
4715120,1983/2/9,女,已婚,大专,2020/7/12 6:12,1626134470,126.9633959
5114113,1979/11/16,女,未婚,研究生,2022/3/2 19:00,1626518004,1048.461794
3217118,1984/5/6,男,未婚,博士,2021/2/7 7:26,1626573626,808.3006126
4415114,1988/3/16,女,未婚,中专,2021/3/25 3:51,1627388163,155.9431464
4512116,1971/9/28,男,已婚,中专,2021/4/11 4:04,1628689311,1029.043138
4214117,1985/2/7,男,未婚,本科,2022/11/17 12:06,1629044791,63.57321116
5214111,1984/8/26,男,未婚,研究生,2023/4/17 20:08,1629447039,680.4399342
5320114,1996/10/23,女,已婚,博士,2021/8/10 21:58,1630961481,810.9595297
4918112,1979/2/4,男,未婚,大专,2022/12/20 21:53,1633988809,182.5166102
4117118,1982/2/26,男,已婚,研究生,2023/4/4 9:20,1634958009,333.5889944
4915116,1989/9/4,男,已婚,大专,2021/12/12 15:22,1635059138,426.5534166
6716120,1986/3/22,男,已婚,研究生,2022/8/31 17:26,1635167157,574.7066681
6713116,1983/7/13,男,已婚,中专,2023/1/28 6:55,1636659055,666.1418246
3316111,1975/1/27,女,未婚,中专,2022/12/13 13:11,1638029670,689.4443054
3519117,1973/7/26,女,已婚,中专,2023/3/9 10:59,1638449053,851.0666392
6620116,1971/10/12,男,已婚,博士,2020/1/13 13:34,1638959082,318.0042249
4218113,1981/6/6,女,已婚,中专,2023/4/4 4:38,1639717741,601.7639817
5612120,1982/12/18,女,未婚,本科,2021/3/16 18:36,1642988642,36.01612011
5716111,1994/11/28,男,未婚,本科,2022/9/16 7:59,1644668075,227.3100019
3611118,1986/2/27,女,已婚,研究生,2021/5/8 12:00,1645855162,893.8490442
3819113,1970/6/27,女,已婚,研究生,2020/1/13 13:54,1646476687,473.7532995
6316116,1989/5/7,男,未婚,大专,2022/5/27 9:47,1648060824,591.7315235
4716119,1996/5/5,男,已婚,本科,2023/1/24 18:38,1650324727,924.8294598
5920115,1988/8/3,男,未婚,中专,2021/4/12 12:36,1652493635,494.0244035
4914115,1992/1/16,女,未婚,中专,2021/1/15 18:51,1652683267,237.8974059
5411120,1980/11/22,男,已婚,研究生,2021/8/27 13:48,1653295133,408.4154616
4512117,1977/12/29,男,未婚,中专,2023/3/6 16:37,1654070770,526.4534894
5320114,1996/10/23,女,已婚,博士,2020/12/19 14:36,1657090808,313.185299
6414119,1969/7/25,女,未婚,研究生,2023/5/14 9:07,1658640593,728.4324022
3719117,1997/4/25,男,已婚,本科,2022/1/27 1:27,1658736853,604.5251581
6618116,1981/1/19,女,未婚,博士,2023/5/19 3:53,1664775598,747.766172
4519119,1991/4/23,女,未婚,中专,2020/5/17 19:44,1666255240,293.7699092
6612113,1980/10/30,男,未婚,中专,2023/5/18 3:25,1666656263,456.1215234
6217111,1979/10/3,男,未婚,中专,2022/5/25 17:40,1667183581,368.2199824
5712117,2000/6/16,女,未婚,博士,2023/2/5 8:33,1668499912,942.9914258
5120118,1971/6/18,男,未婚,中专,2020/4/11 3:02,1668912568,385.637244
6017112,1996/6/12,女,未婚,大专,2022/8/13 15:24,1669389244,612.227795
4918120,1981/3/27,男,已婚,研究生,2022/2/12 19:59,1671665524,361.0865504
4818117,1970/12/24,男,未婚,博士,2023/3/28 10:54,1672542200,1192.763469
5114118,1995/2/25,男,已婚,博士,2021/5/14 11:56,1672842753,722.4637011
5116113,1989/8/9,女,未婚,博士,2023/2/18 13:07,1679877531,1017.464433
5115117,1986/3/23,女,未婚,博士,2020/12/15 17:22,1680075368,818.1479572
5120117,1975/8/19,女,已婚,研究生,2022/9/6 11:44,1681339030,502.9362036
5211113,1975/4/20,女,未婚,研究生,2022/12/2 23:54,1682141208,654.3927225
4115112,1996/4/15,男,未婚,研究生,2022/10/15 8:12,1683112346,237.3727605
4913119,1999/4/6,男,未婚,大专,2023/3/7 3:15,1684370571,301.8906426
3313113,1975/5/21,男,未婚,研究生,2021/11/2 16:53,1684764097,564.0803611
4114117,1977/7/10,女,已婚,研究生,2020/10/22 9:04,1685334091,825.2547071
5516111,1970/4/20,女,未婚,本科,2020/6/18 9:17,1686015751,1211.268731
5719112,1985/8/25,女,未婚,中专,2022/11/7 5:52,1687287241,1078.989253
4319119,1974/1/15,男,已婚,本科,2022/10/23 12:02,1688155650,1151.874303
4411119,1977/2/21,女,已婚,研究生,2020/8/31 20:49,1688673416,161.9946672
5116112,1987/8/30,女,未婚,中专,2023/5/19 0:25,1692515941,955.842901
5720120,1981/2/1,男,未婚,博士,2021/8/3 23:24,1694258639,385.7252494
6712113,2000/5/21,女,未婚,本科,2022/4/30 4:26,1697048090,643.2711404
4715111,1970/6/12,女,已婚,本科,2021/7/16 17:35,1702217940,617.514767
3520117,1993/7/25,女,未婚,大专,2022/11/18 17:17,1703475221,534.4672984
5614113,1982/11/25,女,未婚,本科,2020/1/31 12:34,1706315222,876.0221387
6213112,1991/4/18,女,未婚,本科,2020/2/24 22:38,1707193043,680.5343468
6616112,1987/11/5,女,已婚,本科,2023/3/25 5:52,1708950862,541.1489937
4119116,1976/5/25,女,未婚,本科,2023/4/12 2:48,1710543479,914.7560624
6116115,1977/8/27,女,已婚,中专,2021/1/18 6:04,1710930962,794.5166447
4420114,1988/1/24,女,未婚,大专,2023/5/6 1:23,1711646324,162.6483616
5120120,1990/5/24,女,未婚,本科,2021/6/3 3:40,1712356363,1162.42683
4912119,1999/3/10,女,已婚,本科,2021/8/16 6:37,1713674515,338.1863104
3711111,1989/9/30,男,未婚,博士,2023/1/30 20:49,1715760984,810.8701531
6315120,1987/4/29,男,未婚,大专,2023/2/23 17:28,1718734760,499.786696
5319118,1987/7/27,男,已婚,本科,2020/2/26 17:42,1720684237,543.9636326
6016120,1994/2/22,女,未婚,研究生,2021/8/19 2:10,1721666570,448.5600844
5920120,1997/11/9,女,未婚,大专,2020/7/13 10:41,1722979454,554.2598322
5318120,1992/5/25,女,未婚,研究生,2022/7/15 13:00,1725076447,344.4445178
4815112,1974/3/25,男,未婚,大专,2020/8/20 0:33,1725477447,319.2548095
4619116,1983/5/29,女,未婚,本科,2022/10/17 13:02,1726271818,667.9621216
4711119,1984/6/10,女,未婚,博士,2021/7/1 23:36,1727034934,888.7303105
5614116,1994/12/14,女,未婚,研究生,2022/7/7 2:59,1728446356,395.1795013
3314114,1977/11/18,男,已婚,中专,2022/11/20 14:00,1729010445,774.430006
6117117,1981/3/6,男,未婚,博士,2020/9/11 18:49,1730886676,197.7315096
4212111,1970/7/27,女,未婚,本科,2020/8/20 18:54,1734581362,902.335468
4313120,1974/1/18,男,已婚,本科,2023/1/2 15:03,1737580452,582.0371293
3918111,1996/1/30,女,未婚,本科,2022/3/21 6:00,1739142765,666.7343482
5216115,1976/5/14,男,未婚,研究生,2020/4/22 2:58,1739162232,645.1012761
3612115,1980/11/13,女,未婚,大专,2021/11/7 11:57,1740199237,105.331299
6211118,1977/1/21,男,未婚,博士,2023/2/23 22:43,1740329857,372.3898441
5720113,1989/12/11,男,未婚,中专,2023/1/29 20:22,1740640726,975.7061764
5717115,1989/1/26,男,未婚,本科,2023/4/19 7:28,1741657940,1237.775799
3814115,1977/6/8,男,已婚,博士,2023/4/20 7:49,1742336524,707.6762195
3915117,1994/12/18,男,未婚,中专,2022/1/24 8:07,1742774014,506.863182
6711118,1969/6/22,男,未婚,大专,2020/9/4 3:32,1743553256,133.9956102
4511115,1984/6/20,女,未婚,本科,2021/11/9 15:02,1744321405,4.514835367
5216118,1991/5/3,男,未婚,研究生,2022/7/3 17:55,1744698587,282.7021818
3216115,1982/12/26,女,已婚,研究生,2020/5/3 3:58,1744794878,816.4576125
5420118,1993/9/10,男,已婚,博士,2023/4/17 21:32,1745562210,140.847939
4614120,1970/12/15,女,未婚,大专,2023/2/16 11:28,1747642468,353.7887205
4911114,1994/12/11,女,未婚,博士,2021/5/1 21:40,1749176453,989.7268867
6515118,1970/1/27,女,未婚,大专,2023/1/1 12:59,1749217002,918.2195584
5311111,1973/9/10,女,未婚,研究生,2021/11/28 12:42,1749635729,507.8735928
3811113,1980/4/7,男,已婚,中专,2022/1/12 9:31,1749766069,1187.841484
6620114,1980/2/4,女,未婚,大专,2021/10/2 20:36,1750348875,487.1556824
4316120,1979/3/25,男,已婚,博士,2022/10/12 20:34,1755055930,524.1940054
6312112,1970/11/15,女,未婚,博士,2023/3/3 3:56,1759411469,822.533457
6614116,1987/6/19,女,未婚,大专,2020/5/21 13:35,1760473149,749.8598138
3818116,1989/8/27,女,未婚,大专,2023/5/3 12:57,1761834871,122.8316091
4413116,1980/5/5,女,未婚,研究生,2022/1/22 16:17,1762571978,866.277377
6414111,1991/8/24,男,已婚,本科,2023/5/12 16:59,1763542408,512.9667547
6319114,1993/7/9,男,未婚,本科,2023/1/1 7:44,1763884055,877.829721
4712113,1970/8/26,女,已婚,本科,2020/6/1 3:56,1764456877,198.9313521
6414112,1997/9/12,男,未婚,中专,2020/8/20 19:19,1765480805,487.6118382
4211120,1974/8/28,男,已婚,中专,2021/6/7 6:41,1766198755,128.850162
5216111,1980/6/29,女,已婚,大专,2020/9/7 5:40,1772652075,740.0793079
3616116,1975/4/30,女,已婚,中专,2022/12/21 0:51,1773883370,326.9828005
6113117,1995/1/28,男,已婚,大专,2021/8/24 11:05,1774087731,534.1360708
5917113,1974/11/23,男,已婚,本科,2021/8/18 4:48,1777440213,102.2645291
4320117,1975/2/22,女,未婚,博士,2023/1/24 21:15,1777588949,799.4142704
3817116,1968/6/23,女,未婚,大专,2022/6/13 10:48,1784674287,209.729247
4814114,1979/1/12,女,未婚,本科,2022/2/12 16:11,1785034866,893.8289423
5916120,1985/8/20,男,已婚,本科,2022/3/1 8:37,1785127598,419.5231676
5020116,1974/3/10,女,未婚,中专,2021/10/4 9:27,1788323030,558.6961507
4815112,1974/3/25,男,未婚,大专,2022/6/9 14:34,1788786548,525.5514643
6120114,1985/1/19,女,已婚,本科,2020/2/16 0:20,1789860581,821.3405546
4519113,1987/9/12,女,未婚,博士,2021/3/11 2:29,1790317748,970.684009
4217111,1997/2/9,女,未婚,大专,2020/4/17 6:28,1794174113,144.3976552
5619118,1968/2/24,男,已婚,大专,2020/6/1 15:51,1796630847,114.7154825
3714113,1971/12/25,女,已婚,中专,2022/2/3 10:56,1796844526,767.2355048
6116117,2000/5/16,男,已婚,大专,2023/4/26 19:01,1797779216,55.24587651
4217112,1994/2/2,女,未婚,本科,2020/1/17 19:18,1800314762,519.4869035
3712117,1973/10/15,男,已婚,博士,2023/2/23 22:58,1800492136,530.0447878
3213115,1994/11/1,男,未婚,中专,2023/5/7 13:47,1804849311,286.7204817
4013112,1979/1/8,女,已婚,中专,2021/8/13 15:50,1810651895,889.5627611
6018120,1987/4/7,女,未婚,博士,2021/3/7 17:30,1811037583,608.7227491
6217117,1992/1/9,男,未婚,研究生,2023/1/11 17:09,1813452708,422.7687698
5319120,1999/8/10,男,已婚,研究生,2022/2/7 15:19,1813768996,59.26252677
5316113,1998/7/25,女,已婚,中专,2021/9/28 11:43,1813772213,153.5481996
5013113,1974/10/2,女,已婚,本科,2021/7/18 17:14,1814691816,800.4947685
3911113,1995/5/13,女,已婚,博士,2023/1/31 13:59,1817148083,776.1799677
4114113,1994/3/2,男,未婚,本科,2022/7/26 20:43,1818921028,578.8048271
3317120,1976/8/29,女,已婚,大专,2021/1/28 1:17,1820516686,940.0825648
4020111,1999/7/26,女,已婚,中专,2023/3/17 23:51,1821590299,107.3515249
4619118,1974/11/28,女,已婚,中专,2020/5/29 14:41,1826033031,827.5044038
3920120,1981/1/24,女,已婚,博士,2023/4/18 23:22,1828712247,302.008864
4319113,1981/10/25,女,未婚,研究生,2023/2/12 17:44,1829467735,790.9295296
4713117,1984/12/8,男,已婚,研究生,2022/8/21 11:32,1830984330,909.5385463
4714111,1996/8/25,女,未婚,研究生,2021/8/31 7:53,1831434920,691.3149328
3220115,1984/7/20,女,已婚,本科,2023/2/13 9:27,1835425084,424.4138852
3413114,1988/5/5,男,未婚,中专,2023/1/22 14:09,1836144260,246.8270297
5919113,1987/6/24,女,未婚,博士,2021/8/7 11:42,1836414116,186.5928796
4314115,1994/8/24,男,已婚,本科,2023/4/16 7:36,1837947487,658.3503612
6514120,1972/9/3,男,未婚,中专,2022/3/31 23:18,1838527154,477.6441003
5514120,1989/3/1,女,已婚,博士,2020/8/24 7:48,1840065432,828.7147481
5519113,1979/11/1,女,已婚,大专,2020/7/12 4:24,1841356485,186.6445695
4614115,1971/10/6,男,未婚,研究生,2020/7/1 23:44,1842122533,755.2867613
4917117,1978/11/13,女,已婚,大专,2022/5/30 5:04,1842410613,758.9695392
3919114,1981/10/15,男,已婚,中专,2023/1/14 12:02,1842619000,744.9900143
5517114,1977/5/7,男,未婚,研究生,2020/3/10 14:15,1842979464,357.3822148
3318112,1992/8/1,男,未婚,博士,2021/5/12 8:42,1845874387,802.0223359
3618114,1993/3/13,男,未婚,中专,2021/12/27 4:02,1848299841,604.1633341
5212114,2000/6/11,男,未婚,研究生,2020/12/30 2:14,1849641086,853.2134261
6216120,1982/6/16,男,未婚,博士,2023/2/13 5:45,1850189957,713.9651852
3215115,1975/5/17,女,未婚,中专,2021/8/6 12:45,1852146053,671.7147513
4212112,1987/9/6,女,已婚,中专,2021/3/29 2:03,1852884109,1135.104481
5213113,1971/3/9,男,已婚,大专,2020/3/8 21:19,1854152503,339.9950534
6214115,1990/5/12,女,已婚,博士,2023/1/29 23:56,1856052322,915.9170426
5112111,1997/11/2,男,未婚,博士,2023/4/29 12:20,1857169955,685.90199
6216112,1976/3/9,男,已婚,中专,2022/9/10 10:45,1858273324,769.8600273
4619114,1985/4/3,女,已婚,中专,2020/4/16 12:36,1859041689,375.7160073
5614119,1985/11/3,男,未婚,本科,2022/2/27 4:04,1861095383,455.2054101
5420120,1983/9/23,女,未婚,研究生,2022/7/2 15:57,1861283143,532.3740947
3718116,1977/4/24,女,已婚,大专,2022/12/18 19:48,1863926074,775.812805
5119117,1992/12/3,男,未婚,大专,2023/3/9 18:18,1866850491,547.9600305
4911113,1982/1/15,男,未婚,中专,2020/2/19 12:17,1867664543,737.3863181
4711118,1968/2/12,女,已婚,博士,2020/5/11 6:59,1870471489,297.9444053
6620116,1971/10/12,男,已婚,博士,2022/7/22 0:32,1870481840,646.3826672
3718116,1977/4/24,女,已婚,大专,2022/6/7 17:14,1871245824,656.6804171
5312118,1983/11/26,女,已婚,中专,2020/8/5 2:07,1874780127,939.046457
5216119,1983/10/26,女,已婚,中专,2022/11/15 5:47,1876787030,845.3532535
4015117,1972/7/15,女,未婚,本科,2023/3/6 1:34,1880419528,33.59240964
3612120,1992/4/5,女,未婚,大专,2021/3/13 3:25,1881578537,129.0831471
4916114,1992/7/1,男,已婚,大专,2022/1/25 7:03,1885231205,655.6365348
5412112,1978/9/22,女,已婚,博士,2023/5/16 15:21,1888428000,774.0042217
6216116,1993/3/2,男,已婚,本科,2023/3/13 10:00,1888497351,775.8342279
6117111,1976/5/8,男,未婚,大专,2021/6/29 15:30,1893188418,856.7805786
3711113,1972/10/11,男,已婚,大专,2021/10/23 3:30,1897719020,269.174999
4418115,1988/4/28,男,已婚,大专,2022/6/12 5:05,1901435364,618.1485584
5814115,1986/3/27,男,已婚,大专,2023/5/11 17:47,1904566348,100.4707725
5912118,1997/11/8,女,未婚,中专,2019/12/7 8:41,1904897451,144.5842393
4817115,1989/7/23,女,未婚,研究生,2021/4/21 11:41,1907823677,448.9171154
5811112,1977/4/9,男,未婚,中专,2021/4/10 13:22,1908215778,939.4305206
6116117,2000/5/16,男,已婚,大专,2022/9/8 18:00,1910767800,720.2800162
4420117,1982/11/14,男,已婚,博士,2022/11/19 3:10,1912231557,673.7434178
6318117,1988/8/6,男,已婚,博士,2020/4/28 6:40,1913489005,328.206766
6312117,1993/3/24,男,已婚,博士,2022/7/30 2:41,1914288863,449.0907516
6720114,1977/6/11,女,未婚,研究生,2020/6/26 15:22,1916015477,243.7017122
5217114,1972/7/20,男,未婚,博士,2020/10/23 10:48,1916491715,832.8254496
4817113,1975/12/7,男,已婚,本科,2020/6/29 2:00,1917343557,149.9607584
4618117,1980/9/19,女,已婚,中专,2020/1/12 21:11,1919337401,956.3389682
3516113,1983/2/14,女,已婚,本科,2023/5/9 2:16,1925871279,305.6099722
6513120,1981/12/3,女,未婚,博士,2022/3/11 3:55,1926343011,705.9676897
5219118,1981/6/22,女,未婚,博士,2020/7/25 15:08,1926425364,1037.204165
5217115,1974/3/9,女,已婚,研究生,2020/11/23 11:19,1928091387,815.8877557
3813115,1983/1/3,女,已婚,博士,2021/4/2 13:36,1931756374,288.6255587
6416115,1980/5/25,女,已婚,研究生,2021/6/11 22:47,1931941188,551.0878074
3516112,1995/1/20,男,已婚,本科,2022/6/19 13:07,1931947506,611.1086424
6319114,1993/7/9,男,未婚,本科,2023/3/27 11:17,1933923963,376.378156
6319117,1974/10/29,男,未婚,本科,2021/12/16 3:26,1938376195,574.2891565
3320120,1975/2/7,男,未婚,中专,2021/8/13 8:48,1938698522,977.4417812
4711120,1973/4/14,男,已婚,研究生,2023/3/6 12:12,1939238070,620.9103337
3720116,1985/3/18,女,已婚,本科,2021/12/29 8:07,1941724932,976.9246954
6713118,1997/9/12,男,未婚,博士,2022/1/1 2:50,1942652558,1084.032664
6416112,1974/10/12,女,未婚,博士,2022/4/4 17:12,1945233927,297.5944703
4916114,1992/7/1,男,已婚,大专,2022/7/23 16:01,1948143390,1093.62381
6313117,1994/12/23,男,已婚,博士,2023/1/31 14:12,1948894976,326.8018935
3914111,1977/7/23,男,未婚,中专,2020/3/26 15:36,1951688338,544.5180483
5919116,1988/6/19,女,已婚,研究生,2023/2/27 11:10,1951977267,339.8689899
5520115,1996/12/10,女,已婚,博士,2022/12/31 14:57,1955761801,663.1257357
6719117,1972/3/25,女,已婚,博士,2022/8/24 13:08,1956086032,968.8291699
6719111,1973/11/7,女,已婚,本科,2022/2/17 21:05,1956534906,326.0289128
5813114,1996/5/15,女,已婚,本科,2021/6/28 0:53,1956845694,733.7608402
4313111,1998/6/19,男,已婚,大专,2020/9/12 13:18,1957835583,875.6418967
5416112,1986/10/4,男,未婚,本科,2022/12/19 9:49,1959252295,203.1666198
5216116,1971/2/26,男,已婚,本科,2023/2/25 2:13,1960162953,1042.077913
3818111,1968/7/2,女,未婚,研究生,2021/3/7 18:55,1961078857,497.8352327
5016112,1998/11/28,女,未婚,中专,2020/11/2 19:09,1962455343,844.2107527
4519114,1972/4/28,女,未婚,中专,2022/12/20 4:04,1969092523,214.0258342
3817120,1978/1/17,女,未婚,大专,2021/9/8 2:34,1970035741,861.3477604
6519111,1979/10/9,男,未婚,本科,2020/3/5 17:14,1976474884,1037.156341
5912114,1982/2/4,男,未婚,博士,2020/2/20 20:08,1979348407,613.4153049
5416120,1975/5/21,女,已婚,大专,2020/3/17 1:07,1981896914,172.1903725
4812117,1992/8/22,女,已婚,大专,2021/1/26 12:31,1983492580,602.3617917
4717119,1986/2/20,男,未婚,研究生,2022/1/20 5:06,1986426585,366.8649558
4316120,1979/3/25,男,已婚,博士,2022/8/21 10:23,1988436487,142.2097559
4118118,1975/6/20,女,未婚,研究生,2020/6/21 2:01,1990372798,171.0151855
4618119,1983/6/26,女,已婚,大专,2022/8/21 2:36,1992182822,312.9223556
3411115,1969/9/28,女,未婚,本科,2022/3/14 4:20,1994919483,382.0864661
6412117,1998/11/18,男,未婚,本科,2021/1/6 17:54,1997183830,814.2150057
6517119,1980/1/3,女,未婚,本科,2023/1/7 17:45,1998873093,412.7485188
5817115,1979/8/6,男,已婚,本科,2022/4/20 17:12,2001650196,222.8493788
4220114,1983/5/29,男,未婚,博士,2023/2/3 4:26,2002862413,816.0068148
5912118,1997/11/8,女,未婚,中专,2023/4/30 12:35,2005884868,1150.646541
6511117,1990/6/20,男,未婚,大专,2023/1/29 13:37,2007264102,233.7322008
6117112,1984/9/30,男,已婚,中专,2020/12/28 9:26,2007737766,450.3240152
5913119,1986/10/24,女,未婚,中专,2023/1/27 2:55,2015233735,367.5738189
5514115,1990/1/12,女,未婚,本科,2020/8/11 3:09,2015857882,444.9582506
4115119,1993/9/11,男,未婚,研究生,2021/10/8 11:37,2017627970,276.4151335
5018113,1996/2/21,女,未婚,本科,2022/9/6 6:14,2020469450,496.865337
4615115,1976/1/8,女,未婚,大专,2022/7/13 5:21,2020690401,555.0328519
4316114,1973/8/31,女,未婚,中专,2020/5/17 2:16,2021293485,922.3630768
4911111,1969/10/9,男,未婚,大专,2021/5/13 0:01,2024148834,454.0309715
5520115,1996/12/10,女,已婚,博士,2020/8/19 21:20,2028416368,636.9846592
6616111,1968/8/29,男,已婚,大专,2022/6/22 9:50,2029980349,541.6633361
6711119,1971/8/15,女,已婚,研究生,2023/4/30 6:58,2031587755,871.3403759
5114118,1995/2/25,男,已婚,博士,2021/4/4 7:52,2031995339,1066.927178
5113118,1983/2/8,男,未婚,中专,2021/2/14 23:19,2034055971,420.2891134
4013112,1979/1/8,女,已婚,中专,2021/11/6 7:57,2035587450,453.8817128
5418119,1986/7/28,女,已婚,中专,2023/3/28 12:27,2037028836,240.6555485
4817111,1972/7/11,女,已婚,中专,2022/6/25 17:04,2037387907,973.3490682
6419119,1980/5/21,男,未婚,本科,2020/2/9 21:44,2038641504,1245.528618
3617118,1976/7/18,男,未婚,博士,2021/6/16 20:09,2040457556,911.7451125
6519114,1982/8/31,女,已婚,本科,2022/12/29 18:43,2041550190,268.5433869
3519111,1984/2/16,女,未婚,研究生,2021/5/13 5:09,2041849442,687.3211289
4911113,1982/1/15,男,未婚,中专,2022/4/17 21:29,2042085095,424.5147692
4218115,1972/5/17,男,未婚,中专,2021/3/16 7:51,2042296721,286.6759603
5216111,1980/6/29,女,已婚,大专,2021/7/8 13:57,2043787391,221.9113916
3819116,1985/9/14,女,未婚,研究生,2020/1/3 8:18,2044869675,1039.662623
4415118,1988/6/16,女,已婚,本科,2020/10/24 8:14,2045477148,689.7005725
3716118,1989/1/10,女,未婚,研究生,2020/12/9 17:20,2047742013,330.3631318
5620118,1994/1/19,女,已婚,大专,2019/12/18 19:06,2049811570,669.1689796
3419118,1980/8/30,男,未婚,博士,2020/1/1 23:19,2052697354,1184.435226
5913113,1978/2/14,男,未婚,研究生,2022/5/23 21:45,2053385895,111.8763685
6118111,1977/12/30,女,未婚,本科,2023/3/24 16:24,2053775984,665.6258233
3511120,1991/12/9,女,已婚,本科,2022/6/2 17:01,2060845383,607.1268102
6514115,1985/9/1,女,已婚,本科,2022/10/6 16:51,2061554689,923.8867842
5318118,1986/3/17,男,未婚,研究生,2022/11/11 8:44,2062475641,781.5538532
6314113,1987/6/1,男,未婚,研究生,2023/2/2 8:27,2063134117,940.3343096
4113115,1986/5/23,男,已婚,本科,2021/11/24 16:12,2064845398,413.2013289
4614116,1969/6/5,男,未婚,本科,2023/1/9 4:04,2065253105,666.5909417
4417120,1996/5/6,男,未婚,本科,2022/11/18 9:02,2066164794,254.199503
5615113,1989/7/31,女,未婚,博士,2023/1/12 6:12,2070476076,1176.130734
4918119,1969/12/2,男,未婚,本科,2021/10/4 4:02,2073120198,929.0540655
6112111,2000/5/1,女,已婚,研究生,2023/6/1 9:54,2074383564,539.2744918
3615119,1973/11/22,男,未婚,大专,2021/1/6 16:58,2080514582,525.922115
3318115,1999/11/4,男,已婚,大专,2022/11/16 23:28,2082071948,617.6573616
5512111,1978/3/20,女,已婚,博士,2022/12/19 21:59,2082927938,244.8133484
4920120,1994/5/7,男,已婚,本科,2021/10/12 19:29,2084729900,52.30543422
6512115,1983/3/31,男,未婚,中专,2022/12/11 8:48,2084839136,646.6637027
4015116,1995/8/12,女,已婚,本科,2023/4/30 12:54,2085785727,912.5728886
5120120,1990/5/24,女,未婚,本科,2022/7/2 17:54,2087048969,824.3051725
4918119,1969/12/2,男,未婚,本科,2020/1/25 7:07,2087351472,888.186203
4212115,1989/11/25,男,未婚,本科,2022/10/14 3:16,2089439367,506.6040349
3513113,1980/3/6,男,已婚,本科,2022/12/4 7:04,2090116691,666.3362702
6118119,1994/10/6,男,已婚,研究生,2022/9/12 1:33,2090137953,44.95937206
4319111,1976/6/4,男,已婚,中专,2023/2/5 11:21,2090299665,312.7961673
6216114,1984/6/7,男,未婚,中专,2020/4/10 12:56,2091691906,340.3842126
5416114,1981/6/11,男,已婚,大专,2020/10/14 10:29,2093897834,646.2539859
5712112,1979/5/17,女,已婚,大专,2023/1/15 20:33,2097886993,549.8801306
5915115,1984/11/5,女,未婚,中专,2023/5/14 0:11,2097932571,927.2533847
6713118,1997/9/12,男,未婚,博士,2022/7/18 6:15,2101240818,1077.09327
5918112,1975/8/15,女,未婚,大专,2021/12/10 16:03,2110424014,1222.186608
6615114,1986/2/9,男,未婚,研究生,2020/5/3 14:04,2112424533,414.250768
5611115,1993/7/29,女,未婚,中专,2020/10/6 17:03,2115319013,1096.116768
3817119,1981/12/10,女,已婚,中专,2020/6/10 16:46,2116459393,315.3543019
3613114,2000/4/4,男,未婚,大专,2021/4/14 13:24,2117125024,416.8760497
5516112,1995/7/14,男,未婚,本科,2022/12/2 7:26,2123057652,753.9193075
6712112,1971/8/30,男,已婚,本科,2020/7/8 16:05,2123139069,537.1503465
5814117,1983/7/14,男,未婚,研究生,2020/2/14 13:25,2125247972,279.4219861
6018120,1987/4/7,女,未婚,博士,2022/4/18 4:12,2129950243,155.2212314
4012112,1986/2/6,女,已婚,大专,2023/5/23 10:19,2130833631,763.3597784
5916117,2000/10/2,男,已婚,本科,2021/1/5 10:18,2131535218,238.0140445
4914111,1995/7/3,女,已婚,本科,2021/3/22 19:56,2133093395,555.3056233
6216117,1976/7/20,男,未婚,本科,2023/1/16 15:21,2133877391,285.4926709
5515115,1993/11/5,男,未婚,本科,2023/3/16 9:17,2136313626,321.0252141
5217120,1978/4/8,女,未婚,博士,2023/1/23 15:18,2137159884,856.9893536
5316113,1998/7/25,女,已婚,中专,2021/9/12 13:32,2137297812,611.9483391
3615112,1971/8/12,女,未婚,中专,2021/12/30 23:02,2137825898,286.8058985
6613115,1979/10/16,男,已婚,本科,2020/11/25 1:05,2138931507,403.5840758
6116115,1977/8/27,女,已婚,中专,2022/6/3 9:44,2138985503,226.3530615
5518119,1991/4/29,男,已婚,博士,2021/2/6 20:11,2140177180,922.8764458
3214114,1977/4/22,女,未婚,中专,2021/10/25 23:25,2145027219,755.8630322
5917116,1990/7/27,男,已婚,研究生,2021/12/23 2:33,2145283974,1130.629404
6320117,1995/3/6,女,已婚,本科,2019/12/31 18:53,2145579096,686.24696
4815112,1974/3/25,男,未婚,大专,2020/6/8 17:32,2147389741,79.10777204
5018115,1986/9/18,女,已婚,研究生,2022/9/20 7:05,2147678513,303.8201967
4812113,1983/1/12,女,已婚,博士,2022/4/29 23:03,2148916465,686.5341773
5512114,1977/8/23,男,已婚,大专,2022/7/28 18:12,2149168947,222.4045173
4414118,1981/1/16,女,已婚,大专,2021/11/23 2:08,2149479347,997.6857779
3914117,1997/7/4,男,已婚,本科,2023/3/6 4:42,2149781640,724.7496719
6020116,1981/5/21,男,未婚,博士,2021/9/15 3:11,2152053775,758.4509548
3316113,1973/6/15,女,已婚,研究生,2020/5/8 8:24,2152290833,502.4595784
4215118,1972/7/21,男,已婚,大专,2020/8/30 9:11,2154581215,457.537459
5114120,1983/11/10,男,未婚,博士,2020/12/29 19:23,2157169548,88.33579813
5019117,1995/4/1,男,已婚,大专,2020/11/1 7:03,2158085171,71.36260932
4520115,1967/12/28,女,已婚,大专,2020/12/22 6:34,2158160511,847.8976119
3917120,1970/1/29,女,未婚,研究生,2021/7/18 16:07,2161134351,716.7096241
4011115,1998/12/4,女,已婚,研究生,2020/9/5 22:56,2163719832,120.0690557
4518120,1990/9/27,男,未婚,本科,2022/10/20 14:58,2168265579,251.0068123
3413120,1971/6/14,男,未婚,本科,2021/3/10 21:19,2170884234,387.4610844
4216118,1988/9/20,女,已婚,博士,2021/1/15 12:18,2171754804,193.6900696
4216117,1973/5/10,女,未婚,大专,2023/3/29 10:13,2176675464,864.7300181
5220114,1976/12/29,女,未婚,大专,2023/4/3 22:07,2178366484,931.4758064
5715116,1985/6/24,男,未婚,博士,2020/8/18 7:04,2181193699,657.9611158
5214118,1973/4/25,女,已婚,研究生,2021/1/24 13:00,2183216719,323.5183657
4715111,1970/6/12,女,已婚,本科,2022/12/18 6:22,2185183764,509.1493724
6513120,1981/12/3,女,未婚,博士,2021/6/16 7:30,2188495596,915.4548426
5214112,1993/10/31,女,已婚,中专,2022/10/20 15:15,2191540206,581.8461605
4314116,1987/1/29,女,未婚,大专,2020/11/19 21:37,2192736719,1022.940847
4419120,1984/10/23,女,未婚,博士,2020/9/11 10:56,2194154777,181.5205091
4312111,2000/9/9,女,已婚,大专,2021/2/8 1:15,2194587813,447.3383674
5013118,1981/10/7,女,已婚,大专,2023/3/19 1:15,2194866337,295.3395466
6715112,1978/5/28,女,未婚,研究生,2022/12/30 19:49,2198072822,142.6449369
4217115,1992/2/13,男,未婚,本科,2022/12/16 22:05,2198618609,705.5281097
4011114,1970/8/28,女,已婚,中专,2023/2/2 17:37,2198858987,1156.825035
5515118,1993/3/26,女,已婚,研究生,2022/8/19 16:50,2199225458,648.7380323
4716120,1970/6/9,女,已婚,研究生,2023/3/13 5:43,2200455654,110.2027357
3312117,1994/8/13,女,已婚,中专,2022/11/7 6:53,2200860351,600.7562961
5317116,1989/11/25,男,已婚,大专,2022/6/18 7:42,2202941086,778.9101938
3512117,1995/6/16,女,未婚,本科,2023/3/6 23:35,2206816574,9.091224308
5618114,1978/4/24,女,已婚,本科,2021/2/20 11:41,2208516245,279.1417247
4415117,1985/8/7,女,已婚,大专,2022/11/29 10:13,2210258652,193.5154131
4516116,1990/11/1,女,已婚,中专,2019/12/23 13:56,2211658663,683.2203712
4811118,1983/4/19,男,未婚,中专,2022/11/6 7:40,2212355473,650.6373341
4815111,1982/9/20,男,已婚,本科,2023/3/22 1:40,2213268758,322.8450072
4714118,1983/6/23,女,未婚,中专,2022/6/24 18:36,2217427528,183.5399266
4612119,1978/6/15,男,未婚,中专,2023/4/12 5:49,2218396830,469.4655558
4420119,1987/7/19,女,未婚,研究生,2022/7/2 9:49,2219534477,706.5362713
5712118,1978/11/28,男,已婚,中专,2023/2/17 15:52,2219956850,654.0352993
6220113,1998/6/24,男,已婚,博士,2022/7/28 5:15,2222650297,388.6971461
5017111,1989/5/14,女,已婚,研究生,2022/12/25 21:10,2223931623,1184.807869
4015111,1986/11/25,女,已婚,博士,2021/2/25 6:49,2225095928,128.9819534
4315119,1982/5/19,女,已婚,大专,2021/9/12 8:14,2226090520,441.6666712
5719113,1977/8/7,男,已婚,中专,2019/12/7 4:30,2226162990,479.5050024
5311113,1982/8/6,女,未婚,大专,2021/5/18 0:16,2226313738,350.8948512
3611119,1992/6/5,女,未婚,研究生,2021/4/2 21:39,2227528428,170.9401816
3619112,1983/8/29,女,未婚,中专,2021/1/26 18:43,2228149929,821.2851261
5811113,1995/3/7,女,已婚,中专,2021/7/28 6:49,2228859300,557.1586381
3914112,1992/7/22,男,已婚,研究生,2020/11/12 19:50,2229679348,177.0583639
4118111,1990/10/25,女,已婚,博士,2022/10/31 10:50,2230669979,133.1643784
5319116,1997/12/27,女,已婚,中专,2020/7/23 0:26,2232088331,916.6056573
5916112,1988/2/4,男,已婚,博士,2020/5/17 20:48,2232719552,642.585132
4514117,1997/11/1,女,已婚,本科,2022/6/24 21:43,2232854567,270.8937152
5416118,1988/5/30,女,已婚,研究生,2023/5/3 14:28,2233822133,387.6199531
5011115,1993/6/27,女,已婚,大专,2022/7/18 22:40,2234238699,1311.236335
6017119,1990/11/10,女,已婚,大专,2021/11/9 23:04,2234651739,419.2834466
5418114,1991/3/31,女,未婚,研究生,2022/3/21 15:05,2236732503,803.2480245
6117118,1991/9/7,女,未婚,中专,2022/12/22 5:07,2237846540,1122.241683
6111112,1978/7/26,男,未婚,大专,2022/3/8 21:20,2240047668,671.5014482
6519120,1987/9/8,男,已婚,博士,2023/4/16 2:08,2242244144,896.7986649
5617117,1980/3/25,女,已婚,大专,2020/4/25 6:59,2243148161,448.469914
5816113,1980/3/31,男,已婚,本科,2021/8/2 7:21,2247715820,190.0815845
4717112,1978/9/2,男,未婚,本科,2021/5/16 18:29,2248040935,456.6183369
6313114,1995/6/14,女,已婚,研究生,2020/9/3 13:22,2252266001,896.7832691
4418114,1999/10/8,男,已婚,研究生,2021/6/26 21:21,2253921165,498.0803287
5316118,1992/10/19,男,已婚,研究生,2023/5/7 17:23,2253965900,366.4600908
6114118,1983/9/2,女,未婚,中专,2021/5/1 19:43,2255477063,512.7280352
4916115,1984/4/23,女,已婚,中专,2020/6/6 19:26,2256135344,515.7831538
5718112,1987/3/27,女,已婚,研究生,2023/4/19 14:49,2256883260,893.9957367
6212117,1975/10/8,男,未婚,博士,2023/1/14 13:37,2258263702,202.7247933
3718118,1991/5/4,女,未婚,博士,2022/8/27 14:42,2259355397,337.9664213
5714114,1991/11/18,女,未婚,本科,2023/4/29 11:26,2265832524,199.400634
3620120,1980/11/19,女,已婚,本科,2021/9/9 5:46,2265843907,213.8870292
4011114,1970/8/28,女,已婚,中专,2021/12/11 6:37,2266378104,270.8548439
5816120,1974/3/22,男,已婚,本科,2021/5/25 2:44,2268290426,345.3518755
3420117,1997/9/19,女,已婚,中专,2020/3/15 0:24,2269432666,605.8314498
3412120,1991/8/24,女,未婚,中专,2022/3/10 20:35,2271696317,271.1965072
3620117,1985/3/10,女,未婚,中专,2020/1/11 4:51,2273540800,533.4285366
5314116,2000/9/11,男,未婚,本科,2023/4/15 6:10,2274162301,399.6406269
4619118,1974/11/28,女,已婚,中专,2021/11/29 19:17,2278460935,572.4862872
3716111,1999/1/31,男,未婚,本科,2019/12/6 18:01,2279726407,1070.554721
3311115,1998/2/2,男,已婚,博士,2021/2/7 21:38,2280653947,484.3247036
4412113,1973/9/17,女,未婚,博士,2022/7/22 14:30,2281261847,851.4749487
6714120,1985/2/20,男,未婚,大专,2022/3/6 4:46,2281511098,424.9515786
6517118,1999/11/24,女,未婚,大专,2022/8/24 8:10,2282648138,232.8239774
4418120,1975/6/17,男,已婚,本科,2021/6/26 13:15,2284176292,901.6990129
4218118,1988/1/30,女,已婚,大专,2021/6/22 5:39,2285282126,335.3506608
6513118,1985/10/31,男,未婚,博士,2021/5/9 13:34,2287781332,354.5587998
3915118,1975/10/28,男,已婚,研究生,2020/9/17 20:19,2295358414,599.0266334
3217117,1971/11/12,女,已婚,中专,2022/1/8 0:41,2301877916,579.6563639
4915116,1989/9/4,男,已婚,大专,2020/1/31 10:34,2302853827,818.7911244
3712116,1988/10/30,男,已婚,本科,2022/1/15 10:28,2303068294,886.1213624
6418120,1991/3/2,女,未婚,中专,2020/7/16 7:54,2304196158,862.0339482
5720119,1990/6/22,女,未婚,中专,2021/2/17 8:11,2304473021,898.0992579
6716119,1977/9/9,女,已婚,中专,2020/9/5 6:35,2304588944,876.0503884
3818116,1989/8/27,女,未婚,大专,2023/4/6 15:40,2306589972,507.2669236
4512114,1969/9/6,男,已婚,大专,2021/7/29 0:59,2307856039,333.9969637
6315115,1970/12/15,女,已婚,大专,2021/3/4 7:41,2309715362,513.9461069
5720117,1993/3/3,女,未婚,研究生,2020/5/11 22:10,2311987996,646.2941548
5820116,1978/12/27,男,已婚,大专,2021/4/6 14:22,2316243850,342.962098
6311115,1981/9/18,男,未婚,研究生,2020/10/18 20:59,2317263357,627.9850565
4117119,1970/1/10,男,未婚,研究生,2021/5/25 5:46,2319494985,748.6050804
5417112,1991/6/29,女,未婚,中专,2022/4/10 19:47,2320920976,251.5685796
6620113,1972/8/18,男,已婚,本科,2021/1/17 22:45,2320935442,629.2371325
5812117,1978/2/22,男,未婚,大专,2022/8/24 10:26,2321229559,1049.923973
5220116,1999/1/18,女,已婚,研究生,2021/7/27 21:14,2322215753,217.1726646
6312117,1993/3/24,男,已婚,博士,2020/2/8 18:14,2323250860,270.1347344
4517115,1989/4/21,男,未婚,中专,2021/3/8 0:42,2324623654,535.5239044
4715114,1983/4/14,男,已婚,中专,2021/10/4 7:36,2324878489,654.8068429
4917118,1987/8/6,女,未婚,研究生,2021/6/21 11:50,2325470112,756.88706
5219114,1988/12/30,男,未婚,博士,2023/5/8 19:46,2327498175,398.9982138
6216112,1976/3/9,男,已婚,中专,2020/3/26 0:55,2331159695,703.7520324
3916112,1968/1/12,女,已婚,研究生,2021/11/13 6:24,2332968824,944.8654758
5317116,1989/11/25,男,已婚,大专,2023/4/2 4:20,2334023606,918.304996
5311120,1972/4/15,女,已婚,博士,2021/5/18 22:45,2337121546,694.9565006
5511112,1990/7/11,男,未婚,研究生,2021/1/11 19:02,2339316395,506.4369013
4516119,1984/4/14,女,未婚,本科,2020/2/11 22:36,2341133099,845.3541778
3814120,1988/12/17,女,未婚,研究生,2020/12/19 5:24,2342741633,861.7978615
5020120,1992/1/10,女,未婚,中专,2022/4/19 17:23,2343588251,502.0950427
6318115,1984/6/23,男,已婚,大专,2022/8/4 9:03,2344119820,921.8093887
3511115,1990/2/28,女,未婚,本科,2023/2/10 1:57,2344273328,75.37973175
5111114,1979/2/14,男,未婚,大专,2022/9/12 18:22,2344668734,1078.398259
5211118,1999/5/14,男,未婚,中专,2020/8/8 19:46,2346036531,352.2453142
4715117,1991/6/9,女,已婚,本科,2020/11/20 7:27,2346466735,860.2298086
6516113,1991/4/19,女,已婚,大专,2020/6/15 19:38,2347124939,197.8243483
5118120,1970/11/8,女,已婚,本科,2022/4/27 17:49,2351668548,321.5359711
5117114,1994/4/19,女,已婚,博士,2021/1/31 14:45,2351917769,351.9780776
5211116,1982/12/12,男,已婚,本科,2020/6/19 0:09,2352219514,256.4785897
3417120,1982/12/24,男,未婚,研究生,2022/10/17 7:07,2353235127,434.9039985
3917120,1970/1/29,女,未婚,研究生,2020/12/11 22:34,2354294402,338.9411952
6114111,1994/12/21,男,未婚,研究生,2020/5/11 17:14,2358391590,1015.369372
4314118,1986/3/19,男,已婚,中专,2022/7/10 1:23,2358619280,947.2125345
3316113,1973/6/15,女,已婚,研究生,2022/11/28 4:21,2360298618,465.0844443
4214120,1992/10/18,男,已婚,研究生,2020/3/10 21:20,2365017527,126.3122637
4220115,1987/7/11,男,已婚,研究生,2019/12/24 22:27,2365555776,320.9423801
5517117,1987/11/12,女,已婚,博士,2022/7/17 17:13,2369022026,830.1405982
5219119,1969/1/13,女,已婚,研究生,2023/1/26 9:28,2371744464,723.6796669
5911119,1994/10/18,女,未婚,本科,2020/6/15 17:50,2374994833,723.7474463
5017113,1980/2/12,女,已婚,中专,2020/5/17 16:25,2375049104,815.8088765
6517118,1999/11/24,女,未婚,大专,2023/4/3 14:21,2377141213,740.9358775
3614112,1969/8/8,女,未婚,研究生,2022/7/17 18:36,2378584797,1081.073077
3617118,1976/7/18,男,未婚,博士,2020/3/8 9:04,2382086884,626.1354621
5820120,1972/3/26,男,未婚,博士,2020/8/6 12:30,2382766147,522.5482467
4919116,1992/12/22,女,未婚,博士,2023/4/28 3:37,2383793396,665.1762074
4015118,1981/11/19,女,未婚,大专,2022/11/19 0:30,2384483544,664.1097442
6516113,1991/4/19,女,已婚,大专,2023/3/20 18:46,2386768282,81.00630944
6620113,1972/8/18,男,已婚,本科,2020/3/15 10:48,2388781034,650.6207938
4119115,1987/1/18,女,已婚,大专,2022/6/25 1:43,2391688552,1053.940902
6215117,1996/4/13,女,未婚,本科,2020/4/19 1:14,2393016551,479.5488075
6518118,1985/8/11,女,已婚,博士,2023/3/8 12:42,2398537161,403.536029
6712117,1998/3/30,女,已婚,大专,2020/1/15 11:13,2400168567,1089.756873
4014112,1978/6/27,男,未婚,本科,2022/8/12 15:48,2401086907,307.4505929
5816115,1984/11/1,男,未婚,中专,2021/8/24 1:45,2402437440,1259.287907
3918120,2000/5/16,女,已婚,中专,2021/12/18 16:12,2404547301,401.2589411
4516111,1974/12/4,女,已婚,研究生,2020/1/21 1:43,2405834471,656.8975038
4216115,1980/6/26,男,未婚,本科,2023/5/6 12:19,2410448157,133.7261152
4111118,1983/9/21,男,未婚,中专,2020/11/8 0:57,2411827985,638.2627412
5614119,1985/11/3,男,未婚,本科,2022/11/17 3:30,2413362799,792.022149
5820115,1971/9/16,女,已婚,博士,2020/12/2 15:36,2414730829,1026.739127
4614111,1979/2/3,女,已婚,本科,2020/10/23 0:58,2418556519,669.5545194
5519116,1996/6/20,男,已婚,本科,2023/1/29 10:32,2422659036,619.4876296
4120113,1994/5/25,女,未婚,本科,2021/6/4 14:49,2423329722,338.5611005
3812120,1968/6/14,女,未婚,博士,2023/1/24 3:27,2425999969,548.6321262
5214114,1986/1/28,女,已婚,大专,2023/4/10 5:58,2426720324,843.3673414
3313119,1986/5/31,男,已婚,本科,2020/6/4 12:42,2426859935,94.08030958
5018118,1991/4/24,男,未婚,大专,2022/5/17 23:40,2427991542,694.2866262
6316114,1968/6/21,女,已婚,大专,2023/4/30 3:12,2428497010,363.0315301
6216117,1976/7/20,男,未婚,本科,2021/12/27 23:48,2428855254,940.7720204
4412114,1970/8/14,女,已婚,研究生,2020/5/13 23:43,2432912716,932.0898799
4113113,1999/1/12,女,已婚,博士,2022/11/2 7:35,2432925703,602.9849707
5620112,1991/4/18,男,已婚,博士,2020/6/10 15:47,2432984554,975.2132937
5613119,1995/3/30,女,已婚,大专,2022/5/28 23:32,2433224519,791.6680627
5317114,1990/4/3,男,已婚,本科,2021/6/18 19:29,2434438660,1239.008085
5913120,1976/8/16,女,未婚,大专,2020/5/7 17:59,2434589456,444.1916462
5116119,1981/7/31,男,未婚,本科,2023/2/12 17:57,2434995470,789.3812475
5915119,1980/10/15,女,已婚,研究生,2023/3/19 2:37,2436671983,288.3901451
3313115,1998/8/29,女,已婚,中专,2022/10/17 13:04,2438759289,533.8764636
3615118,1977/12/6,男,未婚,中专,2020/11/11 7:23,2441079783,615.8657496
6118113,1999/10/29,女,未婚,博士,2021/3/1 17:10,2441133919,776.7084862
4213120,1992/7/14,女,已婚,中专,2021/11/10 2:23,2441793537,686.1528141
5116114,1994/9/27,女,未婚,大专,2022/9/13 11:42,2444698655,647.1693367
3812118,1969/12/3,男,未婚,本科,2021/2/5 10:12,2447392419,48.36003705
3218117,1987/8/9,男,已婚,大专,2020/1/9 9:03,2449188710,247.0104012
5720119,1990/6/22,女,未婚,中专,2023/2/12 22:54,2450110599,941.8051477
5013111,1982/7/21,女,未婚,博士,2022/10/4 19:40,2451295359,803.4928417
5518113,1991/7/21,男,未婚,中专,2021/2/22 17:06,2452784378,628.7858077
5919112,1999/1/20,女,未婚,本科,2023/2/4 13:31,2458582686,578.2363265
5113113,1980/4/2,女,已婚,研究生,2020/1/23 10:25,2458951472,658.3379195
3619118,1987/8/14,男,已婚,本科,2022/8/8 18:10,2464872013,751.3350202
4520112,1988/6/22,男,未婚,中专,2020/6/15 1:34,2466841334,367.0591957
5317114,1990/4/3,男,已婚,本科,2022/8/31 21:58,2468699279,1017.526113
4213117,1981/4/13,女,未婚,中专,2023/2/15 22:22,2471820649,405.6034191
4917117,1978/11/13,女,已婚,大专,2023/2/22 8:07,2472371013,672.4642853
6420113,1968/9/4,女,未婚,本科,2021/2/20 23:37,2473592674,376.5987676
4417112,1984/4/22,女,未婚,中专,2021/3/9 14:46,2475292015,465.2938035
5720114,1982/1/18,男,未婚,中专,2021/4/13 22:10,2479157792,287.3775788
3316111,1975/1/27,女,未婚,中专,2022/2/9 18:34,2480479966,752.1519147
3918115,1977/7/12,女,已婚,博士,2022/11/1 20:46,2482693353,365.2212356
6520114,1993/3/23,女,已婚,本科,2020/3/25 8:28,2483124935,301.5248396
6016117,1975/12/9,男,已婚,博士,2023/5/15 16:15,2487238647,164.4289802
5320119,1992/1/16,女,未婚,研究生,2020/11/25 5:45,2487263261,168.6668873
3715112,1969/11/5,女,已婚,研究生,2022/4/16 12:33,2487735213,548.6888376
4916112,1994/12/2,男,已婚,博士,2022/4/30 10:43,2488914672,466.6889251
4820111,1987/9/18,男,已婚,中专,2022/9/15 15:34,2489244178,811.1159797
6320118,1977/12/1,男,已婚,中专,2022/4/12 13:21,2489672263,387.5714617
5114113,1979/11/16,女,未婚,研究生,2023/1/10 17:52,2490637682,420.6507655
3219112,1969/7/8,男,未婚,本科,2023/5/21 22:34,2490811724,870.558532
6413119,1995/9/28,男,已婚,博士,2023/5/18 12:50,2492852663,970.6581429
5716112,1974/9/3,男,已婚,研究生,2020/11/8 9:39,2493148936,386.3173314
5417116,1998/7/18,女,未婚,本科,2022/7/13 21:12,2493233368,835.911939
3718119,1993/3/3,男,已婚,博士,2022/12/15 9:28,2495660726,1276.536543
3919115,1980/10/6,女,未婚,本科,2022/12/25 10:17,2496534108,588.821281
3711115,1995/10/19,男,已婚,博士,2021/8/15 18:14,2498192384,315.8395201
4612120,1972/3/26,男,已婚,研究生,2022/6/18 21:21,2500878359,113.1549716
5913119,1986/10/24,女,未婚,中专,2021/3/29 18:03,2504664598,873.8685472
6116117,2000/5/16,男,已婚,大专,2020/5/23 12:42,2507445927,949.6602967
3715119,1980/10/12,女,未婚,博士,2020/5/9 22:51,2507982314,346.2000996
4420115,1984/7/25,男,未婚,中专,2023/3/6 7:15,2509883512,593.6000224
5911114,1992/2/7,女,未婚,中专,2022/12/3 4:30,2509990002,969.6921549
5214114,1986/1/28,女,已婚,大专,2021/10/2 14:53,2512698819,707.8966927
6612111,1997/1/25,男,已婚,大专,2023/2/10 17:02,2513063788,133.1035734
6713119,1996/8/16,男,未婚,本科,2023/5/18 19:22,2513447775,840.0784792
5111117,1984/5/10,男,已婚,博士,2021/5/3 20:52,2514292028,1001.186087
4412112,1972/8/26,男,未婚,中专,2021/11/9 12:01,2516410367,628.2223726
6314114,1992/1/10,男,已婚,本科,2021/3/17 1:13,2518112626,404.4563265
5912112,1986/10/27,女,未婚,研究生,2020/10/13 23:23,2518362306,495.7934213
6719117,1972/3/25,女,已婚,博士,2020/7/15 10:26,2522320783,113.6710233
4311116,1983/12/17,男,未婚,中专,2022/2/28 6:26,2522480725,990.735532
5417119,1976/11/20,女,已婚,研究生,2019/12/28 19:33,2523473603,506.2823644
5215117,1971/12/25,男,已婚,大专,2021/2/16 9:48,2523969808,386.4001155
6517111,1983/12/12,男,已婚,研究生,2022/11/16 11:15,2529911554,728.3755036
4214119,1983/9/8,男,未婚,研究生,2021/6/11 6:57,2529983986,194.9443494
4220115,1987/7/11,男,已婚,研究生,2021/7/3 15:12,2531040939,431.171382
4819120,1980/5/5,女,已婚,大专,2022/2/15 8:00,2531149794,515.7430636
4014118,2000/7/14,女,未婚,研究生,2020/4/25 23:29,2532425101,1021.59349
6117119,1968/9/26,女,未婚,研究生,2021/7/22 13:46,2533134007,849.6381089
4911112,1968/12/5,男,已婚,大专,2022/2/8 5:42,2538345340,370.665726
4518120,1990/9/27,男,未婚,本科,2021/12/6 22:44,2541684656,630.5800683
4011111,1994/12/30,女,未婚,本科,2023/1/26 5:26,2541868113,526.6555471
4214113,1982/5/21,男,已婚,大专,2020/3/28 8:46,2542999519,297.2990875
5414115,1971/5/22,女,未婚,大专,2021/3/6 23:41,2545028784,489.6690535
5020111,1980/6/15,女,已婚,本科,2022/6/4 2:57,2552885861,852.9210472
4018119,1993/9/12,男,未婚,大专,2020/9/10 22:46,2553459549,684.5821262
6714118,1988/1/25,女,已婚,本科,2021/4/30 14:36,2555916800,942.7122521
6718116,1982/8/2,男,已婚,研究生,2019/12/26 16:45,2556066098,528.0323205
5920120,1997/11/9,女,未婚,大专,2022/10/1 9:58,2557537828,615.6656719
3218120,1970/7/20,女,未婚,博士,2023/1/24 17:20,2561591949,559.8710849
3812111,1984/8/3,男,已婚,博士,2021/11/12 14:38,2567152957,505.211036
4420114,1988/1/24,女,未婚,大专,2020/8/23 3:37,2568644330,837.8130206
5413114,1998/10/22,男,未婚,研究生,2020/12/3 15:44,2569320747,681.9803753
6312119,1999/5/20,女,未婚,本科,2023/1/31 5:09,2569960478,406.5570895
3518115,1997/5/21,男,已婚,博士,2020/9/28 9:15,2570883234,364.864779
3816118,1968/6/27,男,已婚,大专,2022/5/9 17:49,2571340320,197.7550497
4415117,1985/8/7,女,已婚,大专,2022/10/27 23:54,2571955570,317.0612677
6718118,2000/3/8,男,未婚,研究生,2023/1/30 19:54,2572573805,699.7984363
4917111,1987/11/24,男,未婚,本科,2021/5/13 22:38,2575136128,322.7652645
3815111,1993/8/24,女,已婚,本科,2022/4/25 16:38,2579998884,703.3895758
6014111,1987/11/13,女,未婚,博士,2020/8/31 22:41,2580329055,940.2309464
6213119,1991/12/9,男,未婚,大专,2021/3/4 1:06,2580638806,56.40866923
3317112,1994/3/27,男,未婚,本科,2020/12/20 14:06,2585349662,902.7825948
4519111,1983/1/31,女,已婚,中专,2021/12/30 2:20,2587597721,198.4106203
5313113,1980/1/28,女,已婚,本科,2023/4/16 5:43,2588043449,533.0721667
5119115,1977/12/27,女,已婚,研究生,2019/12/28 3:31,2589932173,494.0509901
3815116,1992/4/14,女,已婚,博士,2020/3/13 16:50,2591282591,967.3940931
4212116,1979/2/19,男,未婚,博士,2023/2/10 22:30,2593654808,119.4447737
4515119,1999/12/30,女,已婚,中专,2021/11/22 7:35,2598650654,548.0007702
5119111,1988/9/24,男,已婚,大专,2020/6/28 10:50,2600592725,488.9089086
4120114,1989/3/22,女,未婚,研究生,2023/2/18 21:59,2600638194,445.5863962
5113114,1978/7/1,男,已婚,大专,2020/1/15 18:34,2602053003,372.6032317
5920113,1998/6/24,女,未婚,本科,2020/3/21 14:03,2603640994,698.8913741
4417113,1979/9/9,女,已婚,本科,2020/5/11 15:14,2608962215,1066.557411
6513120,1981/12/3,女,未婚,博士,2020/2/22 7:33,2609184629,602.8582128
3813119,1983/5/31,男,已婚,中专,2020/8/5 14:19,2609714300,984.8370623
5720120,1981/2/1,男,未婚,博士,2022/5/13 6:07,2610442613,592.1967562
5520118,1995/3/8,男,未婚,本科,2019/12/13 20:13,2610527169,464.8989102
3711116,1983/10/18,男,已婚,大专,2022/6/20 7:35,2613184408,388.0153982
4320116,1985/8/24,男,已婚,本科,2021/6/5 3:56,2613646632,3.920968951
3814116,1983/4/8,男,未婚,博士,2021/11/16 13:09,2614654815,750.1183149
5716111,1994/11/28,男,未婚,本科,2021/2/26 18:59,2615640730,1015.554052
4213112,1970/11/20,男,未婚,大专,2020/3/8 8:34,2615685197,570.1459009
6018120,1987/4/7,女,未婚,博士,2022/10/27 18:09,2617154607,508.9186824
5314113,1994/7/9,女,已婚,大专,2023/1/19 20:45,2618632122,1010.892824
6113115,1968/4/28,男,已婚,博士,2020/2/29 9:35,2619523750,902.9703282
5714113,1973/8/9,女,已婚,大专,2022/10/20 3:07,2620788252,821.6377075
3718113,1987/9/14,男,未婚,中专,2021/7/6 5:38,2626062574,1149.646801
3215111,1973/12/26,女,已婚,本科,2021/12/29 6:07,2626268585,956.8785012
3718118,1991/5/4,女,未婚,博士,2022/2/17 4:55,2628525687,802.4219144
4717116,1982/8/6,男,未婚,本科,2023/3/14 0:38,2629999734,643.0343375
4413116,1980/5/5,女,未婚,研究生,2023/1/11 20:38,2630380156,301.0581078
5714115,1974/2/5,男,已婚,大专,2020/11/15 4:34,2630448864,200.2762134
6616113,1975/11/7,男,已婚,博士,2020/2/11 19:26,2630844087,649.0417207
6518113,1977/2/9,女,未婚,本科,2023/4/26 4:49,2632042601,455.1656013
5020118,1993/9/29,男,已婚,博士,2023/5/14 13:20,2632838064,651.2197427
3711113,1972/10/11,男,已婚,大专,2022/8/15 22:03,2637025564,1046.243781
4911115,1984/6/5,女,已婚,研究生,2020/1/13 20:35,2639125994,841.1895664
4511118,1993/1/11,女,未婚,本科,2022/4/18 4:29,2639474660,676.5533637
6015115,1999/7/29,男,未婚,本科,2020/8/7 20:46,2642021164,11.31759743
3218116,1981/12/24,女,已婚,本科,2022/1/26 1:08,2643742309,391.8339689
3814116,1983/4/8,男,未婚,博士,2022/12/1 9:13,2646817069,124.854787
3913115,1968/11/17,女,未婚,研究生,2020/3/13 17:16,2649674694,59.50896777
3613112,1980/1/25,女,未婚,中专,2022/7/9 14:02,2650376079,136.3880391
5318119,1987/11/14,女,未婚,本科,2022/3/25 13:17,2651578171,626.5665282
3414114,1991/11/22,男,未婚,中专,2023/3/11 12:07,2652580079,988.3398809
4111112,1999/3/15,男,未婚,研究生,2021/10/26 23:53,2653044764,530.0275108
4611111,1973/9/16,男,未婚,博士,2021/2/17 0:51,2654385416,772.205286
4620115,1985/8/4,女,已婚,大专,2021/8/1 18:55,2658676565,1037.066185
3712116,1988/10/30,男,已婚,本科,2022/3/27 3:14,2659869044,759.4769077
3611120,1972/10/17,男,已婚,中专,2021/10/20 18:43,2660039624,565.2842052
4418115,1988/4/28,男,已婚,大专,2022/1/8 8:09,2663263880,532.3188213
5614113,1982/11/25,女,未婚,本科,2022/11/14 21:53,2664964843,248.8860208
4813115,1974/4/2,男,已婚,中专,2023/3/25 4:10,2665243530,269.9044633
5120120,1990/5/24,女,未婚,本科,2022/11/20 10:50,2668810075,786.048372
4716115,1974/4/21,女,已婚,博士,2020/12/10 4:36,2670966494,816.2599216
6220116,1979/8/11,男,已婚,大专,2023/5/22 2:31,2672153402,543.1047415
4817120,1968/10/30,男,未婚,大专,2023/4/28 23:06,2673796291,872.5884089
3720117,1976/5/18,男,未婚,大专,2020/4/13 13:50,2674492771,736.4097649
4212115,1989/11/25,男,未婚,本科,2023/1/14 3:33,2674922940,434.1315733
6417113,1984/11/17,女,未婚,中专,2022/6/28 23:44,2677862103,900.9986456
4815114,1982/12/28,男,已婚,大专,2020/9/21 7:30,2677970127,1130.298766
6311115,1981/9/18,男,未婚,研究生,2023/4/17 20:09,2678919636,111.5580502
4114116,1972/10/11,男,未婚,博士,2022/3/14 13:59,2679855759,369.17473
6115112,1991/3/11,男,未婚,研究生,2020/1/9 5:23,2681587497,193.6200396
4618114,1988/4/2,女,已婚,研究生,2021/1/19 7:27,2682457479,600.1545467
6413114,2000/5/28,男,已婚,研究生,2023/1/20 3:10,2686675846,634.4546527
4011115,1998/12/4,女,已婚,研究生,2022/8/14 14:12,2689488743,1034.576228
4914116,1999/4/2,女,已婚,中专,2023/3/6 0:25,2690369120,987.1178124
3312115,1996/8/8,女,未婚,中专,2022/1/15 14:51,2694836476,395.5949079
5220112,2000/10/17,女,未婚,中专,2022/11/5 7:45,2695183645,811.8891826
4315118,1968/5/23,男,未婚,本科,2022/1/17 23:16,2695238025,276.2529917
6319111,1977/7/11,男,已婚,中专,2020/9/20 8:39,2695421969,825.2485604
4620118,1984/11/24,女,已婚,大专,2023/3/1 13:26,2701790002,547.4143857
4611118,1999/8/31,男,未婚,研究生,2022/11/18 10:13,2702159122,1004.150575
5319119,1996/12/21,女,未婚,中专,2023/3/8 9:16,2702374140,328.2389884
3917120,1970/1/29,女,未婚,研究生,2020/12/3 9:02,2704323414,129.0638314
5511120,1971/5/27,男,已婚,大专,2022/3/7 2:14,2704551154,729.9472563
6413112,1995/5/31,女,已婚,中专,2022/2/1 23:57,2705443397,658.6507638
6213117,1975/2/26,男,未婚,研究生,2020/12/15 5:08,2707053527,752.5758176
6019116,1979/9/3,女,已婚,本科,2020/8/29 15:18,2708375606,125.8754678
3815113,1975/2/14,男,已婚,本科,2023/1/8 2:52,2712528756,467.370781
3718119,1993/3/3,男,已婚,博士,2021/8/16 21:43,2713265045,626.2314352
4711118,1968/2/12,女,已婚,博士,2020/4/23 4:35,2717838612,1002.665842
3320114,1994/7/8,女,未婚,本科,2021/6/30 8:52,2718258146,1016.75312
5117112,1975/10/31,男,已婚,中专,2020/6/30 9:19,2720899495,571.561302
3919115,1980/10/6,女,未婚,本科,2023/3/21 21:18,2721728009,446.0769372
4018113,1971/6/26,女,未婚,中专,2023/4/18 0:44,2723571589,485.2582221
5319120,1999/8/10,男,已婚,研究生,2020/6/14 2:06,2724423793,455.9354154
3617119,1981/1/30,男,未婚,博士,2021/5/6 3:36,2725539478,456.8824199
4818112,1979/11/5,男,未婚,研究生,2022/12/8 14:26,2726665253,897.1314357
3513115,1970/1/26,女,已婚,大专,2022/10/17 17:55,2732272794,561.3062145
4320118,1986/1/20,女,未婚,大专,2020/12/12 20:49,2733414352,638.1758154
4412117,1985/8/29,女,未婚,中专,2021/8/11 15:13,2735954172,344.7964679
4216113,1998/1/29,男,未婚,博士,2022/1/2 2:06,2736019738,1019.541819
3213116,1969/2/3,女,已婚,研究生,2021/11/2 3:22,2736281861,568.081237
3215112,1993/6/24,女,未婚,博士,2022/9/2 0:51,2737614941,889.6716581
6014115,1997/9/10,女,未婚,研究生,2022/12/31 2:40,2739256659,535.497406
5512120,1994/11/29,男,未婚,大专,2020/1/8 12:56,2740435486,255.3064883
5513119,1982/12/28,女,已婚,博士,2020/4/16 14:22,2743662750,881.9084135
4011115,1998/12/4,女,已婚,研究生,2020/2/6 16:35,2743766293,316.6854974
6715113,1992/1/6,女,已婚,研究生,2021/1/10 8:35,2744421002,608.4478183
6420120,1977/4/16,女,已婚,本科,2021/12/4 19:42,2745012434,508.7923021
6017112,1996/6/12,女,未婚,大专,2021/5/10 11:53,2746779508,407.0319131
3314120,1973/4/11,女,未婚,研究生,2022/9/3 14:46,2749260898,565.6644279
5914115,1976/6/11,男,未婚,研究生,2022/7/16 15:02,2749949026,976.6580176
6420115,1998/4/17,男,已婚,大专,2020/8/1 17:59,2750285666,816.5571123
4719120,1991/3/31,女,未婚,博士,2022/8/20 21:15,2750695014,281.2696997
4113112,1994/1/25,男,未婚,博士,2021/6/24 18:44,2751582733,451.4602944
4114113,1994/3/2,男,未婚,本科,2021/1/27 3:49,2755692695,208.1615286
3417120,1982/12/24,男,未婚,研究生,2022/6/5 16:06,2756172128,637.9088847
6517113,1980/10/13,女,已婚,本科,2020/8/8 16:57,2757936678,514.166344
4812118,1999/5/6,男,已婚,本科,2021/12/29 20:24,2760989454,129.6255349
4216117,1973/5/10,女,未婚,大专,2023/2/11 16:47,2761342288,630.7779417
3314116,1972/10/13,男,未婚,中专,2020/12/13 19:37,2763511662,200.5444642
3220111,1970/7/4,男,未婚,研究生,2020/7/8 17:41,2764031414,1020.866864
5914112,1988/6/21,女,未婚,博士,2022/12/26 13:08,2766671775,206.3150288
5115111,1990/6/13,女,未婚,本科,2022/12/20 3:31,2767372226,213.0324425
6319115,1968/7/15,男,未婚,大专,2020/8/11 16:30,2768330803,1247.331311
4816120,1992/5/8,女,未婚,研究生,2023/3/28 16:27,2768917011,666.0499269
5815120,1996/8/14,男,已婚,研究生,2022/11/9 12:36,2768955903,888.1898933
4318115,1992/2/12,女,未婚,大专,2021/9/28 16:10,2771249179,142.4982048
6512120,1977/12/25,女,未婚,博士,2021/4/29 11:01,2771812326,950.3547636
4213113,1989/7/24,女,未婚,博士,2021/7/2 7:17,2771989379,815.3946263
4919119,1982/9/10,女,已婚,中专,2021/6/13 20:25,2772684342,407.9818629
4518113,1979/12/17,女,已婚,研究生,2020/12/11 3:28,2775774399,643.3260583
5318117,1984/11/8,女,已婚,研究生,2023/3/10 15:42,2776899522,222.9749982
3718113,1987/9/14,男,未婚,中专,2021/1/9 14:11,2782627842,285.3491821
4419120,1984/10/23,女,未婚,博士,2022/7/16 2:10,2783676970,850.4311579
3213120,1982/5/25,男,未婚,本科,2021/5/21 3:33,2786381827,1116.165265
4113113,1999/1/12,女,已婚,博士,2020/6/3 5:13,2788657864,177.8496998
3717119,1992/10/11,男,未婚,中专,2020/7/25 7:42,2789665510,520.6389194
6218117,1976/3/11,男,未婚,本科,2022/1/10 4:03,2798493546,120.4015496
6513118,1985/10/31,男,未婚,博士,2022/6/20 19:04,2802185541,878.3809896
6614118,1978/1/10,女,已婚,中专,2020/2/20 16:48,2802213678,1018.102509
6514120,1972/9/3,男,未婚,中专,2021/2/18 10:27,2803997247,306.2640841
4313120,1974/1/18,男,已婚,本科,2020/10/3 15:05,2805455234,279.5760074
4512114,1969/9/6,男,已婚,大专,2022/7/17 10:55,2812959464,623.3557372
3714115,1968/8/2,女,已婚,本科,2020/5/29 1:45,2813152703,70.81290442
4117119,1970/1/10,男,未婚,研究生,2022/6/27 18:47,2813326336,341.7106202
6620116,1971/10/12,男,已婚,博士,2021/6/18 17:09,2816281341,320.8284638
6515111,1980/8/24,女,已婚,中专,2023/2/22 12:27,2819335733,687.108688
6317112,1983/1/4,女,已婚,本科,2022/12/22 15:43,2819352692,786.8585091
3816117,1983/10/6,女,未婚,研究生,2020/9/15 20:23,2821213015,859.8687369
3719112,1974/9/24,女,未婚,大专,2021/1/26 13:28,2823322869,606.8845095
4116115,1991/8/18,女,未婚,研究生,2020/2/10 20:15,2830654688,636.7848936
5114115,1988/9/1,男,未婚,本科,2023/4/6 6:47,2831260257,186.7559083
4715113,1994/2/4,女,已婚,本科,2020/6/2 9:10,2831754013,808.2983413
5217120,1978/4/8,女,未婚,博士,2021/1/18 11:13,2832567811,410.7465558
5520119,1980/7/26,男,已婚,本科,2022/11/8 2:40,2832743504,314.2378989
6520116,1979/1/21,男,已婚,中专,2022/7/16 11:37,2834387504,594.2148198
3414111,1977/4/29,女,已婚,博士,2022/7/1 16:07,2837731631,37.45279422
6315114,1991/2/15,女,未婚,博士,2021/12/2 13:55,2839512363,903.4771506
4511111,1992/7/9,男,未婚,研究生,2021/2/22 12:59,2841254594,151.5610449
4320119,1974/7/2,男,未婚,研究生,2023/1/15 13:06,2848767691,597.5788133
4519112,1982/1/2,男,已婚,博士,2022/2/3 21:32,2851089333,362.6163603
4317118,1970/7/3,女,已婚,大专,2022/11/13 13:19,2854256866,110.6105303
3918117,1989/9/17,女,未婚,大专,2023/1/20 14:24,2856491240,311.3535122
6712117,1998/3/30,女,已婚,大专,2022/3/17 7:23,2856791163,25.33411738
3912117,1999/9/17,女,已婚,博士,2020/5/23 3:06,2862628089,339.2754176
3414119,1975/11/8,女,已婚,中专,2021/10/2 5:48,2867472308,698.2214897
5216120,1982/9/14,女,未婚,博士,2021/10/19 20:42,2867495563,189.7127464
6318111,1986/8/27,男,未婚,大专,2020/6/12 7:39,2871970782,23.15256575
3912116,1986/12/2,男,已婚,大专,2020/7/22 21:02,2874377291,133.8965309
4620112,1999/11/29,女,未婚,本科,2020/9/28 6:16,2875377027,901.0390332
4318118,1994/11/24,女,已婚,博士,2022/5/31 19:33,2879935316,703.9020048
6319116,1974/10/28,女,已婚,本科,2022/7/25 10:06,2882227368,134.1988363
3213114,1991/11/15,女,已婚,博士,2020/2/7 17:01,2884125940,393.1452053
5812120,1988/9/16,女,未婚,大专,2022/2/10 0:36,2884523875,527.5714461
3713115,1998/7/2,男,未婚,本科,2022/10/20 5:11,2885210846,197.9715615
5112117,1993/9/24,男,未婚,大专,2020/1/13 1:53,2886237552,541.5570529
4916117,1981/5/10,男,已婚,博士,2020/2/21 15:42,2888520238,845.5287503
3315111,1995/5/20,女,未婚,研究生,2023/5/7 17:28,2888531027,494.3888477
4715113,1994/2/4,女,已婚,本科,2021/3/19 4:17,2888550932,893.5379359
4818114,1999/4/25,男,未婚,博士,2023/1/6 16:51,2888589457,611.2571095
3720112,1996/3/22,女,未婚,本科,2021/3/12 9:04,2891427199,886.7078665
4814112,1995/5/16,女,未婚,博士,2022/12/28 10:44,2891995137,310.8602204
6119119,1994/6/2,男,未婚,博士,2020/10/24 10:54,2892445039,12.0259463
4111115,1977/1/9,男,未婚,研究生,2022/4/23 15:27,2892539120,482.958011
4213117,1981/4/13,女,未婚,中专,2022/8/2 18:44,2892810555,421.327516
3512114,1977/8/25,男,已婚,大专,2021/3/9 14:37,2893014122,450.2057079
6517111,1983/12/12,男,已婚,研究生,2022/10/11 11:02,2894134214,916.1109263
6320118,1977/12/1,男,已婚,中专,2023/3/21 12:59,2894282328,522.2543362
5711118,1972/1/18,女,未婚,本科,2021/3/18 6:50,2895277170,802.311432
4114116,1972/10/11,男,未婚,博士,2023/1/20 5:21,2896352243,710.6371953
5220117,1988/5/1,男,未婚,大专,2021/5/28 15:26,2897287571,362.6391516
5513113,1992/1/30,女,已婚,研究生,2022/3/20 8:17,2898259600,924.5612719
4617118,1983/8/2,男,已婚,本科,2022/2/12 9:03,2898524460,1076.862905
4819115,1981/7/30,男,已婚,博士,2021/3/2 14:16,2904034608,276.7235087
5516117,1985/9/8,男,未婚,博士,2023/5/4 16:00,2904124937,874.7904039
5013111,1982/7/21,女,未婚,博士,2022/12/12 15:29,2906971507,873.1227273
5114117,1981/7/2,男,未婚,研究生,2021/11/8 18:02,2908752192,22.14919498
3413111,1994/11/21,男,已婚,本科,2023/6/1 5:26,2909860395,490.298114
3313116,1994/10/8,女,未婚,大专,2021/9/19 5:57,2913383472,41.69947932
4420118,1986/1/29,男,已婚,研究生,2022/7/9 6:41,2913762467,813.394876
4611111,1973/9/16,男,未婚,博士,2023/4/28 5:03,2917380819,802.028853
3318113,1983/6/10,女,未婚,博士,2020/7/1 23:47,2919076249,784.9364915
4620113,1989/4/9,女,未婚,中专,2023/1/14 7:02,2919517378,256.8213466
5613120,1989/10/10,女,未婚,中专,2021/7/16 17:51,2920844726,984.8793151
6720112,1975/9/9,男,已婚,大专,2020/11/10 1:32,2920920840,160.2550821
5913114,1981/4/9,男,已婚,研究生,2020/8/16 3:01,2921422993,606.3379951
6715114,1994/8/14,男,已婚,大专,2021/3/27 3:01,2923531857,962.5809148
3216113,1976/6/6,男,已婚,博士,2023/1/18 4:35,2923632513,937.9230665
4420117,1982/11/14,男,已婚,博士,2023/1/14 5:03,2923696779,493.9748421
5117112,1975/10/31,男,已婚,中专,2020/2/24 5:00,2924522549,787.801707
3211117,1982/8/7,男,未婚,博士,2023/2/18 22:42,2925170077,918.5271385
6615118,1987/9/10,女,已婚,大专,2022/6/26 7:05,2927119632,234.4297215
6114119,1986/1/1,男,已婚,博士,2021/8/17 21:45,2927127378,469.8322626
6515117,1978/12/16,女,已婚,博士,2021/1/19 9:54,2931530870,1032.251891
4816116,1970/1/19,男,未婚,研究生,2020/3/29 18:46,2932963122,593.3954067
5816114,1996/1/24,女,已婚,大专,2023/5/19 11:43,2935258787,700.4455993
6420115,1998/4/17,男,已婚,大专,2022/12/19 14:54,2936384512,329.0953572
5512112,1980/3/7,男,未婚,研究生,2023/1/9 4:50,2936635886,266.8591206
3218118,1979/8/18,女,已婚,中专,2023/2/20 1:25,2938297203,142.1333268
3614111,1978/4/25,男,已婚,中专,2021/6/18 1:56,2939497812,466.9598273
4315111,1985/8/1,男,未婚,博士,2021/8/24 4:14,2940656844,658.6428544
6513117,1995/3/23,男,未婚,研究生,2022/4/28 10:35,2943088633,354.9468383
6420111,1976/6/6,男,已婚,研究生,2022/1/11 3:50,2948136907,544.141574
3420120,1973/6/27,女,未婚,本科,2023/4/12 19:34,2949290489,224.9800897
4812120,1970/4/29,女,已婚,本科,2021/1/12 5:00,2949291461,849.8945102
4713114,1987/2/24,男,未婚,中专,2021/7/14 23:20,2952138679,1030.009667
5612114,1978/12/25,男,未婚,大专,2020/4/12 1:56,2952880607,963.1822314
6012115,1995/9/17,男,已婚,本科,2022/1/19 1:29,2958050963,743.4022049
5316115,1977/3/31,男,未婚,本科,2022/7/27 16:38,2958547586,679.9724669
3417113,1997/3/17,女,已婚,大专,2021/5/1 3:18,2959755470,1046.752883
4116119,1991/6/13,男,未婚,本科,2021/12/27 18:49,2964585359,202.4835532
3311118,1977/3/14,男,已婚,大专,2022/1/8 15:40,2965732579,85.15486303
3614112,1969/8/8,女,未婚,研究生,2022/7/11 9:45,2967337135,485.6445663
5315119,1993/4/2,女,已婚,大专,2022/6/12 10:17,2967750826,853.9392879
4719117,1980/10/19,女,已婚,大专,2020/4/26 13:03,2968475508,124.8216631
5020114,1999/12/30,男,未婚,研究生,2021/2/12 9:04,2968636390,867.8683937
4220114,1983/5/29,男,未婚,博士,2021/1/8 22:28,2969071076,351.7168743
5419119,1981/7/8,女,已婚,中专,2023/3/26 21:48,2972711318,977.043953
5417119,1976/11/20,女,已婚,研究生,2023/1/12 20:14,2973314198,689.6886655
4718119,1970/7/21,男,已婚,大专,2022/11/14 19:56,2976855675,501.3673392
6119120,1984/12/31,男,已婚,研究生,2021/2/3 20:35,2977975692,604.7771185
5613120,1989/10/10,女,未婚,中专,2022/7/31 10:55,2980597657,754.3132228
4913119,1999/4/6,男,未婚,大专,2021/11/19 22:26,2981776776,812.0477195
3413113,1977/8/10,男,未婚,研究生,2022/8/12 15:12,2982582509,561.701688
3320111,1976/9/14,男,未婚,大专,2023/4/23 5:24,2983677804,909.1455386
4913114,1983/7/22,男,已婚,本科,2020/11/17 23:17,2984958601,381.9631486
5511117,1978/5/15,男,已婚,本科,2021/1/19 2:41,2985183540,76.72784381
4917119,1978/5/3,女,已婚,大专,2023/3/18 0:54,2987215961,531.479502
3513113,1980/3/6,男,已婚,本科,2020/4/10 21:53,2990228235,767.6444975
4616120,1982/8/15,女,未婚,大专,2020/5/26 17:07,2991141765,649.76111
3818115,1991/5/19,男,已婚,本科,2020/5/13 9:46,2992791685,791.833356
5111116,1986/10/14,女,未婚,本科,2022/1/13 19:46,2994285686,243.1596948
3812113,1971/8/27,女,已婚,研究生,2020/5/6 2:49,2994710771,824.8060066
5616117,1993/3/21,女,未婚,博士,2020/10/10 5:25,2995589134,466.9946233
6116118,1979/2/9,女,已婚,本科,2023/5/15 4:14,2996034878,448.0370506
4814112,1995/5/16,女,未婚,博士,2020/5/16 2:34,2996296232,488.5408381
3514120,1986/5/17,女,未婚,研究生,2023/4/24 0:20,2998722350,683.2802736
3616117,1990/11/19,女,未婚,本科,2020/8/14 21:30,3010430057,348.9384071
4919116,1992/12/22,女,未婚,博士,2023/2/9 20:29,3010988377,514.8122923
4616116,1985/8/30,男,已婚,研究生,2023/2/6 8:37,3011184862,653.3002935
5520112,1985/3/2,男,已婚,研究生,2022/12/12 3:27,3014256336,326.3682157
4311111,1995/5/3,男,未婚,中专,2021/10/29 14:40,3014293110,879.5732303
5418120,1982/6/26,女,未婚,中专,2023/3/18 23:31,3016411031,420.2261477
5812117,1978/2/22,男,未婚,大专,2020/9/27 10:33,3017630421,292.995629
5819116,1978/5/1,女,已婚,本科,2023/4/5 17:45,3020583049,594.5856517
5913115,1992/11/4,女,已婚,大专,2020/1/28 9:25,3020588768,462.7303859
5616115,1976/10/2,男,未婚,大专,2022/1/31 0:15,3021161136,825.7727953
4115115,2000/10/16,男,未婚,博士,2019/12/10 17:43,3025910457,357.1531936
6017115,1993/9/12,女,未婚,博士,2021/5/8 11:41,3025938970,585.7978757
3520113,1990/10/14,男,已婚,研究生,2021/11/28 16:23,3029170484,276.2587033
4117113,1990/5/24,女,已婚,研究生,2023/3/18 17:48,3030664548,652.5441776
5415111,1975/8/22,女,已婚,本科,2020/7/8 16:28,3031834841,423.5211808
4316114,1973/8/31,女,未婚,中专,2023/1/29 13:21,3033185844,889.5352118
3616115,1985/8/1,男,已婚,本科,2022/10/7 7:10,3034069350,379.7448499
6418114,1975/4/8,女,已婚,大专,2023/1/27 21:25,3040768514,1080.614081
6719119,1975/2/15,女,已婚,中专,2021/7/30 2:43,3042921728,7.401483419
6220117,1990/1/3,女,未婚,本科,2022/1/22 18:50,3042949375,169.9975062
4417119,1988/11/18,男,未婚,中专,2021/3/6 17:38,3052279224,937.8735238
4612112,1995/1/18,女,已婚,中专,2020/4/8 2:06,3053968760,579.883954
4917111,1987/11/24,男,未婚,本科,2023/2/19 2:17,3055739319,713.2747112
4714116,1980/8/7,女,未婚,大专,2020/4/1 11:40,3056712899,662.3277292
5513118,1984/7/10,男,未婚,大专,2020/8/5 4:40,3059132550,694.2011384
3417115,1992/11/25,男,未婚,博士,2023/5/6 19:56,3061644035,583.4167552
4816115,1978/1/10,男,已婚,博士,2021/11/17 11:13,3062971297,569.7139367
5815117,1973/3/8,女,未婚,研究生,2020/8/18 18:11,3063127318,367.9288093
6516115,1992/12/19,男,已婚,本科,2021/8/19 19:25,3063912986,995.4264469
3516120,1994/3/18,女,未婚,中专,2020/10/5 21:08,3064294217,802.2158534
3719112,1974/9/24,女,未婚,大专,2022/12/31 14:49,3070726855,820.113897
6114114,1983/1/3,女,未婚,博士,2020/3/20 19:37,3072550716,1010.951205
6720114,1977/6/11,女,未婚,研究生,2022/1/1 16:42,3073338350,396.2878994
4418115,1988/4/28,男,已婚,大专,2023/6/4 18:53,3073727189,167.5929812
3918112,1996/8/17,女,已婚,大专,2023/5/12 19:16,3077224310,446.4470764
3518120,1978/9/23,女,未婚,博士,2023/2/18 19:50,3077677471,129.6488099
4319116,1979/11/2,女,已婚,本科,2023/2/24 2:48,3081571896,1255.424455
3219116,1986/1/31,男,已婚,大专,2021/2/11 17:34,3085473499,352.2053596
5018112,1996/3/15,男,未婚,博士,2021/10/18 2:48,3086131567,686.4418744
4118114,1990/4/22,女,未婚,大专,2023/5/21 10:29,3086511521,329.9471949
5616115,1976/10/2,男,未婚,大专,2023/4/1 7:36,3088459470,981.5642254
4011116,1980/5/29,女,已婚,大专,2023/6/3 18:28,3088920098,353.0121268
6113113,1989/12/6,男,未婚,研究生,2023/4/18 5:23,3089919021,254.6955034
6617120,1973/8/27,男,已婚,博士,2021/10/25 10:50,3091842637,680.7572215
3413112,1989/6/6,女,未婚,本科,2023/5/17 13:06,3091862173,241.7689652
3918117,1989/9/17,女,未婚,大专,2022/6/23 15:47,3092621534,549.3812072
5815120,1996/8/14,男,已婚,研究生,2021/1/6 11:42,3094411173,815.2060623
5614120,1982/4/3,女,已婚,中专,2021/4/17 22:54,3100228343,575.934414
5619116,1977/8/16,男,已婚,大专,2021/8/10 1:25,3100276481,939.4513998
6115119,1991/12/10,男,已婚,本科,2020/10/27 19:51,3103229765,290.7112468
6711118,1969/6/22,男,未婚,大专,2020/9/12 4:24,3104470515,829.7394045
6411120,1971/11/9,男,未婚,博士,2023/2/20 0:18,3105090036,527.3926654
6619117,1996/1/27,女,已婚,中专,2022/8/17 3:18,3105322696,816.6538496
6417115,1999/9/26,男,已婚,研究生,2020/3/14 3:36,3105713289,982.3545873
6417119,1997/7/22,男,未婚,本科,2022/11/30 16:33,3106397957,951.2089149
4319115,1981/1/25,男,已婚,博士,2021/2/4 10:14,3112265444,739.7200074
4417117,1970/1/23,男,未婚,本科,2022/3/6 20:19,3114077023,256.6372025
3917116,1993/12/27,女,已婚,博士,2021/10/4 20:44,3114934612,654.7902041
6718116,1982/8/2,男,已婚,研究生,2023/2/11 19:11,3116664460,1076.534916
5411118,1975/9/9,男,未婚,博士,2022/4/9 21:36,3117465179,943.0937025
6015116,1973/11/15,男,未婚,本科,2020/5/14 13:34,3118668597,945.3458045
4019115,1997/12/8,男,未婚,大专,2021/4/29 3:49,3118793599,94.20456816
6613119,1969/11/8,男,已婚,研究生,2022/1/9 22:40,3127741531,420.8460196
3815119,1975/2/11,女,已婚,中专,2021/5/27 18:50,3128980959,412.3218738
4114116,1972/10/11,男,未婚,博士,2023/4/27 15:55,3130295146,351.0786037
5820119,1973/8/30,男,未婚,博士,2023/1/22 4:30,3133855850,639.0849663
3517115,1992/6/21,男,已婚,大专,2021/4/12 10:44,3134821801,526.1142826
3215118,1969/2/24,男,已婚,研究生,2022/8/9 3:33,3135042633,818.0467257
5315120,1980/8/21,女,未婚,大专,2020/6/16 15:41,3135170909,158.6460212
3417112,1977/10/18,女,未婚,大专,2021/12/9 6:33,3135194675,923.5955893
6112116,1988/11/1,男,已婚,大专,2023/2/3 9:41,3137059393,566.6753951
4715118,1979/11/22,男,已婚,研究生,2022/6/30 14:18,3138676657,498.4613008
6716119,1977/9/9,女,已婚,中专,2022/11/17 23:38,3139184873,949.0230854
5011116,1972/2/25,男,未婚,博士,2020/4/2 12:16,3139738977,876.2254834
6011111,1975/12/14,女,已婚,大专,2020/1/29 2:37,3140363392,543.0689391
4515119,1999/12/30,女,已婚,中专,2022/3/30 10:02,3142153623,239.7854839
4713120,1997/4/22,男,未婚,中专,2021/12/22 6:04,3143449913,368.4085856
6417113,1984/11/17,女,未婚,中专,2020/4/14 4:59,3143644253,515.4816833
3714114,1993/12/6,女,已婚,中专,2023/4/27 3:44,3143734748,683.3986288
4814115,1971/11/13,女,已婚,研究生,2023/2/23 12:58,3144499175,642.9509334
5320118,1986/10/9,女,已婚,大专,2022/5/29 2:20,3145633822,947.6844695
5719119,1971/4/22,女,未婚,本科,2019/12/7 2:08,3146671983,655.5706681
3618120,1968/8/2,男,已婚,研究生,2021/10/30 22:22,3146675670,261.5219103
5012120,1993/7/1,男,未婚,博士,2023/1/18 6:08,3150788749,825.7220319
5619113,1984/4/8,女,已婚,中专,2023/5/15 9:20,3156891973,760.8105907
3314111,1984/6/13,女,已婚,研究生,2023/2/13 2:07,3158631286,85.53750637
5314114,1980/3/2,女,未婚,研究生,2023/3/20 5:14,3159183908,470.9274951
5713118,1981/3/24,男,未婚,本科,2020/1/28 6:43,3160648537,804.2207276
6117111,1976/5/8,男,未婚,大专,2021/1/15 11:35,3160915280,586.9898545
4115113,1979/10/16,男,未婚,中专,2022/11/28 5:30,3161233393,187.0830092
6116114,1973/4/24,男,已婚,大专,2023/3/9 3:45,3163367685,181.3951112
4818111,1982/2/19,男,未婚,大专,2023/1/19 12:53,3164761149,709.2615799
5120116,1991/12/30,男,未婚,大专,2023/5/2 18:27,3165598238,488.5661608
5312118,1983/11/26,女,已婚,中专,2022/5/8 14:56,3166398239,294.2874873
3214114,1977/4/22,女,未婚,中专,2020/2/5 12:35,3166899165,773.9768909
6514114,1982/12/8,女,未婚,博士,2021/9/5 12:19,3168534406,104.2752776
4818114,1999/4/25,男,未婚,博士,2023/6/2 15:55,3168632867,457.9356284
4513113,1974/10/20,男,未婚,博士,2023/3/11 14:07,3169714448,680.2856851
6514116,1984/8/3,女,已婚,研究生,2021/6/22 8:52,3175120504,1008.676462
5416118,1988/5/30,女,已婚,研究生,2019/12/8 15:26,3175186496,625.2973149
4520112,1988/6/22,男,未婚,中专,2023/2/11 3:00,3178176801,686.8620907
4611119,1995/1/15,男,已婚,博士,2022/11/10 6:19,3179277862,704.2756412
3815113,1975/2/14,男,已婚,本科,2020/5/1 21:10,3179630915,463.5658354
4519112,1982/1/2,男,已婚,博士,2023/2/19 18:14,3180338392,740.7494939
4016119,1980/4/19,女,未婚,中专,2022/1/2 1:31,3181789900,637.6961753
4411115,1969/7/17,男,已婚,本科,2022/7/16 18:13,3183171612,816.144903
3916113,1996/11/21,男,已婚,博士,2020/8/16 4:14,3183336681,1060.485911
4220116,1987/8/9,女,已婚,本科,2022/12/8 17:19,3185932323,714.8769865
4114114,1971/2/18,女,已婚,大专,2020/5/20 15:41,3187154934,401.1127742
6011116,1984/1/10,男,未婚,大专,2020/2/1 10:04,3187331943,1165.568541
3214120,1995/11/5,女,未婚,博士,2023/1/10 4:04,3188490812,453.7108833
5215114,1984/10/10,男,已婚,本科,2022/5/7 16:14,3190043905,707.5327496
6617111,1968/11/8,男,已婚,本科,2021/7/11 6:42,3191295857,801.1111275
3814114,1991/6/29,女,未婚,研究生,2022/8/24 3:58,3191426706,80.31997198
6313120,1985/8/25,男,已婚,本科,2023/2/16 4:33,3193541291,635.0972908
5419117,1973/6/27,女,已婚,本科,2021/10/4 19:17,3195551289,300.8008642
4720118,1970/7/21,女,未婚,本科,2020/9/28 20:15,3196213709,437.1888604
3820120,2000/7/2,男,未婚,博士,2022/9/13 11:14,3196341800,156.0025941
4715117,1991/6/9,女,已婚,本科,2022/8/12 14:24,3196540085,23.57357466
6617118,1985/6/22,女,已婚,大专,2020/11/17 5:17,3196922313,1181.797443
5417115,1971/1/8,女,已婚,中专,2023/3/1 7:00,3199034529,362.0255042
3516112,1995/1/20,男,已婚,本科,2021/2/17 0:54,3200191039,227.3000344
3918112,1996/8/17,女,已婚,大专,2021/9/12 23:44,3200380394,984.2405548
5916113,1976/7/2,男,已婚,中专,2022/3/19 20:47,3200489773,363.6878809
5914112,1988/6/21,女,未婚,博士,2020/1/3 5:06,3201688886,445.9113296
6411116,1987/2/4,男,已婚,研究生,2022/10/26 11:55,3201841378,708.7032102
3617116,1988/7/20,女,已婚,大专,2020/8/10 23:48,3202547485,506.0160175
3417113,1997/3/17,女,已婚,大专,2023/1/29 16:40,3203612829,558.1426921
6513118,1985/10/31,男,未婚,博士,2021/12/12 14:14,3203948597,425.4526741
4811112,1985/1/2,男,已婚,大专,2023/4/21 3:27,3205254171,486.7973721
5211119,1998/11/15,男,已婚,研究生,2020/1/20 13:58,3207799139,1163.398693
4117120,1968/6/19,男,已婚,大专,2023/1/17 0:41,3208298512,191.4651263
5712116,1986/7/10,男,未婚,中专,2020/1/7 19:09,3209717210,333.4152788
5216116,1971/2/26,男,已婚,本科,2022/4/1 1:52,3210121229,757.6700702
5418119,1986/7/28,女,已婚,中专,2020/7/31 9:38,3211345642,973.8461083
4818113,1996/2/12,女,已婚,本科,2020/8/21 12:20,3212221744,608.1285452
6613116,1970/6/14,男,未婚,本科,2022/7/31 5:59,3212683415,1159.810877
3918112,1996/8/17,女,已婚,大专,2023/2/18 1:23,3213243757,923.1448877
3920117,1976/3/15,男,未婚,本科,2021/9/4 4:32,3214875926,167.359298
6012118,1979/1/26,男,已婚,本科,2023/5/7 7:11,3215240407,361.8915079
6520115,1976/12/12,男,未婚,中专,2023/2/13 14:48,3217495206,833.1541611
5214114,1986/1/28,女,已婚,大专,2022/2/21 8:33,3218398738,499.0414689
6411111,1972/2/12,男,未婚,本科,2023/5/3 15:41,3222024761,729.2241462
4218113,1981/6/6,女,已婚,中专,2023/3/10 13:28,3222291155,1024.314181
5418111,1981/2/15,男,已婚,大专,2020/6/21 21:37,3223020463,171.7110688
4712115,1982/3/25,男,未婚,研究生,2020/7/29 4:04,3224667677,631.4057827
6113117,1995/1/28,男,已婚,大专,2020/1/31 1:19,3227147574,356.728508
6113112,1995/5/29,男,未婚,本科,2022/9/14 15:41,3233850299,782.0574527
4413112,1993/4/21,男,未婚,本科,2021/7/29 10:55,3234877609,493.1901106
6713116,1983/7/13,男,已婚,中专,2020/5/20 2:56,3235228705,508.7015562
4616120,1982/8/15,女,未婚,大专,2020/2/16 9:43,3235270683,649.017498
6316115,1972/6/30,女,未婚,本科,2022/12/3 5:47,3240415100,1132.841475
4418113,1979/11/8,男,未婚,研究生,2022/12/31 8:15,3240760175,390.459399
5216118,1991/5/3,男,未婚,研究生,2022/1/8 22:40,3243472147,1191.601384
3914120,1984/9/6,男,已婚,研究生,2023/1/10 10:55,3244516650,346.2647069
5113116,1978/1/12,女,已婚,中专,2022/7/10 12:07,3247047277,262.9658173
6512116,1988/4/6,女,未婚,大专,2023/2/11 16:59,3251221839,854.9882239
5213112,1981/8/6,女,已婚,中专,2022/1/9 3:19,3251531765,599.0581184
3914116,1985/6/17,男,未婚,大专,2020/6/26 23:12,3252821400,641.7783502
5520117,1995/9/24,女,未婚,中专,2022/7/15 3:34,3255250710,176.3210943
5512116,1969/6/2,女,未婚,大专,2023/5/29 5:10,3261734234,239.932921
5611118,1981/2/5,女,未婚,研究生,2021/11/23 6:35,3264022873,789.5197192
3317111,1978/4/6,女,未婚,博士,2020/11/24 4:14,3265588213,361.8753648
5414113,1970/11/17,男,未婚,大专,2021/5/11 7:10,3265940797,35.4728504
5912112,1986/10/27,女,未婚,研究生,2022/12/8 10:18,3266823733,494.2184912
3917120,1970/1/29,女,未婚,研究生,2023/1/6 19:57,3267532619,115.1478964
6315116,1971/4/30,男,未婚,本科,2022/3/29 19:31,3268016602,280.9123489
3414111,1977/4/29,女,已婚,博士,2023/2/20 6:24,3273927496,632.8198171
4517115,1989/4/21,男,未婚,中专,2020/4/20 5:58,3274064261,555.22871
5915111,1975/2/7,女,已婚,博士,2021/1/25 18:11,3277370081,343.3020237
3220113,1976/9/26,男,未婚,中专,2020/5/30 21:56,3278624648,61.2886223
5315117,1979/5/10,女,已婚,博士,2019/12/12 0:50,3278939137,91.14849076
5716116,1992/2/10,男,未婚,研究生,2021/6/25 5:01,3279018116,289.9648768
3816112,1986/3/4,女,已婚,本科,2020/7/15 23:17,3281192604,966.0234996
5113119,1997/5/17,女,未婚,大专,2021/2/10 18:28,3281635479,444.785682
5416118,1988/5/30,女,已婚,研究生,2023/4/2 11:30,3282519689,624.1688361
3315117,1993/3/14,男,未婚,大专,2021/10/19 17:34,3285873899,320.4683192
5819114,1989/8/11,女,已婚,研究生,2020/1/3 4:29,3286266712,1274.74087
5920120,1997/11/9,女,未婚,大专,2022/5/30 8:52,3286412597,921.2638776
3812113,1971/8/27,女,已婚,研究生,2021/1/17 6:46,3286558330,490.8775943
4518115,1995/7/20,男,未婚,研究生,2023/2/10 2:02,3288474406,690.2482531
3917120,1970/1/29,女,未婚,研究生,2020/11/23 9:53,3290699163,788.4385758
4611115,1981/6/7,男,已婚,博士,2022/7/18 8:21,3291922756,452.1306062
4214113,1982/5/21,男,已婚,大专,2021/2/17 23:39,3292551765,817.8063838
5020112,1975/1/13,女,未婚,大专,2023/4/11 20:02,3292798770,789.7606213
4117111,1973/5/22,男,已婚,本科,2023/1/14 14:19,3294591307,503.2113123
5018115,1986/9/18,女,已婚,研究生,2020/9/23 13:06,3295927041,301.5897473
6019116,1979/9/3,女,已婚,本科,2020/2/23 14:46,3296036677,448.456945
6313116,1989/11/15,女,已婚,本科,2023/2/11 15:49,3299212851,500.8284287
3418120,1980/4/1,男,未婚,研究生,2021/10/7 9:01,3299772328,983.5935362
4118111,1990/10/25,女,已婚,博士,2020/4/15 15:13,3301310423,719.7917205
5920114,1974/8/20,男,未婚,本科,2022/11/22 2:03,3302034690,515.2529355
6713112,1988/7/1,男,已婚,博士,2020/10/2 4:21,3305373386,734.9773082
3719119,1991/5/4,男,未婚,本科,2022/12/29 13:28,3305899763,690.1638298
4520112,1988/6/22,男,未婚,中专,2020/4/8 7:52,3310684299,760.1368233
5317112,1987/8/10,女,已婚,本科,2020/5/9 22:24,3311083927,602.5677593
5517112,1985/8/2,女,未婚,博士,2021/6/24 11:23,3313555260,177.6234665
3211119,1985/8/30,男,未婚,研究生,2023/4/26 1:32,3314961164,663.4534107
4514112,1983/9/2,男,已婚,大专,2022/1/3 10:11,3315390718,383.1193834
3618117,1990/8/2,女,已婚,本科,2022/12/17 15:55,3318337273,744.1899053
5011120,1979/2/12,男,已婚,中专,2020/3/6 9:13,3320041049,865.5680465
3615117,1991/5/7,女,已婚,本科,2019/12/9 6:21,3320079636,162.7443962
5212117,1979/1/16,男,未婚,大专,2021/5/15 11:39,3321946334,194.2473997
3820117,1997/1/12,男,未婚,中专,2020/3/29 3:36,3323785504,320.178479
3220118,1984/11/15,男,未婚,研究生,2020/11/6 18:13,3324540717,677.1295778
5315120,1980/8/21,女,未婚,大专,2020/9/17 19:29,3325784845,399.7986826
3516118,1978/5/19,女,已婚,博士,2021/7/28 7:26,3327089189,421.7679848
5014120,1979/10/13,男,未婚,博士,2023/5/12 1:39,3331553008,384.8213576
3820119,1978/12/1,男,已婚,本科,2021/11/15 15:55,3334050979,963.3862845
4417117,1970/1/23,男,未婚,本科,2022/6/5 8:38,3337029199,692.4859582
5618117,1971/6/29,女,未婚,博士,2021/1/30 9:31,3337622859,693.4100638
3313119,1986/5/31,男,已婚,本科,2023/5/30 19:39,3338562388,823.204675
4712114,1998/2/28,男,已婚,本科,2021/7/6 23:00,3341821966,535.9449912
3718119,1993/3/3,男,已婚,博士,2020/9/26 19:07,3342168371,208.7330692
6012120,1986/8/1,女,已婚,博士,2020/5/11 12:47,3344680187,801.2592217
3719117,1997/4/25,男,已婚,本科,2022/9/24 23:23,3344836574,727.6006324
4020113,1972/10/8,男,已婚,本科,2020/11/9 0:03,3345390635,1047.519918
3913111,1997/10/10,男,未婚,博士,2022/12/20 6:22,3346668810,504.3081579
5119120,1983/8/7,女,已婚,本科,2021/9/18 23:04,3347093248,729.5403696
6519116,1978/2/25,女,已婚,本科,2021/7/13 11:50,3347611737,717.4439917
6314118,1971/6/10,男,未婚,本科,2020/2/12 0:21,3350231443,754.4744018
3812112,1977/2/4,女,未婚,研究生,2022/6/19 2:24,3350427712,979.9834727
3620118,1993/8/30,女,已婚,研究生,2022/4/22 15:10,3352561322,647.1540383
4416117,1972/9/18,女,已婚,博士,2022/5/3 23:56,3353927662,695.8609449
6218111,1972/8/7,女,未婚,大专,2022/6/11 6:37,3354425768,742.3089287
4020111,1999/7/26,女,已婚,中专,2022/6/22 10:48,3356389751,368.5212522
6313116,1989/11/15,女,已婚,本科,2020/3/18 7:35,3359645328,443.8894886
5419115,1975/5/16,男,已婚,研究生,2021/6/11 20:15,3362930118,18.56839268
5516111,1970/4/20,女,未婚,本科,2022/3/6 10:11,3365894632,297.2808064
5715115,1975/8/23,男,已婚,研究生,2020/1/19 18:04,3366354973,792.9782139
6715114,1994/8/14,男,已婚,大专,2021/1/5 17:25,3366837732,873.8581184
4920111,1969/10/28,男,未婚,研究生,2022/7/23 2:48,3368538707,902.584736
6615117,1984/8/8,女,未婚,中专,2022/12/15 10:12,3369165419,323.8160069
6417120,1988/3/30,女,已婚,中专,2021/3/9 18:52,3369836742,76.3640584
6317120,1990/6/15,男,未婚,中专,2022/6/17 6:40,3370746895,1106.957744
5914116,1980/9/2,男,未婚,中专,2022/7/20 4:36,3373012786,179.0340828
6419119,1980/5/21,男,未婚,本科,2021/5/27 23:11,3373675769,569.1999813
3711120,1970/7/16,男,未婚,中专,2022/7/21 9:48,3374970792,1052.117087
6720113,1978/2/1,男,已婚,大专,2021/6/20 21:40,3375259375,374.1554921
3219117,1989/1/25,男,已婚,本科,2023/5/29 1:18,3376359598,526.4284073
4920116,1971/7/14,男,已婚,大专,2023/5/26 10:08,3377190370,848.3838914
6613117,1988/9/4,女,已婚,研究生,2021/4/6 3:26,3379930047,536.4741182
3419116,1984/5/9,女,已婚,本科,2022/8/8 22:05,3379990832,972.5787206
5820112,1990/11/16,男,未婚,本科,2023/3/23 19:37,3380345834,294.8390856
6411120,1971/11/9,男,未婚,博士,2021/5/18 21:50,3381626541,556.1083041
5620120,1972/1/14,男,已婚,中专,2021/7/10 0:12,3382024131,603.7660649
5715115,1975/8/23,男,已婚,研究生,2022/11/25 11:24,3385092708,1216.173783
3215112,1993/6/24,女,未婚,博士,2021/6/16 16:32,3385644430,665.2770004
3216114,1992/8/12,女,已婚,研究生,2023/1/6 20:40,3385661539,888.7384672
5213116,1985/3/18,男,未婚,本科,2023/1/11 9:51,3389768578,434.6381575
6616111,1968/8/29,男,已婚,大专,2022/2/8 22:48,3394371269,924.5738624
3711114,1985/3/18,男,已婚,研究生,2021/3/8 5:26,3394870015,843.6096376
3217120,1983/2/17,女,未婚,博士,2021/10/2 2:29,3397532457,761.1931043
3914120,1984/9/6,男,已婚,研究生,2022/12/20 7:33,3398649154,537.0190761
3816114,1996/5/25,女,未婚,博士,2022/11/6 7:18,3400572729,158.7549869
3720111,1994/2/25,男,已婚,本科,2020/3/10 21:36,3404453181,135.1450946
3816119,1984/12/13,男,未婚,本科,2021/12/22 4:18,3407978589,502.8797808
6211117,1991/6/11,女,未婚,本科,2021/3/18 11:06,3408096266,759.1920709
6419118,1976/7/3,女,未婚,大专,2020/8/16 15:39,3408276005,979.5647312
3419116,1984/5/9,女,已婚,本科,2019/12/6 23:32,3408546520,666.428847
6520119,1992/7/25,女,已婚,博士,2022/1/19 12:13,3412022663,616.5506491
5616119,1987/1/13,女,未婚,大专,2021/3/31 19:48,3412420516,736.2321449
4411111,1976/11/28,男,已婚,本科,2021/11/24 17:24,3412561000,913.0410932
5712118,1978/11/28,男,已婚,中专,2022/6/23 13:49,3412752158,5.629902526
6715118,1968/3/26,男,未婚,博士,2021/11/9 0:17,3415315120,709.2128865
6211111,1980/9/25,女,未婚,博士,2021/1/10 20:36,3418312408,441.1589246
4511120,1991/3/9,女,未婚,大专,2022/6/25 21:16,3418779700,721.0897639
6620118,1983/9/19,女,未婚,本科,2022/10/6 21:41,3421544764,378.1954508
3219113,1972/1/28,女,已婚,博士,2021/4/30 20:44,3422953088,785.8467596
4614120,1970/12/15,女,未婚,大专,2022/12/20 2:36,3424085441,281.9519691
6118113,1999/10/29,女,未婚,博士,2023/6/3 4:25,3424393458,632.0375045
4720119,1990/10/2,男,已婚,大专,2021/9/8 14:35,3424429608,337.6079128
4818116,1968/12/31,男,未婚,研究生,2023/4/15 9:13,3425033051,649.8333184
4415114,1988/3/16,女,未婚,中专,2021/10/8 10:27,3426080697,945.6673311
3413119,1985/5/1,女,已婚,博士,2020/8/2 5:14,3426875706,290.3471303
4713117,1984/12/8,男,已婚,研究生,2022/8/30 0:55,3430427331,547.4304238
6217117,1992/1/9,男,未婚,研究生,2023/6/1 19:34,3431227785,340.0135805
4016119,1980/4/19,女,未婚,中专,2020/5/25 19:59,3433310729,817.1552375
4815113,1975/9/25,女,已婚,大专,2020/1/30 17:18,3433340608,971.3265166
3713118,1985/1/24,男,未婚,中专,2023/5/9 1:58,3435848481,1003.370284
6411111,1972/2/12,男,未婚,本科,2022/1/10 10:32,3437336560,356.8067346
5712115,1982/8/31,男,已婚,大专,2023/1/14 6:16,3437846223,572.8019354
6218120,1991/4/18,男,已婚,本科,2022/3/24 6:06,3440463973,828.9475937
4513118,2000/8/12,女,未婚,本科,2021/11/2 7:26,3440955341,4.629763688
6312119,1999/5/20,女,未婚,本科,2022/9/29 15:41,3441818681,1127.567229
4716120,1970/6/9,女,已婚,研究生,2023/2/4 22:17,3441977288,801.4420443
3416120,1984/8/28,男,未婚,本科,2020/3/29 7:55,3445749098,475.3924371
4120112,1984/4/30,女,未婚,研究生,2023/4/11 2:37,3448258137,879.8715455
3216111,1986/11/14,男,未婚,研究生,2022/7/16 9:49,3448779044,630.6866789
4913114,1983/7/22,男,已婚,本科,2021/4/27 13:45,3450854050,299.3627517
3312118,1995/11/23,男,未婚,研究生,2022/8/19 17:40,3452532010,256.7928406
4314116,1987/1/29,女,未婚,大专,2021/5/24 5:20,3458456540,987.7700972
3819118,1978/2/14,男,已婚,本科,2022/6/30 13:58,3462117656,446.5847001
5614118,1999/9/11,女,未婚,本科,2022/6/27 17:53,3463671966,154.0043047
4515113,1992/1/31,女,未婚,博士,2023/3/1 2:41,3464812663,577.7648355
6516111,1984/4/26,男,已婚,博士,2023/2/2 3:11,3466189825,560.7910673
4116115,1991/8/18,女,未婚,研究生,2020/2/29 3:32,3472360588,311.669639
3819113,1970/6/27,女,已婚,研究生,2022/1/3 17:07,3476448398,44.13057321
4416118,1975/3/29,女,未婚,研究生,2022/8/14 6:29,3477343054,697.566264
4414118,1981/1/16,女,已婚,大专,2020/1/14 12:38,3478992067,866.5859811
3217113,1970/12/29,男,未婚,研究生,2023/1/3 19:01,3480151497,843.1589699
3311112,1995/1/13,女,未婚,博士,2022/6/23 13:54,3480992052,233.1481638
3519115,1993/4/28,男,未婚,研究生,2023/3/18 19:23,3481028655,755.8344547
4116116,1968/11/20,男,已婚,博士,2021/2/9 15:16,3483444377,573.0678706
5916120,1985/8/20,男,已婚,本科,2021/7/23 7:47,3483487837,996.1232294
5920111,1976/10/9,女,已婚,博士,2023/3/14 7:36,3484362644,145.1608537
6716112,1980/4/29,男,未婚,博士,2019/12/17 14:41,3485333586,824.0997387
6514113,1973/12/22,男,未婚,博士,2023/1/18 3:32,3485414550,621.2301764
6620120,1981/8/16,女,已婚,研究生,2022/9/14 10:49,3485633566,134.183772
6313114,1995/6/14,女,已婚,研究生,2020/12/19 7:38,3488168036,880.1576324
5220113,1986/5/17,男,未婚,中专,2023/2/2 17:22,3488768479,910.1204315
3818113,1983/7/3,女,已婚,研究生,2022/10/24 6:35,3491665588,563.3912436
5715113,1979/10/7,男,已婚,博士,2020/3/28 3:14,3494313751,612.3364441
3416113,1980/1/28,男,未婚,大专,2022/3/10 7:12,3498687003,637.2564767
6318120,1999/9/8,男,已婚,大专,2020/12/26 16:08,3499041228,533.3798771
4618113,2000/11/4,男,未婚,博士,2020/6/7 13:55,3502634499,741.4883698
4720113,1973/6/20,女,未婚,大专,2022/4/10 19:11,3504013959,227.4779536
4117117,1980/3/28,女,已婚,博士,2022/12/21 4:07,3504735133,727.8280244
5920115,1988/8/3,男,未婚,中专,2023/5/2 4:43,3505240443,278.163638
3820117,1997/1/12,男,未婚,中专,2020/12/15 9:06,3506785716,623.8797223
6017113,1981/1/15,女,已婚,中专,2021/2/7 18:15,3506891882,182.1266338
5116118,1986/7/15,女,已婚,博士,2020/10/20 7:15,3507520117,854.7662233
5013116,1984/8/3,男,已婚,博士,2021/2/22 14:28,3507745020,441.2040958
4513115,1973/12/24,女,未婚,大专,2023/2/18 4:30,3508957195,134.809465
6611119,1977/9/21,女,已婚,中专,2022/5/19 3:07,3512199709,966.5558103
4214112,1969/12/9,男,已婚,大专,2021/12/4 8:05,3512876780,505.5665735
3412116,1983/8/25,女,已婚,中专,2022/2/4 14:07,3513313983,666.1883466
3912111,1996/7/2,女,未婚,大专,2023/3/11 6:34,3513742260,691.6620028
4815112,1974/3/25,男,未婚,大专,2021/9/1 20:47,3514278001,1173.252558
3813118,1972/11/7,男,已婚,本科,2023/1/13 21:08,3515966933,1060.736748
6312114,1998/1/26,女,已婚,本科,2022/12/27 19:11,3521446212,958.5707011
5518112,1993/7/29,女,未婚,本科,2021/12/26 8:51,3521945099,926.40002
4611119,1995/1/15,男,已婚,博士,2022/12/30 19:58,3523171180,1020.748941
4918115,1975/2/28,男,已婚,研究生,2020/4/26 4:13,3523370680,1.922238314
4315112,1980/10/1,女,已婚,研究生,2020/10/3 2:09,3525558415,972.607548
5519112,1989/3/1,女,未婚,本科,2023/1/1 19:37,3526182098,615.3932674
6020118,1984/1/27,男,未婚,本科,2020/8/5 3:29,3526361737,652.6978846
4919111,1985/5/16,男,已婚,博士,2022/7/13 15:54,3529788353,602.3934578
4614112,1979/6/26,女,已婚,研究生,2021/11/11 23:44,3530063686,320.3531105
3819116,1985/9/14,女,未婚,研究生,2020/10/12 2:21,3531280251,887.4173375
5718118,1999/5/31,女,已婚,博士,2023/5/11 8:44,3533145374,627.2110055
6719115,1970/10/12,女,未婚,本科,2021/1/20 12:07,3533983334,359.9354773
5518114,1993/8/6,女,未婚,研究生,2021/11/17 2:57,3534677052,1050.597029
3516117,1972/5/18,女,已婚,研究生,2020/9/10 11:19,3535884199,13.21545431
3916119,2000/6/4,女,未婚,本科,2023/2/4 23:14,3536443316,764.8931172
3315116,1999/8/21,女,未婚,中专,2022/1/21 21:03,3538483489,530.0434859
5916120,1985/8/20,男,已婚,本科,2020/2/7 21:32,3540561366,802.6411471
3416113,1980/1/28,男,未婚,大专,2022/5/31 18:45,3551474085,701.2636671
5212111,1991/5/4,女,已婚,研究生,2021/8/14 23:32,3555566511,105.479007
3911114,1979/8/25,男,未婚,研究生,2023/4/4 10:24,3560640460,378.2360076
6516113,1991/4/19,女,已婚,大专,2023/5/18 2:09,3564137353,350.3813721
6213115,1981/9/5,女,未婚,研究生,2019/12/13 17:46,3568938078,857.4659188
5016116,1988/12/25,男,未婚,本科,2022/11/9 9:35,3569366662,888.9093983
5517118,2000/2/17,女,未婚,大专,2022/11/8 12:27,3570016333,495.9884422
3818113,1983/7/3,女,已婚,研究生,2021/1/19 15:49,3570123008,372.9762509
3419112,1998/6/22,男,已婚,研究生,2020/12/25 17:33,3571419135,223.7022599
3618114,1993/3/13,男,未婚,中专,2020/8/15 22:58,3574078822,675.317348
5919115,1973/12/1,男,未婚,大专,2020/10/12 13:49,3574894224,209.3635339
6611115,1987/8/31,男,已婚,研究生,2021/11/3 0:16,3575012411,357.0245123
4319118,1990/1/30,女,已婚,研究生,2021/7/8 9:02,3577037797,684.1281984
4615111,1995/9/30,男,已婚,大专,2022/2/25 2:14,3577054715,949.5628396
4018119,1993/9/12,男,未婚,大专,2020/12/10 4:41,3579620215,266.8400538
4211117,1997/10/29,男,未婚,大专,2022/12/23 13:09,3580038533,611.6685454
3218120,1970/7/20,女,未婚,博士,2022/12/3 3:04,3580830580,249.4031361
4719114,1999/1/12,男,未婚,中专,2020/11/22 0:35,3580878121,229.2251783
5518117,1988/4/27,男,未婚,研究生,2020/7/10 7:23,3581613811,422.2392243
5020114,1999/12/30,男,未婚,研究生,2023/2/25 21:36,3584727730,407.9451026
6414115,1987/4/8,女,未婚,研究生,2021/5/2 12:24,3585585141,453.8267999
4020118,1977/6/12,女,已婚,本科,2020/11/28 4:52,3585876001,547.5415279
4620114,1984/1/3,女,已婚,博士,2020/11/25 13:41,3586051880,719.0617482
6120113,1983/9/1,女,已婚,中专,2020/7/16 8:01,3586410857,879.6572203
5714116,1971/8/3,男,已婚,本科,2020/9/23 4:17,3589127144,118.2568792
5216116,1971/2/26,男,已婚,本科,2021/12/1 1:19,3590015684,693.7922774
5513112,1984/4/9,女,未婚,研究生,2023/3/16 11:11,3590871066,940.5168864
3518112,1982/4/30,女,已婚,大专,2022/9/28 17:16,3593073625,969.0515991
4716113,1981/12/8,男,已婚,本科,2022/8/31 7:42,3597416438,963.6296252
4117115,1981/12/8,男,未婚,本科,2023/3/21 23:22,3600093064,118.628236
4117119,1970/1/10,男,未婚,研究生,2022/12/22 23:57,3600735341,268.7446275
4720120,1988/4/30,女,已婚,中专,2022/5/29 5:45,3604594286,344.1118893
4616116,1985/8/30,男,已婚,研究生,2023/1/12 4:31,3604688393,632.670269
6417113,1984/11/17,女,未婚,中专,2021/5/6 7:49,3605177108,356.2808666
4412115,1968/7/30,男,已婚,本科,2022/3/15 9:10,3605476634,636.8910438
5114112,1991/4/28,男,已婚,博士,2023/2/9 5:35,3605552736,779.1381351
6718116,1982/8/2,男,已婚,研究生,2022/2/23 15:20,3606841304,202.5980073
5512116,1969/6/2,女,未婚,大专,2022/5/24 16:31,3608827265,502.1994709
4312119,1968/3/21,女,已婚,本科,2020/10/9 2:42,3612863885,435.9046791
5116120,1971/8/1,男,已婚,大专,2021/10/20 20:09,3612966614,578.6863023
4019118,1972/1/21,女,未婚,研究生,2020/11/6 5:34,3614347110,797.5595492
3518118,1979/3/12,男,未婚,本科,2020/6/16 22:11,3615634221,215.9115348
5812114,1985/6/23,女,已婚,中专,2021/10/19 23:59,3617679023,417.4700706
6115114,1973/2/8,女,未婚,大专,2022/10/12 8:36,3618353374,693.1724624
5420112,1982/7/2,女,已婚,大专,2022/10/22 9:50,3618987392,906.0177114
4315112,1980/10/1,女,已婚,研究生,2020/1/11 12:03,3620219850,778.0675679
5418112,1984/4/27,男,未婚,研究生,2023/1/21 14:19,3621878043,1025.612462
4919120,1986/11/25,男,未婚,大专,2022/2/25 6:47,3622940375,982.0045412
4815118,1986/8/7,女,未婚,中专,2022/5/2 4:54,3623322153,514.0897219
5413120,1992/6/11,男,已婚,大专,2022/1/6 16:23,3624878354,391.7280987
5511112,1990/7/11,男,未婚,研究生,2023/4/16 4:24,3626090583,596.0259217
5912117,1973/1/5,男,未婚,本科,2020/3/5 13:32,3630111900,875.7983995
4019120,1986/12/23,男,已婚,大专,2020/6/4 16:13,3631442359,557.8364501
5818114,1981/9/20,男,已婚,研究生,2023/4/4 20:19,3635511449,415.0814793
6320114,1985/5/19,男,已婚,博士,2023/2/9 18:48,3635648293,34.41043239
5015113,1978/8/20,女,已婚,博士,2020/10/7 1:29,3636782900,1042.421913
4416114,1981/7/26,女,未婚,博士,2021/2/3 8:57,3637183030,541.2297001
4117119,1970/1/10,男,未婚,研究生,2020/1/25 18:15,3638369147,750.7066453
3715119,1980/10/12,女,未婚,博士,2020/6/28 0:15,3641454228,538.0638905
4611118,1999/8/31,男,未婚,研究生,2023/1/14 23:18,3641820514,655.2442695
4412120,1974/2/16,男,未婚,本科,2022/9/2 17:14,3642110232,785.7063983
3613117,1977/6/20,女,已婚,中专,2021/2/11 3:50,3642861152,719.9755393
3511112,1980/12/11,男,已婚,中专,2022/4/24 15:43,3645634405,384.5112221
6116117,2000/5/16,男,已婚,大专,2023/4/7 22:29,3647356550,1013.210405
4916117,1981/5/10,男,已婚,博士,2020/6/23 3:39,3649694287,779.0237335
4913119,1999/4/6,男,未婚,大专,2022/1/6 7:39,3659692209,125.0022678
6016115,1972/6/27,男,已婚,本科,2021/3/2 21:17,3662347394,364.3732529
5714114,1991/11/18,女,未婚,本科,2020/7/3 1:11,3662418935,488.1444487
4617112,1978/9/2,男,已婚,中专,2023/5/14 2:11,3662463401,313.6178935
3312115,1996/8/8,女,未婚,中专,2022/11/6 23:10,3667157018,980.1301654
5515115,1993/11/5,男,未婚,本科,2022/2/21 15:31,3667175696,447.1027964
6413118,1987/11/16,男,未婚,中专,2020/6/26 19:28,3667543681,224.8222677
6712119,1990/11/27,女,已婚,本科,2020/11/7 12:44,3667545279,281.394373
6616117,1993/3/24,女,未婚,研究生,2023/1/16 21:59,3671626537,889.0374136
4714112,1989/3/30,女,已婚,博士,2022/12/15 3:47,3674651831,761.7298962
3320111,1976/9/14,男,未婚,大专,2023/3/26 20:32,3680040172,887.5316336
4919114,1971/10/27,女,未婚,中专,2021/10/1 2:45,3681553229,594.5478168
4217117,1989/9/3,男,已婚,本科,2020/8/19 23:12,3682036781,972.1634125
6016116,1984/6/6,女,未婚,博士,2020/1/8 10:10,3683242720,855.5408634
4613120,1996/11/1,女,已婚,本科,2022/12/6 20:04,3686179061,809.2586511
6315113,1970/12/7,男,未婚,研究生,2019/12/25 13:51,3686374803,241.4479978
5314120,1971/8/17,女,未婚,大专,2021/5/2 2:37,3687544635,480.6441953
5517112,1985/8/2,女,未婚,博士,2019/12/21 15:28,3688714181,598.5566579
6419118,1976/7/3,女,未婚,大专,2023/4/21 11:11,3688820869,303.3709808
4513111,1985/12/4,女,已婚,本科,2023/3/8 4:32,3690273230,555.1563066
5116113,1989/8/9,女,未婚,博士,2022/12/23 1:32,3693241058,639.7182889
5712115,1982/8/31,男,已婚,大专,2021/8/27 14:59,3693768757,895.4610432
4417115,1987/9/7,女,未婚,本科,2023/2/23 13:55,3693967697,511.3123021
6618118,1996/5/14,男,未婚,研究生,2022/3/28 5:40,3697976739,458.2691633
6016119,1988/7/17,女,未婚,中专,2020/8/21 2:50,3698354036,225.2109126
6217112,1990/8/15,女,未婚,博士,2022/9/5 17:45,3698377189,775.1221339
4512120,1981/4/29,男,未婚,博士,2022/11/17 5:24,3703246274,223.6937948
3516116,1982/9/15,女,已婚,研究生,2023/2/23 14:41,3705962298,796.5238994
3314116,1972/10/13,男,未婚,中专,2022/3/24 22:42,3707083295,346.8064591
3713111,1985/12/31,男,已婚,博士,2022/5/7 13:48,3712556983,624.786123
4119119,1980/8/10,女,已婚,中专,2022/6/12 14:26,3712721835,838.9162853
6211113,1990/6/1,男,未婚,博士,2023/2/7 22:50,3719016656,772.0914638
6611120,1997/11/21,男,未婚,研究生,2022/1/3 22:50,3719545053,844.8362638
6618117,1979/7/13,女,已婚,研究生,2022/5/15 20:14,3725928486,193.5510593
5415111,1975/8/22,女,已婚,本科,2021/7/28 23:37,3729439614,775.6875857
5517112,1985/8/2,女,未婚,博士,2023/2/4 11:35,3730481061,696.3683385
4712113,1970/8/26,女,已婚,本科,2023/5/3 1:38,3732627717,738.9605668
5811117,1975/6/21,男,已婚,博士,2020/10/8 22:39,3732954239,814.960437
4019119,1972/5/11,男,已婚,大专,2021/7/4 3:04,3732972447,505.656384
6013114,1986/6/28,男,已婚,大专,2020/3/18 6:06,3733551697,96.49615216
3416119,1985/9/24,女,已婚,大专,2020/6/6 12:48,3733842958,1097.750326
6513113,1974/8/24,男,已婚,大专,2023/3/1 23:48,3734958572,1213.581132
6718112,1989/3/25,男,已婚,博士,2021/3/9 4:31,3736171664,477.5493601
5019114,1972/6/25,男,已婚,中专,2023/3/22 9:31,3740115106,262.2791637
6711113,1973/2/21,男,未婚,大专,2020/3/10 13:16,3741394313,570.8520894
6416118,1995/4/13,男,已婚,研究生,2020/8/2 17:44,3741948930,855.101253
3912114,1989/3/30,男,未婚,本科,2023/4/22 14:58,3742487554,304.2237046
4113111,1978/1/29,男,未婚,研究生,2021/8/10 18:15,3744228950,713.2975501
6215117,1996/4/13,女,未婚,本科,2023/5/31 8:26,3748296778,567.8884375
3217120,1983/2/17,女,未婚,博士,2023/2/28 16:43,3749532968,357.2393012
5418116,1985/8/30,男,未婚,中专,2020/10/18 2:06,3750446471,16.87525601
6316117,1980/2/14,男,未婚,中专,2022/12/26 14:07,3750639323,504.402967
4213113,1989/7/24,女,未婚,博士,2022/2/21 8:30,3751152761,499.7953914
3612111,1980/7/10,女,未婚,博士,2020/3/2 19:51,3754510587,184.7366431
4418115,1988/4/28,男,已婚,大专,2023/1/1 11:28,3757528975,507.6426344
6315115,1970/12/15,女,已婚,大专,2021/3/27 18:10,3758353996,475.6121862
6313120,1985/8/25,男,已婚,本科,2021/3/11 5:07,3759465472,1103.382372
4415120,1977/6/15,女,未婚,大专,2021/8/19 4:12,3760265372,780.3762407
6217119,1997/8/24,男,未婚,研究生,2021/6/28 7:12,3762664062,661.3328044
5216111,1980/6/29,女,已婚,大专,2022/8/24 16:14,3763760425,325.7175697
3913117,1978/5/1,男,已婚,大专,2020/10/20 15:19,3763763710,214.1454714
5211111,1969/1/2,男,已婚,本科,2023/5/20 20:48,3764026423,541.4422927
3511111,1988/8/22,女,未婚,研究生,2020/5/12 11:49,3766764663,853.3961561
6512117,1972/9/22,男,未婚,大专,2022/4/21 16:17,3768669185,393.4696061
3513111,1969/12/7,男,已婚,本科,2021/3/18 7:41,3768752360,629.2722323
3612118,1978/11/25,男,已婚,本科,2022/1/29 5:39,3769357835,783.8121097
3715112,1969/11/5,女,已婚,研究生,2022/3/4 6:30,3770288894,93.32947529
5711114,1993/11/29,女,未婚,研究生,2020/4/7 8:13,3770422401,441.6605176
6616112,1987/11/5,女,已婚,本科,2020/7/9 18:28,3770496440,393.1118277
4320115,1969/6/22,男,未婚,研究生,2021/2/3 23:43,3770930854,504.5179827
6315118,1982/2/20,男,未婚,研究生,2020/11/25 22:48,3772834674,150.9532144
3320112,1988/1/29,女,未婚,本科,2020/3/25 9:14,3775383328,685.2163083
6713119,1996/8/16,男,未婚,本科,2020/7/2 4:23,3775463052,584.954001
5412119,1970/9/27,女,未婚,研究生,2023/4/14 19:41,3775687071,319.7956014
5416114,1981/6/11,男,已婚,大专,2022/8/9 11:38,3775849371,885.4413433
3613118,1976/2/3,男,未婚,大专,2021/11/29 13:19,3777515822,907.8670661
5620111,1971/12/23,男,未婚,研究生,2022/3/3 22:38,3778080378,316.7421335
6013120,1991/9/5,女,未婚,中专,2020/8/25 5:43,3781065758,593.2854789
5411117,1973/10/30,女,未婚,研究生,2023/1/28 8:58,3782446000,731.2777328
6414112,1997/9/12,男,未婚,中专,2020/10/21 1:02,3784310863,520.0670543
5317118,1997/11/14,男,已婚,研究生,2023/2/11 7:32,3787223912,157.4768251
4913113,2000/7/13,男,已婚,研究生,2020/7/31 21:07,3787325947,786.6647244
5411113,1997/5/21,男,未婚,本科,2022/4/9 5:34,3790189724,672.0520399
6713116,1983/7/13,男,已婚,中专,2023/6/4 2:26,3790645347,52.65325529
3313114,1991/12/9,男,未婚,中专,2023/5/23 10:14,3794032956,831.5297552
4317117,1987/12/22,女,已婚,中专,2022/4/2 19:35,3794826897,294.4968365
4018117,1984/9/16,男,已婚,中专,2020/3/12 4:04,3795929940,356.1338709
5412117,1981/3/30,男,已婚,本科,2021/1/30 18:07,3797568803,54.44072968
4717112,1978/9/2,男,未婚,本科,2023/1/2 21:42,3799254005,783.3070124
3811113,1980/4/7,男,已婚,中专,2022/9/21 2:34,3799568095,361.1682482
4413119,1982/1/3,男,未婚,研究生,2022/11/19 10:02,3799819852,28.42594308
5718112,1987/3/27,女,已婚,研究生,2023/1/30 16:44,3801872030,515.1584204
3511115,1990/2/28,女,未婚,本科,2021/2/13 1:24,3802049058,390.0469873
6411119,1982/4/20,男,已婚,中专,2020/7/8 1:39,3802755429,517.6074419
3413119,1985/5/1,女,已婚,博士,2020/1/24 2:17,3802981576,718.2230839
6514113,1973/12/22,男,未婚,博士,2020/5/6 3:07,3803059017,392.2880732
4015116,1995/8/12,女,已婚,本科,2021/8/11 23:36,3805387963,484.7697823
6717116,1996/2/15,男,已婚,研究生,2022/7/6 4:56,3808532390,720.6112787
3817119,1981/12/10,女,已婚,中专,2020/5/9 5:50,3809230972,435.131731
4817113,1975/12/7,男,已婚,本科,2023/4/25 21:19,3813670571,932.4558267
5016119,1971/3/29,男,已婚,研究生,2023/1/13 0:08,3815068651,273.5816504
3312112,1980/2/23,男,已婚,中专,2023/1/1 18:27,3816691190,538.8170022
6019117,1970/6/8,男,已婚,大专,2023/4/27 1:07,3817260765,518.0500751
5211111,1969/1/2,男,已婚,本科,2022/11/6 22:30,3817398196,182.410209
5118119,2000/8/22,女,未婚,本科,2020/2/27 5:27,3820468685,1158.287163
6611118,1972/5/7,男,未婚,博士,2022/10/21 10:00,3821461963,921.5980762
4020113,1972/10/8,男,已婚,本科,2020/3/10 21:58,3828998143,382.1376572
6718117,1976/10/21,女,已婚,研究生,2022/6/16 6:11,3829389234,824.9671934
5415111,1975/8/22,女,已婚,本科,2020/3/28 3:08,3832293852,807.9588758
5015119,1973/8/24,男,未婚,研究生,2021/12/29 11:30,3833817079,615.5771884
4518115,1995/7/20,男,未婚,研究生,2022/3/1 14:43,3836124372,862.0169002
3613119,2000/5/22,女,未婚,中专,2022/1/8 2:31,3838260737,855.1835424
5913111,1987/3/18,男,未婚,大专,2023/4/18 20:56,3839927457,711.9380008
6313114,1995/6/14,女,已婚,研究生,2020/10/12 10:22,3840114091,1037.954191
5011112,1972/8/5,女,未婚,本科,2020/9/26 21:25,3840842696,431.2780277
5918112,1975/8/15,女,未婚,大专,2022/9/26 15:20,3840974709,743.892933
5115113,1977/11/28,女,未婚,研究生,2020/11/12 9:44,3841032098,152.6339016
6318120,1999/9/8,男,已婚,大专,2020/4/2 13:35,3841363825,240.6652087
6018117,1998/9/3,男,未婚,博士,2021/11/2 15:08,3841785135,446.6837803
5419115,1975/5/16,男,已婚,研究生,2021/11/19 3:23,3842253792,461.4576611
3718111,1988/6/22,女,未婚,中专,2021/9/18 0:54,3842856900,89.925734
4020114,1993/11/15,男,未婚,本科,2021/11/30 20:27,3843394875,1051.393892
5716115,1978/10/30,女,未婚,研究生,2022/12/27 6:38,3849039846,459.4808291
6020112,1975/11/21,男,未婚,中专,2022/10/1 22:28,3852433461,783.2405631
4111118,1983/9/21,男,未婚,中专,2022/9/9 22:25,3853521322,690.470404
5619120,1981/6/21,女,已婚,中专,2023/1/7 5:23,3855526352,278.426152
5613113,1985/9/9,女,已婚,大专,2023/5/31 12:21,3857164467,921.9614583
4320120,1981/1/19,女,已婚,本科,2023/5/26 10:57,3858220514,553.963997
6017112,1996/6/12,女,未婚,大专,2021/11/1 0:48,3859296446,524.5829976
3319112,1986/5/2,女,已婚,中专,2022/9/5 21:18,3859328369,615.6010661
3913115,1968/11/17,女,未婚,研究生,2023/3/8 23:22,3860822897,1107.366258
3814112,1987/7/10,男,未婚,研究生,2021/11/29 5:21,3860860762,746.8154202
3412112,1983/8/23,男,已婚,中专,2020/7/19 2:12,3861658952,572.9106006
6411114,1990/11/30,男,未婚,中专,2020/2/20 15:55,3862611292,1020.053764
5820118,1969/5/9,男,已婚,大专,2020/6/18 10:26,3863238162,757.2579165
5117116,1975/6/12,女,未婚,本科,2022/12/17 11:29,3863455656,766.9920687
5018113,1996/2/21,女,未婚,本科,2020/5/19 3:05,3865494029,405.2096266
4513119,1983/11/12,男,未婚,研究生,2020/11/26 10:58,3872281183,228.2264194
5418111,1981/2/15,男,已婚,大专,2023/1/4 3:50,3872680617,765.3558581
5314111,1976/12/22,男,已婚,博士,2020/7/21 7:38,3872825703,405.448328
4715114,1983/4/14,男,已婚,中专,2023/5/7 16:34,3872922436,954.3318571
4211114,1989/8/1,女,未婚,本科,2022/6/25 4:22,3875346929,569.1584174
6713119,1996/8/16,男,未婚,本科,2020/11/6 11:19,3876449782,890.8698982
6513118,1985/10/31,男,未婚,博士,2022/6/4 3:26,3877315808,473.6256796
4212114,1998/10/27,女,未婚,本科,2021/6/27 2:13,3881776948,675.2023795
4411120,1983/7/31,女,已婚,博士,2020/8/3 21:51,3882487855,506.12862
6012111,1983/3/19,女,已婚,大专,2020/12/24 13:52,3883250877,477.6038587
3612118,1978/11/25,男,已婚,本科,2023/4/29 23:43,3884462600,212.765418
5620119,1973/1/18,男,已婚,博士,2023/2/10 18:27,3884982010,830.2123663
4915116,1989/9/4,男,已婚,大专,2020/2/14 9:41,3887527288,437.5659355
3413116,1986/10/12,男,未婚,研究生,2021/1/13 6:21,3888443879,443.8422516
5816114,1996/1/24,女,已婚,大专,2022/11/27 16:16,3889868264,560.9874388
5415114,1986/3/18,男,未婚,本科,2023/4/12 18:56,3893111729,1002.574931
3417120,1982/12/24,男,未婚,研究生,2019/12/27 9:28,3894076394,742.4275192
4913114,1983/7/22,男,已婚,本科,2021/1/14 9:06,3896135708,361.1337792
5511117,1978/5/15,男,已婚,本科,2023/1/24 7:56,3901599595,660.6593608
6413116,1977/5/24,女,已婚,博士,2023/1/15 6:16,3902820315,349.2442858
6420120,1977/4/16,女,已婚,本科,2021/2/24 20:21,3903278507,768.3679196
3416116,1990/10/18,男,已婚,研究生,2021/4/16 6:23,3906912443,688.0213258
6217115,1984/7/14,女,已婚,本科,2023/3/25 22:38,3908212701,702.956006
6713112,1988/7/1,男,已婚,博士,2021/8/18 0:36,3910086665,345.7086729
4413116,1980/5/5,女,未婚,研究生,2021/7/20 3:27,3910637842,561.7069953
5720113,1989/12/11,男,未婚,中专,2023/5/25 9:22,3910884942,523.8097226
4017117,1994/10/28,女,未婚,中专,2022/8/27 6:04,3911731169,1191.120936
3320114,1994/7/8,女,未婚,本科,2020/10/2 13:04,3912848829,1051.627508
3216115,1982/12/26,女,已婚,研究生,2021/2/3 19:53,3915254634,112.3415877
5813114,1996/5/15,女,已婚,本科,2020/8/30 18:31,3915332391,488.9345643
5116113,1989/8/9,女,未婚,博士,2023/3/28 6:51,3918367175,811.6846547
5911119,1994/10/18,女,未婚,本科,2021/2/10 9:41,3922199951,1118.641128
6418118,2000/5/27,女,已婚,本科,2023/5/29 14:01,3924594869,257.9376564
6117114,2000/11/7,女,未婚,本科,2020/6/30 5:51,3924857700,838.2629571
4315120,1978/1/4,女,已婚,研究生,2022/3/25 20:32,3925019308,1010.386547
6713115,1990/12/1,男,已婚,博士,2022/4/18 12:21,3927845624,731.8924241
3912112,1994/7/3,男,未婚,本科,2022/7/31 15:48,3928690416,26.22295585
5917116,1990/7/27,男,已婚,研究生,2022/3/17 23:22,3929826743,1027.323048
3713112,1982/5/1,男,未婚,研究生,2019/12/6 20:30,3929926016,28.01276533
5414118,1982/10/8,男,未婚,大专,2022/9/3 10:55,3934162114,59.79280726
5915112,1995/11/19,女,未婚,本科,2021/9/21 14:13,3934540265,581.1644655
6518118,1985/8/11,女,已婚,博士,2020/11/5 11:47,3939384053,587.1141674
3615113,1970/12/13,女,未婚,研究生,2021/10/12 5:40,3940112633,183.7038222
5216117,1980/1/2,女,未婚,本科,2022/7/6 0:27,3944950347,751.3692351
5319119,1996/12/21,女,未婚,中专,2020/6/8 9:11,3945886002,821.10166
4813115,1974/4/2,男,已婚,中专,2023/4/1 23:38,3945965719,776.0916501
3613120,1979/1/29,女,已婚,大专,2021/3/3 4:22,3949957229,906.5469023
5713112,1970/4/15,男,未婚,大专,2021/5/30 16:30,3949973036,634.9731158
6515111,1980/8/24,女,已婚,中专,2021/1/15 4:22,3952353379,663.3984811
4013120,1969/9/14,男,已婚,博士,2021/2/16 2:21,3953024671,212.1225563
5418120,1982/6/26,女,未婚,中专,2020/6/2 21:36,3954132686,825.5360056
3615119,1973/11/22,男,未婚,大专,2021/11/17 16:35,3954192715,602.4623647
5420120,1983/9/23,女,未婚,研究生,2020/6/2 16:19,3956479071,663.6032108
4011114,1970/8/28,女,已婚,中专,2021/10/7 15:24,3957456029,980.0897131
4518120,1990/9/27,男,未婚,本科,2022/5/27 21:10,3958613497,707.1855967
6112113,1973/6/16,女,已婚,本科,2020/7/10 11:45,3959845721,427.5546585
3812116,1977/8/1,男,未婚,大专,2019/12/28 8:40,3960519356,560.5426548
6619117,1996/1/27,女,已婚,中专,2021/12/11 21:50,3961723573,327.2121545
4612115,1990/10/10,男,未婚,研究生,2020/7/31 16:38,3964260053,983.5459501
4614117,1986/8/17,男,已婚,中专,2023/4/6 17:02,3965239234,915.9255968
3218119,1976/3/3,男,未婚,大专,2020/8/20 0:29,3965849468,22.14317668
4613113,1983/6/20,女,已婚,博士,2023/1/8 11:09,3971093568,241.8266011
3218116,1981/12/24,女,已婚,本科,2020/2/21 23:47,3971183662,171.7017135
5719117,1989/7/19,女,已婚,研究生,2022/3/7 21:54,3972164657,292.2826657
3515111,1973/7/24,女,已婚,大专,2022/4/5 8:15,3973087258,1074.477985
4912118,1986/4/11,女,已婚,大专,2023/4/11 1:32,3973088419,564.5352333
3217118,1984/5/6,男,未婚,博士,2020/7/26 22:21,3973986125,241.689801
6416118,1995/4/13,男,已婚,研究生,2023/3/17 12:08,3974298313,1010.966106
4913115,1990/4/6,男,未婚,大专,2020/8/12 18:02,3974929253,519.7294362
4419112,1986/12/3,男,未婚,本科,2021/7/3 4:30,3976850834,1244.350713
5313112,1981/2/7,女,已婚,博士,2023/3/9 5:12,3977586936,975.0458651
5213118,1989/12/16,男,已婚,研究生,2022/10/9 10:26,3981798267,977.7213151
6213114,1981/4/15,女,未婚,本科,2023/3/25 7:20,3982934623,369.841537
6619120,1984/12/11,男,已婚,本科,2023/3/8 7:42,3983764526,903.7837496
4712119,1972/4/24,女,未婚,研究生,2022/4/13 19:35,3984123254,960.3979003
4912112,1996/4/27,女,未婚,本科,2023/5/10 2:41,3984951553,351.6673403
6720119,1992/1/23,男,已婚,大专,2022/6/4 15:15,3987467890,324.532206
5717116,1975/1/19,女,未婚,研究生,2020/7/10 7:01,3988370834,575.6616295
4420117,1982/11/14,男,已婚,博士,2021/8/24 10:22,3989795777,242.4490257
5117117,1995/12/22,男,已婚,研究生,2023/2/13 16:22,3990161178,1016.412521
3717119,1992/10/11,男,未婚,中专,2022/6/4 22:53,3991670383,813.5370796
4412113,1973/9/17,女,未婚,博士,2023/4/29 16:19,3995317517,44.38419055
3214112,1980/11/27,男,已婚,本科,2023/3/15 10:33,4002494939,157.2223858
5714116,1971/8/3,男,已婚,本科,2023/1/25 12:46,4006976621,504.1533884
5816117,1976/7/22,女,已婚,研究生,2021/1/23 0:36,4007148662,512.6122437
6316111,1987/12/26,女,已婚,本科,2023/5/17 2:17,4007891554,836.507136
5514112,1973/12/4,女,已婚,本科,2023/1/24 4:32,4009752823,683.1479866
4814111,1980/8/26,女,未婚,博士,2020/5/12 18:54,4010091403,359.3769854
6215119,1996/3/3,男,未婚,研究生,2023/5/15 16:25,4013592405,507.1072133
5216113,1982/4/21,女,未婚,本科,2021/2/18 8:56,4013686103,907.9475437
5519119,1969/11/9,男,未婚,本科,2022/7/9 8:21,4016697594,603.3092714
3216118,1986/11/27,男,未婚,研究生,2020/8/21 2:48,4016781150,877.6899463
3616119,1983/9/16,女,已婚,研究生,2020/10/29 15:09,4016975299,355.6602806
5916112,1988/2/4,男,已婚,博士,2021/12/2 16:41,4020744561,282.5438462
3315112,1986/5/9,男,未婚,大专,2021/8/2 22:45,4022479708,1035.522689
4419115,1982/5/13,女,未婚,大专,2020/8/28 7:25,4024553168,363.0897802
6318118,1992/6/23,女,已婚,本科,2022/12/9 3:13,4025585915,763.8797772
4420116,1980/8/16,女,未婚,中专,2021/4/25 15:30,4026189916,173.986775
4814112,1995/5/16,女,未婚,博士,2020/1/30 10:20,4027479639,205.5139414
4111116,1983/5/15,女,已婚,中专,2023/4/19 3:15,4027962912,915.5274774
4820111,1987/9/18,男,已婚,中专,2020/6/9 1:58,4028044953,152.700641
3914119,1984/7/8,男,未婚,博士,2022/11/8 17:33,4028112725,81.28881267
6614120,1987/1/21,女,未婚,中专,2022/12/26 17:29,4029249057,576.1332592
6316117,1980/2/14,男,未婚,中专,2022/5/8 7:44,4032916199,446.5352515
5913111,1987/3/18,男,未婚,大专,2023/2/6 7:47,4033759593,223.1184121
6319112,1994/5/9,男,已婚,博士,2022/5/3 10:24,4033848767,457.8524485
4116116,1968/11/20,男,已婚,博士,2020/7/31 7:32,4034440235,805.1324444
4511111,1992/7/9,男,未婚,研究生,2020/6/17 17:10,4036737422,767.1865312
6011112,2000/6/14,男,未婚,研究生,2020/9/29 20:37,4037042551,498.2009191
4419113,1992/5/24,男,未婚,大专,2021/10/13 13:07,4037366950,644.493052
4717114,1974/6/10,女,未婚,大专,2023/2/24 3:18,4037715508,495.8465118
5112120,1989/1/5,女,未婚,大专,2022/4/15 15:13,4039132822,138.7894829
3619120,1993/1/2,女,未婚,研究生,2019/12/12 2:40,4042342412,630.9908707
6617113,1983/2/22,女,已婚,本科,2022/7/16 21:29,4047174973,756.6594453
4113119,1973/9/16,女,已婚,研究生,2023/1/19 10:10,4052034188,117.3579476
5612120,1982/12/18,女,未婚,本科,2021/3/25 9:32,4052091052,624.8646463
3313116,1994/10/8,女,未婚,大专,2021/11/30 1:41,4054129792,763.2968694
4618117,1980/9/19,女,已婚,中专,2020/2/25 12:52,4055858523,394.7200811
5220114,1976/12/29,女,未婚,大专,2020/2/3 2:00,4058078761,187.3636676
3217113,1970/12/29,男,未婚,研究生,2022/8/23 5:47,4059369415,896.7403923
5711111,2000/6/23,男,已婚,本科,2021/4/27 3:55,4059652099,1218.968404
6414119,1969/7/25,女,未婚,研究生,2021/5/24 10:31,4061175532,623.6432555
4520116,1990/9/18,女,未婚,研究生,2021/5/8 4:28,4062137845,541.4559707
3313113,1975/5/21,男,未婚,研究生,2021/6/29 20:37,4062374767,564.8764258
4516113,1969/6/26,女,未婚,本科,2020/10/27 11:07,4065162490,884.3494453
5315112,1992/2/21,男,未婚,中专,2020/6/5 15:47,4068180877,866.8221273
6312115,1993/1/19,女,未婚,研究生,2021/1/25 6:39,4069870741,279.9250988
3912111,1996/7/2,女,未婚,大专,2021/12/12 18:23,4070835205,380.0624715
4311113,1980/3/29,男,已婚,博士,2022/1/16 8:48,4073425789,687.6508195
4713118,1988/3/20,女,未婚,本科,2022/5/14 18:24,4075350264,815.4360903
3518118,1979/3/12,男,未婚,本科,2023/1/7 14:13,4077220497,467.8923471
5818111,1994/9/5,女,未婚,本科,2022/12/29 13:58,4077947790,258.3382632
4916119,1995/10/16,男,已婚,本科,2021/3/24 7:20,4079853624,1163.178132
5315114,1976/8/14,男,未婚,研究生,2022/9/15 7:06,4080315775,632.4000867
6316115,1972/6/30,女,未婚,本科,2023/3/1 13:33,4081577591,28.92025965
6316119,1987/1/20,女,已婚,研究生,2021/6/3 12:18,4085426864,635.9668671
5311113,1982/8/6,女,未婚,大专,2020/4/9 0:50,4092315052,762.0209251
5214113,1971/7/9,女,未婚,博士,2023/4/21 17:58,4094126654,419.9249484
3313114,1991/12/9,男,未婚,中专,2020/1/28 12:32,4096659718,887.2199291
6613120,1992/9/25,男,已婚,本科,2023/5/15 21:21,4097876946,701.1850062
3714115,1968/8/2,女,已婚,本科,2022/7/14 8:10,4099089078,573.7557603
5620116,1983/11/12,女,已婚,博士,2021/7/1 14:46,4099916743,705.5298118
3311117,2000/5/8,女,已婚,博士,2022/12/13 18:22,4100343430,267.8970478
3713114,1995/12/30,女,已婚,博士,2021/2/21 23:18,4101392081,631.3088066
3719117,1997/4/25,男,已婚,本科,2020/8/28 9:36,4104060059,267.58478
4311116,1983/12/17,男,未婚,中专,2022/8/12 6:09,4104278965,1068.015322
3816119,1984/12/13,男,未婚,本科,2021/10/26 20:59,4107656522,858.165453
5114116,1988/4/14,男,未婚,大专,2022/10/9 1:50,4108877852,276.6551974
5816111,1978/8/17,男,已婚,博士,2023/4/7 3:48,4111540965,406.6516076
5813114,1996/5/15,女,已婚,本科,2020/4/23 15:00,4111960140,938.1924495
3415115,1977/6/12,男,未婚,本科,2022/10/13 4:38,4114299452,346.3617605
4314119,1986/7/2,男,已婚,大专,2021/9/12 10:25,4116652462,413.9070548
3819118,1978/2/14,男,已婚,本科,2021/9/5 14:38,4122482496,152.4447944
3616120,1983/7/28,女,已婚,研究生,2022/2/16 0:56,4124882977,993.9657022
5811114,1991/1/13,女,已婚,博士,2020/6/23 12:23,4124930018,269.6694273
5117113,1990/2/17,男,已婚,博士,2023/1/2 14:10,4125438413,528.9912104
6111117,1994/11/18,男,未婚,本科,2023/6/4 1:58,4129918647,808.5055381
5711114,1993/11/29,女,未婚,研究生,2020/11/19 0:14,4132326809,552.0406697
6417118,1968/8/18,男,已婚,研究生,2020/12/31 21:42,4132510529,332.3677526
4718111,1983/9/10,男,已婚,研究生,2020/12/13 20:01,4133567865,486.4666779
6412117,1998/11/18,男,未婚,本科,2020/9/5 21:31,4134081603,303.8074311
4911119,1993/10/2,男,已婚,研究生,2022/6/5 4:39,4137549773,574.3699458
3817113,1986/2/27,男,已婚,研究生,2023/1/6 8:20,4138381783,281.6485195
6112120,1994/9/8,女,未婚,中专,2019/12/19 21:38,4138388996,548.0481947
4016119,1980/4/19,女,未婚,中专,2022/9/29 21:49,4139186656,351.2373406
4916120,1985/5/1,女,未婚,研究生,2020/5/26 7:22,4141620439,484.4398136
4820119,1986/12/12,男,未婚,大专,2023/1/27 23:39,4142581674,493.3915187
3416117,1969/5/23,女,已婚,研究生,2023/3/30 14:05,4144163129,467.9766227
6019118,1973/2/23,男,已婚,研究生,2021/8/23 12:14,4145761132,338.833152
4420120,1973/4/8,女,未婚,本科,2019/12/19 23:28,4145771455,698.1133471
4316111,1989/7/16,女,已婚,大专,2023/4/6 7:47,4147975239,590.7933715
4219118,1992/11/24,女,未婚,研究生,2021/7/15 21:18,4148054087,1011.181747
3412113,1970/8/2,女,未婚,本科,2020/10/15 2:12,4150651555,164.7070248
6419119,1980/5/21,男,未婚,本科,2023/3/30 6:50,4151242680,874.3039855
6012111,1983/3/19,女,已婚,大专,2022/4/1 16:36,4157312890,458.5888182
6618113,1977/10/21,男,未婚,中专,2021/6/4 1:03,4158163523,542.6237406
6313115,2000/8/26,女,已婚,大专,2022/12/30 0:53,4158535602,476.9445418
3515113,1976/4/11,女,未婚,本科,2023/4/11 6:55,4159695802,502.2748518
4414119,1970/1/4,女,未婚,本科,2022/3/12 2:11,4160373374,870.4507385
6111117,1994/11/18,男,未婚,本科,2019/12/22 0:07,4161935941,453.5377591
5518117,1988/4/27,男,未婚,研究生,2020/11/18 17:45,4164677140,671.5911373
5818111,1994/9/5,女,未婚,本科,2020/2/27 17:38,4165148317,631.0090937
5313111,1997/5/9,女,已婚,博士,2023/4/28 4:34,4166571134,402.4067499
3916111,1992/3/16,男,未婚,大专,2022/6/29 5:22,4167513482,450.267004
5620116,1983/11/12,女,已婚,博士,2020/2/2 4:47,4168294822,541.5238358
5518111,1981/5/20,女,已婚,本科,2023/3/28 10:54,4169251690,594.6490259
6116111,1967/12/18,女,未婚,大专,2020/6/15 7:10,4169257376,364.2980769
4819115,1981/7/30,男,已婚,博士,2021/2/9 20:42,4170561178,320.7994013
3519117,1973/7/26,女,已婚,中专,2022/5/11 16:51,4172521418,644.4959128
6614120,1987/1/21,女,未婚,中专,2020/11/11 21:00,4175216275,346.503535
5920111,1976/10/9,女,已婚,博士,2022/8/28 15:57,4178690205,737.5394081
5317120,1986/1/14,男,未婚,研究生,2021/8/13 23:58,4178915274,509.4203042
4516114,1969/11/14,男,已婚,研究生,2022/3/28 1:28,4179217350,929.3764423
4612118,1979/2/11,女,未婚,本科,2022/6/1 17:36,4179370717,155.5837323
4316112,1989/7/18,男,未婚,本科,2021/3/16 22:07,4179968788,709.5765203
4113111,1978/1/29,男,未婚,研究生,2020/8/18 8:32,4180357458,369.3272527
4719116,1991/12/13,女,未婚,本科,2022/10/3 2:02,4182135835,564.4288861
3312112,1980/2/23,男,已婚,中专,2023/4/13 8:35,4182474516,129.9106224
4615118,1971/2/4,女,已婚,本科,2021/6/7 16:33,4184961180,25.13952822
4518117,1988/6/3,女,已婚,中专,2022/5/10 16:50,4185857724,211.76755
3216118,1986/11/27,男,未婚,研究生,2022/7/4 21:55,4186770265,680.0966289
3620112,1968/6/7,男,未婚,研究生,2023/3/29 13:04,4189156256,132.765254
5512118,1997/8/17,女,未婚,博士,2022/4/12 9:48,4189330228,416.6621013
5115114,1976/9/16,女,未婚,本科,2020/1/2 10:21,4189620490,681.6915143
5013114,1998/8/31,男,已婚,本科,2021/10/28 20:18,4190319756,530.0598312
6519119,1984/10/22,男,未婚,研究生,2023/1/11 4:08,4190688920,419.0070209
3217111,1984/6/20,男,已婚,研究生,2022/2/14 14:51,4191388805,856.9808689
6613112,1973/6/7,男,已婚,博士,2021/9/14 16:23,4192713425,764.946552
6516115,1992/12/19,男,已婚,本科,2021/2/28 10:10,4193560421,882.1315272
4217114,1990/7/6,男,已婚,研究生,2021/10/22 9:56,4194085641,128.0619543
4011116,1980/5/29,女,已婚,大专,2022/2/18 18:29,4197087313,258.2950461
5111112,1982/9/14,女,已婚,中专,2022/2/8 3:10,4197337333,726.3801659
6016118,1971/1/13,女,未婚,大专,2021/4/13 0:03,4199563293,516.8379589
5418111,1981/2/15,男,已婚,大专,2020/2/24 10:50,4200076189,878.274368
5715119,1974/12/6,女,未婚,研究生,2021/3/22 20:32,4200921199,717.9318792
5917114,1983/7/3,男,未婚,博士,2022/4/27 20:19,4202984653,208.917033
4913117,1976/4/1,女,未婚,大专,2023/2/17 12:25,4205631023,885.6139267
5719112,1985/8/25,女,未婚,中专,2020/3/1 7:08,4209945663,1126.213812
4117118,1982/2/26,男,已婚,研究生,2022/5/27 18:12,4212989500,247.3103531
6011120,1991/3/1,男,已婚,研究生,2020/9/19 17:23,4214049717,366.1612422
6116120,1971/6/11,男,未婚,大专,2023/4/5 3:18,4214623935,646.2962102
3812120,1968/6/14,女,未婚,博士,2023/4/10 4:11,4216499709,492.5771339
5217115,1974/3/9,女,已婚,研究生,2021/10/21 7:12,4217531955,36.69784038
4812118,1999/5/6,男,已婚,本科,2023/3/30 8:23,4218068206,323.5324173
5918118,1978/5/28,男,已婚,本科,2020/7/22 22:02,4219450990,137.273336
4715116,1975/1/31,男,已婚,大专,2022/5/3 5:09,4220317408,82.49466471
5715117,1995/9/18,男,未婚,本科,2020/10/12 10:46,4223532154,287.7072019
4012112,1986/2/6,女,已婚,大专,2022/11/27 11:32,4227112813,282.0536103
4416120,1998/11/22,男,已婚,本科,2023/4/14 11:27,4227838321,532.0380049
4018118,1989/7/13,女,已婚,博士,2021/7/9 8:56,4227955239,940.0981868
5218118,1992/12/7,男,未婚,博士,2021/10/26 12:12,4228356900,273.540211
6117111,1976/5/8,男,未婚,大专,2022/8/19 13:21,4235470189,747.4347452
5016112,1998/11/28,女,未婚,中专,2021/1/13 7:51,4237063272,197.2916825
4713115,1978/6/20,男,已婚,本科,2021/7/18 21:14,4239087605,174.9773546
6214120,1994/4/8,女,已婚,大专,2022/4/5 2:36,4241759270,991.5693058
5514120,1989/3/1,女,已婚,博士,2021/6/18 16:37,4243014176,695.4825509
3513111,1969/12/7,男,已婚,本科,2022/1/14 4:12,4244379654,561.8064353
5518111,1981/5/20,女,已婚,本科,2020/11/2 17:30,4247130073,559.6028254
4419115,1982/5/13,女,未婚,大专,2020/4/1 7:23,4249293102,530.6234126
6312112,1970/11/15,女,未婚,博士,2020/1/24 0:42,4249391977,699.7192035
5516112,1995/7/14,男,未婚,本科,2022/10/23 10:31,4253769580,495.4140984
3915112,1999/6/1,女,未婚,本科,2022/8/4 1:06,4253839890,561.0353881
4514112,1983/9/2,男,已婚,大专,2021/2/25 2:57,4255556888,287.1298026
4111118,1983/9/21,男,未婚,中专,2023/3/9 17:31,4256874759,860.4472593
5519118,1979/10/6,女,已婚,博士,2021/11/15 5:37,4259328932,538.2228726
6711115,1986/1/18,女,未婚,大专,2022/12/16 17:00,4259488909,1103.853885
5217120,1978/4/8,女,未婚,博士,2019/12/18 23:27,4259777800,291.8983505
4516113,1969/6/26,女,未婚,本科,2022/7/7 9:16,4261356612,814.1071944
6215116,1978/1/28,女,已婚,博士,2022/6/27 8:41,4261840310,228.8768257
4811113,1988/11/19,女,已婚,研究生,2020/2/10 5:43,4262783631,481.8927908
4016120,1988/3/3,女,未婚,中专,2022/5/10 8:39,4263162214,590.7918717
3515118,1976/5/29,女,未婚,大专,2022/7/16 5:09,4263583104,763.5526743
3215116,1980/10/8,女,未婚,研究生,2020/7/3 1:14,4267348893,999.4598542
3812115,1989/5/20,男,已婚,博士,2023/4/10 16:54,4269941347,380.2470185
4416120,1998/11/22,男,已婚,本科,2023/5/20 2:47,4271923169,591.2353968
4114113,1994/3/2,男,未婚,本科,2023/1/28 13:33,4272379490,673.2595434
6517114,1978/5/14,女,已婚,研究生,2022/8/18 18:33,4273476168,921.5025111
5916120,1985/8/20,男,已婚,本科,2022/9/5 3:35,4273695372,285.4579924
6312116,1974/5/18,女,已婚,博士,2022/10/6 4:22,4274485995,219.4846151
5711117,1994/3/3,女,未婚,本科,2023/2/18 19:55,4274787021,625.1387932
5517117,1987/11/12,女,已婚,博士,2020/12/22 9:31,4275528333,276.156626
4317112,1997/1/12,女,已婚,本科,2022/7/8 22:57,4276074585,469.5587336
5512119,1989/12/18,女,未婚,研究生,2020/1/27 21:28,4277466735,640.0759472
6714118,1988/1/25,女,已婚,本科,2021/3/22 2:47,4280550076,236.2211491
6318118,1992/6/23,女,已婚,本科,2020/11/17 1:25,4281790339,271.4149022
3319116,1975/9/26,女,未婚,大专,2021/10/31 20:59,4282921451,413.8689712
5119115,1977/12/27,女,已婚,研究生,2022/3/6 15:35,4285628805,461.2702522
3916112,1968/1/12,女,已婚,研究生,2022/4/24 13:43,4288053574,1044.913526
4117112,1984/8/29,女,已婚,中专,2021/1/8 21:03,4293027700,656.0015642
3517120,1990/7/2,女,已婚,本科,2021/3/15 20:29,4293465294,644.0210416
6419114,1987/7/13,女,未婚,大专,2021/11/12 15:46,4293942418,938.0717933
5520112,1985/3/2,男,已婚,研究生,2020/7/17 11:58,4297535632,482.0512843
3715114,1983/11/18,女,未婚,本科,2020/7/16 6:37,4297620837,605.4773309
6720115,1990/6/13,女,未婚,本科,2020/11/29 18:34,4297951078,228.4884449
3214117,1977/4/27,男,已婚,博士,2022/5/12 6:03,4300054742,687.3923039
4215115,1989/2/20,女,未婚,中专,2022/9/5 11:41,4301519022,813.7710738
4812118,1999/5/6,男,已婚,本科,2023/2/2 5:26,4303333180,579.8496757
5712117,2000/6/16,女,未婚,博士,2023/1/21 23:20,4310689053,721.3351656
6618117,1979/7/13,女,已婚,研究生,2021/10/4 18:24,4313694171,564.3126883
6213111,1977/10/7,女,未婚,本科,2020/10/5 23:36,4315080759,254.1904922
3819118,1978/2/14,男,已婚,本科,2021/11/4 1:13,4316728757,1057.208122
3220117,1969/5/11,男,已婚,研究生,2021/5/3 9:47,4318533470,595.1016815
5919115,1973/12/1,男,未婚,大专,2021/2/10 8:01,4319985211,948.3143825
3316119,1971/12/15,男,未婚,中专,2020/6/19 13:03,4321190483,680.857512
4317119,1968/5/20,女,未婚,研究生,2020/3/1 15:46,4323337095,654.9803294
5315118,1978/9/30,女,未婚,大专,2021/3/6 22:59,4323615928,59.47194526
3811119,1971/10/14,男,未婚,研究生,2023/5/11 1:21,4324125377,442.8405838
3617116,1988/7/20,女,已婚,大专,2023/1/15 18:15,4324194161,567.5719905
4615111,1995/9/30,男,已婚,大专,2020/10/12 4:32,4325129690,1169.558803
3912117,1999/9/17,女,已婚,博士,2020/12/19 14:28,4325897145,332.2304415
3518119,1972/6/19,女,已婚,中专,2021/12/20 14:21,4326141492,221.1851891
4317112,1997/1/12,女,已婚,本科,2020/5/31 14:52,4329088911,331.3080063
3415114,1977/6/27,女,未婚,研究生,2020/10/7 2:43,4329891910,696.3595957
5715115,1975/8/23,男,已婚,研究生,2021/9/1 8:52,4330092277,996.9131337
5915117,1989/9/5,男,未婚,大专,2022/12/12 12:46,4331650685,606.8917172
6017111,1998/10/6,女,未婚,研究生,2023/5/12 19:18,4332562135,259.7248828
3620119,1991/8/13,男,已婚,博士,2023/1/3 5:51,4336567834,866.1318937
6212112,1976/6/29,女,未婚,大专,2021/8/18 11:51,4336787012,551.292817
5214115,1974/2/10,男,已婚,研究生,2021/9/27 6:33,4337144065,469.9973357
3715113,1997/7/30,男,未婚,大专,2022/12/30 9:44,4339822951,285.6411033
4915112,1979/12/24,女,已婚,中专,2020/4/13 4:10,4339992912,727.9051905
5214114,1986/1/28,女,已婚,大专,2021/6/23 23:13,4340398218,681.2174381
4518117,1988/6/3,女,已婚,中专,2020/10/22 1:36,4340861056,693.1605926
3215111,1973/12/26,女,已婚,本科,2020/4/26 7:11,4342498901,446.9481296
6012119,1981/5/9,女,已婚,本科,2022/12/15 21:08,4343733526,1012.318764
5211116,1982/12/12,男,已婚,本科,2019/12/22 4:52,4344793595,534.8183257
6218113,1973/9/10,男,已婚,本科,2021/5/26 13:33,4348263624,590.4139463
3411114,1976/11/22,女,已婚,博士,2022/6/16 15:49,4348432791,1135.718881
4317118,1970/7/3,女,已婚,大专,2022/9/28 20:13,4350990391,698.1127878
4419113,1992/5/24,男,未婚,大专,2022/11/13 14:08,4351534865,699.280932
5115117,1986/3/23,女,未婚,博士,2022/3/25 23:50,4353639517,652.5273236
4415115,1980/12/16,男,未婚,中专,2021/3/20 16:54,4356189547,890.569242
5618117,1971/6/29,女,未婚,博士,2022/5/7 1:42,4356491654,252.9579308
5212113,1969/1/29,男,已婚,本科,2021/2/11 13:59,4356843327,605.2096813
4116113,1986/10/16,女,未婚,研究生,2023/4/28 13:09,4357381190,770.3706286
6719120,1991/5/17,男,已婚,大专,2020/2/25 13:25,4358152842,110.5561285
4816111,2000/7/25,女,已婚,大专,2021/6/24 17:13,4361263435,380.9418824
5017113,1980/2/12,女,已婚,中专,2023/2/10 2:46,4361766814,666.4501423
3919111,1985/11/14,女,已婚,博士,2022/7/1 1:13,4368646267,300.7447591
6111112,1978/7/26,男,未婚,大专,2023/3/29 13:36,4368662468,240.486295
6217112,1990/8/15,女,未婚,博士,2022/7/22 8:20,4369516983,308.1423873
6613117,1988/9/4,女,已婚,研究生,2020/4/7 21:24,4369526280,301.3554428
6018114,1992/2/3,男,已婚,本科,2023/3/8 19:53,4370471519,207.3210719
6114114,1983/1/3,女,未婚,博士,2023/6/1 1:14,4372010553,699.5772286
4412119,1992/7/26,男,未婚,研究生,2020/6/8 9:29,4374487921,868.1429991
4520120,1994/12/15,男,未婚,研究生,2023/2/22 0:39,4374977147,297.4343959
4019111,1976/6/28,女,未婚,研究生,2021/12/12 21:02,4376941027,883.9701212
5917119,1988/11/22,男,未婚,本科,2021/1/22 11:21,4377310598,683.4997635
6319114,1993/7/9,男,未婚,本科,2020/11/1 7:40,4384010015,1038.061338
5716120,1998/10/20,女,已婚,博士,2023/2/3 11:12,4385881800,465.3102421
6015117,1995/4/14,男,已婚,本科,2022/4/29 4:23,4386813326,801.6439543
4218112,1972/8/6,女,未婚,研究生,2022/5/10 23:47,4386817979,911.652964
5518113,1991/7/21,男,未婚,中专,2020/2/27 23:58,4387096088,422.4542619
6611118,1972/5/7,男,未婚,博士,2020/2/25 23:37,4387950040,958.3563239
5314116,2000/9/11,男,未婚,本科,2022/1/12 12:17,4389823825,369.326374
3916113,1996/11/21,男,已婚,博士,2020/10/31 21:31,4390073162,1057.219715
5913119,1986/10/24,女,未婚,中专,2021/1/16 23:09,4393722171,343.3046241
5516117,1985/9/8,男,未婚,博士,2022/7/2 7:27,4394945946,322.3349257
4211112,1984/6/17,女,未婚,大专,2021/9/29 13:56,4398032915,131.5457282
6614111,1985/9/20,女,未婚,本科,2021/4/24 17:55,4398983812,535.729526
6114114,1983/1/3,女,未婚,博士,2022/12/11 11:48,4399569528,550.6397555
4519114,1972/4/28,女,未婚,中专,2023/4/21 13:51,4403934823,250.0377354
5317112,1987/8/10,女,已婚,本科,2022/9/26 19:33,4404019250,383.1684443
5720117,1993/3/3,女,未婚,研究生,2020/12/12 21:24,4404087346,172.7665654
3611113,1977/1/16,女,未婚,博士,2020/12/18 19:36,4405354665,1182.789665
4511115,1984/6/20,女,未婚,本科,2021/1/17 1:19,4405550271,521.3604003
4018117,1984/9/16,男,已婚,中专,2021/1/26 17:05,4406668897,53.58086658
6619112,1980/11/23,女,已婚,本科,2020/8/29 23:37,4408216050,969.7395801
6313116,1989/11/15,女,已婚,本科,2023/4/16 0:37,4414883900,1065.446049
4616114,1980/12/8,女,已婚,大专,2023/4/19 13:41,4417750133,642.32288
5618114,1978/4/24,女,已婚,本科,2022/10/22 0:28,4419439336,777.7259854
5319119,1996/12/21,女,未婚,中专,2023/3/29 4:58,4420788561,520.2394379
6313117,1994/12/23,男,已婚,博士,2023/4/1 7:29,4426081213,635.9034364
6114120,1978/3/9,女,未婚,中专,2022/11/15 20:17,4426159464,335.5911126
4417119,1988/11/18,男,未婚,中专,2022/7/18 11:18,4427676288,403.4212801
5914112,1988/6/21,女,未婚,博士,2021/11/16 13:59,4429117215,804.798704
6615112,1975/11/4,女,未婚,博士,2023/3/18 22:15,4430414445,116.2627786
6317117,1985/3/27,女,未婚,大专,2019/12/31 9:00,4431487830,335.3891589
5312119,1983/5/9,男,已婚,研究生,2020/7/3 2:16,4440885820,705.291495
5920114,1974/8/20,男,未婚,本科,2022/10/11 1:04,4444976515,602.5889017
3620120,1980/11/19,女,已婚,本科,2022/8/30 1:30,4445120732,850.0140884
4115118,1994/9/10,女,未婚,本科,2021/12/31 8:55,4445273362,664.2895826
3719120,1998/4/21,男,已婚,研究生,2022/6/12 21:40,4445955333,923.8782883
6520112,1977/3/15,女,已婚,本科,2023/3/3 4:57,4449270687,627.8200006
4113114,1994/3/21,女,未婚,本科,2021/10/25 21:13,4452974272,570.5058579
6114118,1983/9/2,女,未婚,中专,2020/4/30 23:27,4454996141,1036.713322
6416115,1980/5/25,女,已婚,研究生,2021/5/20 3:31,4456367489,98.51022193
5213113,1971/3/9,男,已婚,大专,2022/4/22 15:46,4457918043,423.2962634
4317118,1970/7/3,女,已婚,大专,2022/7/13 19:38,4458980789,512.4534342
4013117,1980/2/2,女,未婚,本科,2022/9/26 7:06,4459022275,672.87158
3816116,1995/3/10,男,未婚,大专,2022/9/5 13:24,4461090140,578.450059
5818111,1994/9/5,女,未婚,本科,2022/2/8 6:15,4462062404,775.1017074
4617112,1978/9/2,男,已婚,中专,2021/1/30 23:31,4464020864,624.0067357
3816117,1983/10/6,女,未婚,研究生,2020/3/18 0:17,4464783194,182.7896796
5819119,1979/3/29,男,未婚,大专,2021/11/1 19:33,4464792740,946.9058364
6013117,1989/1/7,女,未婚,博士,2021/2/28 21:10,4466784704,635.0816566
4111120,1973/11/2,男,已婚,本科,2020/6/16 11:42,4467860481,491.6576668
4614114,1985/9/2,男,未婚,中专,2022/10/9 9:55,4467988508,391.2310628
3814114,1991/6/29,女,未婚,研究生,2023/4/26 16:37,4469978824,312.2543093
5111116,1986/10/14,女,未婚,本科,2022/11/30 15:23,4470631589,1187.331383
5513119,1982/12/28,女,已婚,博士,2023/4/22 17:25,4471888618,721.4356608
5516116,1975/11/22,女,已婚,本科,2021/2/21 13:39,4472520545,715.9291237
5415116,1975/9/6,女,未婚,中专,2020/8/25 9:19,4473233328,712.7818989
5116118,1986/7/15,女,已婚,博士,2022/11/21 7:34,4474129349,241.0618562
5914117,1968/3/1,女,未婚,研究生,2021/12/15 0:40,4474689076,453.3748701
5614120,1982/4/3,女,已婚,中专,2022/7/14 17:33,4475229848,281.5912849
4418119,1978/10/20,女,未婚,大专,2023/3/17 16:36,4475285033,934.3404206
6517111,1983/12/12,男,已婚,研究生,2021/3/20 7:00,4481154805,327.3890251
4716114,2000/7/23,女,未婚,研究生,2020/7/21 2:43,4483862157,1149.163059
6120116,1980/12/28,男,未婚,中专,2022/12/12 9:04,4486666286,797.446541
4420112,1971/4/14,男,未婚,博士,2020/4/13 21:03,4488231064,315.8492334
6620117,1978/2/9,男,已婚,博士,2022/3/31 4:38,4489054697,532.063134
6220118,1996/7/31,女,未婚,研究生,2023/2/24 1:50,4489741724,347.4767764
4420118,1986/1/29,男,已婚,研究生,2019/12/20 19:24,4491382591,891.138119
6519120,1987/9/8,男,已婚,博士,2023/5/13 16:18,4493114977,499.0165128
5711115,1985/8/24,女,已婚,博士,2021/12/8 20:29,4493291995,597.0155087
5317116,1989/11/25,男,已婚,大专,2023/1/7 11:47,4494074729,196.5772976
5416117,1991/3/13,男,已婚,本科,2022/12/23 6:29,4495576587,981.822704
4114116,1972/10/11,男,未婚,博士,2022/2/14 15:24,4497312174,203.0483267
5017111,1989/5/14,女,已婚,研究生,2022/5/17 14:25,4497624340,719.1501695
5814114,1976/9/10,男,未婚,大专,2022/4/7 15:29,4499543648,948.8523189
6618120,1985/10/18,女,已婚,博士,2020/1/25 9:42,4499882000,1009.814679
3314116,1972/10/13,男,未婚,中专,2022/12/27 11:16,4500153499,489.7997694
4311111,1995/5/3,男,未婚,中专,2022/12/29 22:06,4500279444,626.7976625
3812113,1971/8/27,女,已婚,研究生,2023/4/4 3:39,4500530208,386.112589
4114119,1999/2/2,女,未婚,研究生,2021/6/12 11:51,4503867740,721.3649345
5818120,1979/11/11,男,已婚,中专,2021/11/5 1:17,4508463549,688.7014211
6218112,1969/1/27,女,已婚,研究生,2021/1/25 3:56,4511417773,546.2025994
5016115,1990/8/17,女,已婚,博士,2021/7/8 15:59,4515744192,1081.783749
3220120,1984/11/21,男,已婚,本科,2021/12/9 13:36,4517372688,676.5315486
4017111,1994/5/1,女,未婚,研究生,2023/6/2 21:32,4519758028,284.9580201
4020111,1999/7/26,女,已婚,中专,2020/1/19 3:06,4523536173,527.2326133
6112112,1978/1/16,女,已婚,博士,2019/12/7 22:34,4523732671,720.2584607
5619118,1968/2/24,男,已婚,大专,2021/9/9 3:31,4525529221,515.0279135
3614114,1969/5/23,女,已婚,博士,2021/2/17 23:49,4527977920,33.80120347
6711113,1973/2/21,男,未婚,大专,2020/3/3 11:09,4529468940,357.7510358
4912114,2000/6/13,男,已婚,本科,2023/1/14 15:11,4529924287,144.0775476
3511119,1989/9/26,男,已婚,大专,2020/4/29 2:40,4531244416,763.2717937
5812115,1989/7/31,女,已婚,中专,2021/5/31 5:49,4531296540,485.8696907
3715112,1969/11/5,女,已婚,研究生,2020/3/25 5:56,4531616269,119.5914165
3717118,1972/5/13,男,未婚,本科,2022/6/5 10:14,4531853448,84.834402
6718115,1993/6/2,女,未婚,博士,2022/2/27 1:37,4532189607,805.3600579
5318119,1987/11/14,女,未婚,本科,2020/10/22 22:57,4534058766,694.0469664
6514112,1993/7/26,男,未婚,本科,2021/5/17 10:19,4537513509,548.8782204
6314113,1987/6/1,男,未婚,研究生,2021/12/18 19:15,4540891939,840.754427
5813118,1973/1/29,女,已婚,大专,2020/7/9 23:06,4542019401,718.9341914
5518115,1987/5/18,男,未婚,博士,2022/1/23 19:25,4543044425,396.2882528
4613120,1996/11/1,女,已婚,本科,2022/9/5 23:19,4544517582,162.9148618
4418113,1979/11/8,男,未婚,研究生,2022/3/4 2:27,4546087561,788.4745789
5214112,1993/10/31,女,已婚,中专,2021/6/6 18:42,4553192931,1084.086913
5819112,1971/12/28,男,已婚,博士,2021/6/16 7:39,4554794997,1144.743807
5020119,1976/2/25,男,已婚,博士,2022/7/14 0:12,4555980461,603.5783905
4616115,1985/5/30,女,未婚,中专,2021/11/8 23:52,4556572935,432.8209162
5020115,1993/6/29,女,已婚,大专,2021/3/23 20:21,4560916673,401.066216
6316118,1972/3/15,男,未婚,博士,2020/1/8 15:12,4563567356,110.0710602
5018119,1977/8/2,女,已婚,博士,2021/4/23 1:47,4566553972,866.0964075
6315118,1982/2/20,男,未婚,研究生,2020/5/24 3:30,4569718855,323.7895756
6718120,1968/7/7,女,未婚,本科,2020/8/24 21:10,4572263149,741.1811002
3819115,1998/8/3,男,已婚,研究生,2021/6/13 10:17,4573272031,518.2590825
5315111,1972/12/7,男,已婚,博士,2022/12/20 6:00,4573817390,539.7076397
5219119,1969/1/13,女,已婚,研究生,2020/5/31 10:47,4573886096,150.3544289
6416111,2000/11/29,女,未婚,本科,2020/9/24 8:10,4576846563,900.5296949
5513119,1982/12/28,女,已婚,博士,2019/12/22 9:33,4576847752,618.5003296
3811113,1980/4/7,男,已婚,中专,2022/4/7 3:28,4577622539,363.5477828
4120114,1989/3/22,女,未婚,研究生,2022/7/10 5:36,4578539729,1046.11188
6020111,1983/2/2,女,已婚,博士,2022/6/22 17:55,4579260946,16.51641385
4512113,1977/6/29,女,未婚,中专,2022/10/13 14:26,4579695335,163.6378558
6319118,1971/12/12,男,未婚,中专,2022/6/5 7:22,4581297673,477.5106793
5012113,1976/4/29,男,未婚,研究生,2020/1/30 8:45,4581917326,719.5586408
6316118,1972/3/15,男,未婚,博士,2023/2/24 19:28,4583224138,293.2307067
5917111,1981/7/22,女,未婚,大专,2022/2/14 8:47,4583999495,451.7317038
4919119,1982/9/10,女,已婚,中专,2020/10/30 11:09,4584227488,683.3107593
4716119,1996/5/5,男,已婚,本科,2022/9/30 12:24,4584757640,372.3301742
4816115,1978/1/10,男,已婚,博士,2022/2/3 9:01,4585219173,401.8122227
6713115,1990/12/1,男,已婚,博士,2022/1/14 13:06,4587367325,272.3739032
6516119,1991/3/7,女,已婚,博士,2020/6/11 7:26,4588863264,698.9888321
4412117,1985/8/29,女,未婚,中专,2020/3/26 5:41,4588994162,98.83146385
3511115,1990/2/28,女,未婚,本科,2021/8/28 18:00,4591452454,384.2405828
6720114,1977/6/11,女,未婚,研究生,2023/4/14 0:08,4591458725,731.3240031
3517113,1985/3/22,女,已婚,本科,2020/5/31 4:50,4591890435,450.7976986
5717118,1982/7/1,男,已婚,博士,2023/1/11 14:14,4595566554,574.3225787
3416117,1969/5/23,女,已婚,研究生,2022/1/8 4:29,4602531949,415.4032673
6520117,1985/11/2,女,未婚,中专,2022/12/23 21:20,4603672749,567.1243558
3319118,1992/1/4,女,已婚,研究生,2021/2/25 2:41,4603892243,579.6120725
4512119,1975/9/3,男,未婚,中专,2022/5/14 18:05,4605911130,809.1786488
6411111,1972/2/12,男,未婚,本科,2022/10/14 16:12,4607080774,138.8945515
5018120,1971/9/16,女,已婚,本科,2021/11/25 14:18,4607238618,343.5408633
6711120,1982/10/1,女,未婚,大专,2020/1/17 1:09,4612813623,563.9385715
5516114,1971/4/27,男,未婚,研究生,2023/2/18 1:40,4613841790,737.4634927
4716114,2000/7/23,女,未婚,研究生,2023/5/23 11:49,4615472278,865.4010609
5112119,1968/10/8,男,已婚,本科,2020/6/14 6:22,4615488286,603.2964239
4413112,1993/4/21,男,未婚,本科,2021/12/3 16:18,4615513242,1175.83801
6116113,1978/12/18,女,已婚,中专,2020/8/11 9:32,4616423164,831.2546758
4719118,1981/7/11,男,已婚,大专,2022/11/16 15:27,4616590856,276.4789354
4015112,1973/7/12,男,已婚,中专,2021/2/20 9:15,4617273245,9.383687653
3815119,1975/2/11,女,已婚,中专,2020/6/21 22:00,4617732387,637.5897221
5513114,1988/11/1,男,已婚,研究生,2022/5/10 4:52,4618134695,307.5365736
4815117,1975/12/22,女,已婚,研究生,2021/10/8 21:10,4618987595,626.059914
6119113,1994/5/21,女,已婚,大专,2020/3/9 8:54,4619565447,372.8589552
6611117,1987/8/26,女,已婚,博士,2023/1/3 2:21,4620066616,713.4879696
4311119,1992/5/5,女,已婚,大专,2022/12/25 22:53,4622074610,74.19379464
4014113,1992/1/22,女,未婚,大专,2023/6/2 2:27,4623911626,625.4941193
5916115,1970/1/3,女,未婚,本科,2021/9/26 12:23,4624627258,394.0109061
3618117,1990/8/2,女,已婚,本科,2021/8/23 23:05,4626115840,262.7321891
6618118,1996/5/14,男,未婚,研究生,2022/7/4 17:35,4626175987,677.892131
6418119,1981/4/10,女,已婚,本科,2023/4/28 22:32,4626327054,840.2687327
6420114,1998/10/7,男,未婚,博士,2020/8/23 3:53,4627110065,660.3541928
4215120,1975/8/7,女,未婚,本科,2020/3/9 16:11,4630477073,409.627585
5513114,1988/11/1,男,已婚,研究生,2023/3/17 13:07,4630969472,941.0570494
3813118,1972/11/7,男,已婚,本科,2020/9/6 14:40,4632729437,628.374772
4916114,1992/7/1,男,已婚,大专,2023/2/9 16:55,4632961466,375.8798006
5815112,1987/4/3,男,未婚,中专,2022/12/14 15:14,4634283033,987.5258261
3819118,1978/2/14,男,已婚,本科,2023/4/3 17:24,4635217745,776.5419601
3819118,1978/2/14,男,已婚,本科,2023/6/3 17:24,4635217745,1276.54196
6413119,1995/9/28,男,已婚,博士,2020/5/26 15:46,4635821329,334.4435601
6413115,1975/9/13,女,已婚,大专,2022/11/14 4:09,4636951378,767.8804472
3714119,1993/6/11,男,已婚,大专,2022/11/5 6:00,4637453381,107.6228195
3618112,1985/4/23,女,未婚,本科,2021/6/19 7:32,4638684046,123.1994389
6320120,1969/12/14,男,未婚,大专,2020/7/10 3:07,4640049182,484.6598719
6412118,1997/5/19,女,已婚,大专,2023/5/31 17:23,4643885872,420.7112115
5617118,1978/10/16,男,未婚,中专,2020/3/11 1:16,4646166224,360.2420265
5013117,1977/5/20,男,已婚,研究生,2020/7/17 21:52,4646270497,383.272846
6519114,1982/8/31,女,已婚,本科,2022/11/18 15:32,4648591344,317.2271287
5920113,1998/6/24,女,未婚,本科,2022/1/21 2:54,4652379992,734.8804475
3313113,1975/5/21,男,未婚,研究生,2023/3/26 20:39,4655556067,707.8409999
6312112,1970/11/15,女,未婚,博士,2021/5/3 23:20,4656223649,863.1934912
5311115,1984/1/1,女,已婚,博士,2023/5/23 23:03,4657476658,211.5458069
5813113,1973/3/29,男,未婚,大专,2021/5/16 2:04,4659759381,745.929803
5215112,1973/7/3,女,未婚,中专,2021/2/21 8:43,4661259935,639.6701917
3920111,1970/10/18,男,已婚,博士,2021/12/28 22:12,4665332850,434.1430552
5112113,1988/4/17,女,未婚,本科,2020/7/28 11:21,4665518612,188.4822932
5412117,1981/3/30,男,已婚,本科,2020/10/1 20:32,4665615165,1088.673552
5412117,1981/3/30,男,已婚,本科,2022/8/1 20:32,4665615165,888.673552
3911114,1979/8/25,男,未婚,研究生,2023/1/9 4:49,4672018467,964.938416
4513111,1985/12/4,女,已婚,本科,2021/2/4 3:38,4673410181,609.077301
5417116,1998/7/18,女,未婚,本科,2020/11/22 20:05,4676373095,818.0403276
3512116,1978/10/20,女,未婚,博士,2023/3/28 14:46,4676684931,547.9149755
6615113,1986/11/11,女,已婚,本科,2022/10/18 20:57,4677877508,128.6579696
4416116,1994/4/14,男,未婚,研究生,2022/10/24 11:02,4678661460,1002.056147
6118111,1977/12/30,女,未婚,本科,2020/10/14 11:03,4680274061,669.2582048
6017114,1979/3/11,男,未婚,研究生,2020/9/19 7:23,4680558181,834.4593573
4512115,1975/10/6,男,未婚,博士,2020/9/25 10:03,4682448471,1014.837231
3711116,1983/10/18,男,已婚,大专,2022/11/18 16:18,4683148922,175.1575396
3815118,1993/6/16,男,已婚,大专,2023/1/25 21:21,4685564123,149.3362008
6414115,1987/4/8,女,未婚,研究生,2020/9/25 9:00,4686693767,638.1764333
5416111,1982/12/23,男,已婚,研究生,2023/5/29 21:35,4687073624,651.1329595
3815118,1993/6/16,男,已婚,大专,2022/8/10 21:22,4691122457,892.5604687
5316111,1973/4/1,女,未婚,本科,2023/4/22 16:53,4691632735,652.1579853
3217113,1970/12/29,男,未婚,研究生,2021/1/24 18:48,4692497870,189.64407
5319114,1995/11/16,女,未婚,本科,2021/10/23 20:10,4693488093,422.6545402
4920116,1971/7/14,男,已婚,大专,2021/7/8 10:48,4694075880,973.1634082
6115114,1973/2/8,女,未婚,大专,2021/1/22 5:55,4696694461,699.83684
4116113,1986/10/16,女,未婚,研究生,2022/5/30 4:34,4698873906,406.5693614
3711118,1992/5/8,女,已婚,大专,2021/4/17 1:43,4705350660,76.71447418
5218117,1973/11/1,女,未婚,中专,2021/7/10 1:39,4706619907,319.0445138
6519120,1987/9/8,男,已婚,博士,2023/1/31 0:22,4707138415,657.6751464
4211117,1997/10/29,男,未婚,大专,2022/1/2 2:21,4708014327,550.9191669
6615113,1986/11/11,女,已婚,本科,2022/9/30 19:06,4711290883,427.4000772
5317120,1986/1/14,男,未婚,研究生,2019/12/10 11:14,4711828452,499.2082876
4217114,1990/7/6,男,已婚,研究生,2021/6/11 8:57,4712835087,308.2176464
4317111,1980/7/27,女,未婚,本科,2023/1/1 0:43,4718566903,928.6088688
6112112,1978/1/16,女,已婚,博士,2022/6/27 14:59,4720471199,506.9738412
5613120,1989/10/10,女,未婚,中专,2020/2/21 11:11,4721344883,689.7069506
6612119,1987/12/19,女,未婚,大专,2022/3/21 8:37,4721433047,336.0949231
5117112,1975/10/31,男,已婚,中专,2023/4/19 22:39,4722945697,141.300795
4314120,1977/7/17,女,已婚,博士,2020/7/25 23:11,4723398649,763.9811751
5419120,1970/7/30,女,未婚,大专,2023/2/2 3:57,4723527150,859.6201357
3315116,1999/8/21,女,未婚,中专,2023/5/11 15:58,4724787157,838.8174809
5112120,1989/1/5,女,未婚,大专,2022/6/6 16:42,4729583683,250.8815996
4619112,1973/4/11,男,已婚,大专,2022/12/30 17:44,4731599869,208.9419243
4814114,1979/1/12,女,未婚,本科,2020/8/15 6:21,4732992363,1041.505215
3616117,1990/11/19,女,未婚,本科,2020/11/13 20:00,4733261458,18.64273075
6117111,1976/5/8,男,未婚,大专,2021/11/23 6:44,4733962680,672.6808141
5012113,1976/4/29,男,未婚,研究生,2021/3/28 22:38,4734036501,856.744189
3718117,1979/1/10,男,已婚,研究生,2021/7/17 1:27,4736520735,966.9662786
4520115,1967/12/28,女,已婚,大专,2020/11/28 3:58,4736928789,585.147576
5812117,1978/2/22,男,未婚,大专,2021/9/4 6:30,4738969487,695.2282891
4920111,1969/10/28,男,未婚,研究生,2020/9/23 6:22,4740764352,796.5640577
4118117,1986/5/4,男,已婚,博士,2022/8/31 7:29,4742415992,1010.136236
5616117,1993/3/21,女,未婚,博士,2020/2/25 11:40,4742995970,410.2968251
5519116,1996/6/20,男,已婚,本科,2023/1/3 21:52,4744940982,615.3871608
4717113,1976/12/31,女,未婚,本科,2021/12/31 5:01,4747832747,515.5889042
6418117,1982/12/11,女,未婚,本科,2023/3/18 13:04,4752719264,229.3409056
5616120,1972/12/25,女,已婚,博士,2022/5/30 18:25,4754479859,151.3661391
3416111,1982/6/30,女,未婚,中专,2022/9/20 14:05,4756812755,331.8772731
3214111,1989/4/9,女,已婚,大专,2021/2/10 20:17,4757727596,133.2819274
3313111,1971/8/3,男,已婚,大专,2021/7/10 4:06,4758940744,322.5846949
3718114,1972/6/27,女,已婚,研究生,2023/4/26 14:21,4762672663,591.5207183
3720112,1996/3/22,女,未婚,本科,2020/8/5 19:27,4762836903,525.6123559
5014114,1974/10/22,男,未婚,本科,2022/12/15 14:03,4762872358,986.1920641
4618119,1983/6/26,女,已婚,大专,2021/5/18 18:29,4767818155,1233.482193
5017113,1980/2/12,女,已婚,中专,2023/3/27 23:06,4772263669,1058.871313
5120116,1991/12/30,男,未婚,大专,2022/11/11 8:56,4775059780,947.0690288
5013118,1981/10/7,女,已婚,大专,2022/2/17 5:04,4775291413,859.1844612
5915112,1995/11/19,女,未婚,本科,2023/1/27 15:25,4776882144,577.3018552
3317114,1973/12/20,男,未婚,大专,2020/12/9 12:27,4777891068,364.361854
4713120,1997/4/22,男,未婚,中专,2021/8/21 18:13,4778482831,437.754629
5514118,1970/9/23,男,已婚,本科,2020/2/20 5:32,4779422777,523.7013756
6011113,1971/6/4,男,未婚,大专,2022/12/21 19:46,4783149351,209.9464818
5215118,1990/4/12,男,已婚,研究生,2023/4/27 20:09,4784772120,174.1829133
3914111,1977/7/23,男,未婚,中专,2020/6/10 11:56,4785558535,332.5075824
5214115,1974/2/10,男,已婚,研究生,2021/1/23 15:31,4786124677,1123.595305
6516112,1986/6/6,女,未婚,研究生,2020/9/27 23:09,4786165118,679.9737809
4914120,1977/2/5,男,已婚,本科,2020/9/26 0:40,4787757428,566.2599208
5718118,1999/5/31,女,已婚,博士,2020/6/15 11:31,4790032165,552.1325743
5415120,1972/1/1,女,未婚,中专,2022/12/21 17:47,4790925137,1165.55359
3518115,1997/5/21,男,已婚,博士,2020/12/11 13:18,4795736150,942.2674604
4014111,1991/5/22,女,未婚,大专,2021/5/3 3:05,4797266825,166.4574067
5920115,1988/8/3,男,未婚,中专,2021/4/6 18:59,4801244686,665.6435155
5218115,1993/5/19,女,已婚,研究生,2022/5/14 21:51,4801292807,557.0632545
3213113,1975/2/13,男,已婚,博士,2021/12/6 22:55,4802082036,384.0009708
5120115,1977/5/20,女,已婚,研究生,2021/2/14 8:30,4804847422,608.7525565
4019114,1990/3/10,女,已婚,中专,2021/9/7 9:03,4805231214,410.8215423
5617120,1990/7/3,男,已婚,博士,2022/10/23 0:05,4805745195,499.9123828
4114119,1999/2/2,女,未婚,研究生,2023/4/15 20:09,4806316871,424.4270274
5316116,1986/11/3,女,已婚,中专,2023/5/2 9:25,4811136074,238.4720451
5113116,1978/1/12,女,已婚,中专,2022/8/19 15:56,4814458084,897.0994048
3514114,1986/12/19,女,已婚,本科,2022/6/30 20:34,4815582555,933.8366052
3914119,1984/7/8,男,未婚,博士,2020/9/1 23:19,4817177056,255.5148087
5013114,1998/8/31,男,已婚,本科,2020/2/21 17:27,4820575820,448.1208951
6312111,1969/5/13,男,已婚,博士,2023/5/12 13:31,4821113172,715.4428986
3913115,1968/11/17,女,未婚,研究生,2023/2/13 2:59,4822449747,604.7920292
4220118,1988/9/1,男,已婚,研究生,2022/10/3 4:43,4826567295,1037.396701
4119117,1992/4/14,女,已婚,大专,2023/3/24 1:13,4828582192,488.2905325
5017119,1988/5/6,女,已婚,大专,2022/6/14 22:51,4832819345,431.4785924
5411115,1994/6/2,女,未婚,本科,2022/3/29 16:08,4833583583,80.73688937
5515113,1969/10/3,女,未婚,研究生,2020/11/5 5:04,4834624593,751.6165552
5811111,1991/1/26,男,未婚,中专,2021/5/28 18:44,4834674226,699.6155738
6112111,2000/5/1,女,已婚,研究生,2021/8/8 19:03,4835141397,193.8173386
3912116,1986/12/2,男,已婚,大专,2022/6/19 17:33,4835667757,194.2551477
4318120,1997/12/8,女,未婚,本科,2022/12/14 2:42,4835757398,446.8969014
3616117,1990/11/19,女,未婚,本科,2022/4/4 19:38,4839074264,851.8100923
6717112,1980/7/22,男,已婚,本科,2022/10/11 5:47,4841668478,117.1181164
5512111,1978/3/20,女,已婚,博士,2021/11/19 20:22,4843075789,535.1781941
4814120,1987/1/9,男,未婚,研究生,2021/1/23 10:59,4843094130,725.8603114
3814113,1991/4/29,女,未婚,博士,2023/2/21 4:14,4844284182,262.4917411
4914111,1995/7/3,女,已婚,本科,2022/3/4 5:03,4844820274,636.2093668
6418115,1986/4/8,男,已婚,研究生,2023/5/25 0:35,4846569225,346.0893544
5617112,1982/1/14,女,已婚,研究生,2022/8/1 3:30,4847322238,180.8957626
4919115,1974/8/30,女,未婚,本科,2022/5/18 15:51,4848543439,659.8259922
6416112,1974/10/12,女,未婚,博士,2022/5/9 3:48,4850253429,230.3414895
5512111,1978/3/20,女,已婚,博士,2023/1/7 15:43,4851083524,917.2460129
6120114,1985/1/19,女,已婚,本科,2022/1/30 20:06,4855411210,865.6143534
5615114,1986/11/2,女,未婚,博士,2023/1/12 7:15,4857827982,228.0223913
3315111,1995/5/20,女,未婚,研究生,2022/10/3 7:37,4858139298,466.4282057
3412116,1983/8/25,女,已婚,中专,2021/6/30 19:29,4858443283,227.8234091
5216115,1976/5/14,男,未婚,研究生,2022/5/8 9:52,4862346083,782.5860314
3317114,1973/12/20,男,未婚,大专,2021/9/27 9:57,4863030087,206.138094
3420117,1997/9/19,女,已婚,中专,2020/6/22 22:53,4863815911,189.9645584
3716111,1999/1/31,男,未婚,本科,2021/10/28 0:31,4865336412,692.724471
5414120,1998/10/23,男,已婚,本科,2022/2/11 10:53,4866822986,493.3907884
5111120,1993/11/18,男,未婚,中专,2022/8/1 19:10,4867983297,331.1977683
3911120,1979/4/23,女,已婚,博士,2021/4/23 8:08,4871188159,891.9113616
6717120,1980/2/10,男,未婚,大专,2020/4/26 4:38,4871324067,433.461708
5814117,1983/7/14,男,未婚,研究生,2022/10/24 12:33,4872383132,679.6770445
6311117,1970/5/23,女,未婚,研究生,2023/3/18 9:38,4874678170,102.0745622
6613111,1988/5/5,男,已婚,研究生,2022/1/23 14:10,4875020014,665.1558956
4419112,1986/12/3,男,未婚,本科,2023/3/24 4:21,4877357004,546.1665346
5715116,1985/6/24,男,未婚,博士,2021/4/23 4:08,4880438895,294.6660424
5214114,1986/1/28,女,已婚,大专,2022/1/2 8:55,4880851471,687.2476
5413114,1998/10/22,男,未婚,研究生,2020/7/31 18:39,4880978215,271.4518558
4320113,1988/10/29,男,已婚,大专,2023/2/21 7:44,4883669559,604.3591684
6614111,1985/9/20,女,未婚,本科,2023/3/7 7:19,4884954442,572.2980393
3819118,1978/2/14,男,已婚,本科,2021/1/26 17:04,4886936455,734.1506588
6312118,1987/4/9,男,未婚,本科,2020/1/26 9:16,4889839384,911.0708202
4019115,1997/12/8,男,未婚,大专,2020/6/23 13:53,4890022964,576.6922696
6015111,1991/9/28,女,未婚,本科,2023/2/16 19:34,4892918021,537.8948568
5719120,1990/2/4,男,已婚,博士,2021/8/3 4:52,4892942790,157.8410641
4112120,1978/3/9,女,未婚,中专,2022/12/22 23:58,4893034173,720.078544
6318118,1992/6/23,女,已婚,本科,2022/7/8 15:10,4895232484,168.5347761
5311112,1976/5/18,男,未婚,研究生,2023/3/28 23:00,4896395018,631.2303888
5618113,1976/5/20,女,已婚,本科,2022/4/25 16:09,4898686296,588.1342738
6413118,1987/11/16,男,未婚,中专,2022/3/16 22:55,4900076856,847.9568227
3912116,1986/12/2,男,已婚,大专,2020/4/18 1:59,4903448009,438.5159263
3616114,1983/11/5,男,未婚,博士,2021/9/8 8:32,4903562745,384.6070057
4513115,1973/12/24,女,未婚,大专,2020/2/2 6:13,4904119575,501.7778819
4114120,1971/12/16,男,已婚,中专,2023/4/7 19:40,4904231705,427.3962128
3914113,1995/3/17,女,未婚,博士,2022/9/7 18:16,4905286166,461.2212579
5019117,1995/4/1,男,已婚,大专,2023/3/24 18:12,4905524504,778.0733278
3515111,1973/7/24,女,已婚,大专,2022/6/23 2:37,4907174175,470.6038078
4812111,1987/11/21,女,未婚,博士,2021/8/8 8:24,4908732872,957.4563721
5318118,1986/3/17,男,未婚,研究生,2020/2/10 5:04,4908844428,995.7887203
6016114,1975/8/26,女,未婚,研究生,2022/2/11 19:39,4910680701,698.385845
4713113,1994/2/10,女,已婚,本科,2020/11/6 20:53,4911787409,880.3247033
5516118,1979/1/11,女,已婚,研究生,2021/11/29 1:52,4913327572,45.70002262
3818113,1983/7/3,女,已婚,研究生,2023/4/28 11:51,4914942751,86.77556086
3314112,1997/9/6,男,未婚,中专,2022/3/21 7:49,4915777579,745.6563587
3713115,1998/7/2,男,未婚,本科,2022/2/10 2:57,4916186925,332.6659688
3611117,1973/3/29,女,未婚,大专,2020/12/23 20:38,4918221512,505.1910009
6420117,1985/3/29,女,已婚,中专,2021/9/24 19:41,4920456609,966.5326178
5711117,1994/3/3,女,未婚,本科,2022/5/13 1:04,4920922685,386.8367345
4318111,1986/12/27,男,未婚,本科,2020/7/20 8:03,4925659230,271.5982056
3212111,1995/8/3,女,未婚,大专,2023/1/17 14:34,4926544451,554.8917541
5718114,1982/2/7,女,未婚,研究生,2021/6/14 4:49,4929180113,186.0419318
3620117,1985/3/10,女,未婚,中专,2021/10/11 1:14,4931011759,527.9979153
4917120,1979/3/16,女,已婚,大专,2023/4/26 12:39,4931649650,646.6156565
4717111,1990/9/15,女,已婚,本科,2023/3/27 11:46,4932153820,510.6414219
6119111,1989/10/6,男,已婚,研究生,2023/6/2 7:12,4935615694,719.8119797
4317116,1988/12/26,女,已婚,中专,2022/5/8 22:22,4938754851,634.9729861
3520114,1974/9/7,女,未婚,博士,2022/6/2 1:49,4939184599,402.1356337
5119115,1977/12/27,女,已婚,研究生,2020/5/31 22:56,4940757362,239.4036105
3516114,1978/8/26,男,未婚,本科,2021/9/24 9:09,4944237836,754.5738956
4716114,2000/7/23,女,未婚,研究生,2020/8/16 9:51,4944667858,412.9366686
6218113,1973/9/10,男,已婚,本科,2022/10/27 12:36,4945044746,581.8273858
5515116,1990/3/13,女,已婚,研究生,2020/9/28 22:27,4948667725,107.5035287
4412118,1978/10/3,女,已婚,博士,2020/1/24 16:05,4949470681,292.3283926
4213115,1987/10/18,女,已婚,中专,2021/1/9 19:26,4951579375,111.7978588
4312116,1977/1/16,女,已婚,中专,2022/9/11 23:06,4954844843,739.8022276
3615113,1970/12/13,女,未婚,研究生,2020/9/24 16:58,4954851899,451.3545169
4715115,1984/12/1,男,已婚,研究生,2020/5/28 10:31,4965911504,1027.391869
4719113,1989/2/25,男,未婚,博士,2022/11/29 23:24,4966572370,29.88886218
5916117,2000/10/2,男,已婚,本科,2022/2/10 15:58,4967681329,666.0948259
3519112,1989/7/14,男,未婚,中专,2022/7/4 9:12,4969336669,796.4385867
5320119,1992/1/16,女,未婚,研究生,2021/12/17 11:24,4969340979,602.5690351
6620120,1981/8/16,女,已婚,研究生,2021/1/7 13:39,4972551785,540.8450203
4418118,1976/9/29,女,未婚,本科,2021/9/27 22:30,4974613494,869.5873054
3412118,1994/2/1,女,未婚,本科,2022/3/3 3:47,4975168407,1081.840797
4918116,1993/10/17,女,未婚,博士,2023/6/4 2:45,4975846973,910.2653841
4113116,1972/12/17,男,未婚,研究生,2022/12/21 17:57,4976179821,571.1197186
6315115,1970/12/15,女,已婚,大专,2020/11/16 8:44,4977119686,362.6140583
4015120,1996/8/9,男,未婚,本科,2021/4/14 21:37,4977651730,246.5464204
6716112,1980/4/29,男,未婚,博士,2022/9/16 18:39,4978344079,604.66949
5015117,1988/10/21,男,未婚,本科,2022/3/7 4:49,4978745502,952.8724668
4115113,1979/10/16,男,未婚,中专,2022/12/10 20:23,4979379495,189.6950403
3311119,1989/11/1,男,未婚,研究生,2020/3/26 14:56,4979575647,878.8355006
5220115,1998/7/8,女,未婚,研究生,2021/9/27 18:57,4980034576,532.1245775
5020117,1988/11/24,女,未婚,本科,2023/4/4 11:14,4980717395,626.0414943
5916118,1978/10/9,男,已婚,博士,2023/3/25 6:13,4981761916,525.2777062
3617118,1976/7/18,男,未婚,博士,2021/10/3 5:16,4982430990,490.9210412
4518118,1970/10/19,女,已婚,研究生,2021/6/11 21:36,4982461438,140.6656829
6714112,1986/6/21,女,已婚,博士,2021/7/17 9:59,4983155947,721.8391779
4112120,1978/3/9,女,未婚,中专,2021/11/25 11:39,4983211319,440.2909066
5715114,1976/9/21,女,已婚,本科,2021/6/18 2:45,4985586007,533.7591935
4513118,2000/8/12,女,未婚,本科,2023/5/14 23:52,4988998478,820.9806653
5311113,1982/8/6,女,未婚,大专,2020/5/18 13:35,4990559560,875.6641395
5112111,1997/11/2,男,未婚,博士,2022/9/1 0:49,4990617489,640.3310345
4517118,1983/5/30,男,已婚,博士,2022/1/26 12:29,4991057525,554.5248434
5512118,1997/8/17,女,未婚,博士,2021/8/3 0:55,4991540348,918.7974681
4215116,1977/4/11,男,已婚,大专,2020/8/22 5:25,4993298120,585.4344041
3213114,1991/11/15,女,已婚,博士,2022/5/21 22:43,4994352700,121.8379998
3920114,1994/8/9,男,未婚,研究生,2023/3/7 15:35,4994444415,498.8375638
5711115,1985/8/24,女,已婚,博士,2022/8/18 12:32,4999319367,431.6202739
4117116,1974/9/23,女,未婚,本科,2021/12/9 16:32,4999911783,147.1987192
3716118,1989/1/10,女,未婚,研究生,2022/4/6 5:18,5004317677,921.3039122
4319113,1981/10/25,女,未婚,研究生,2021/1/3 6:24,5006028571,261.535208
6618120,1985/10/18,女,已婚,博士,2023/5/20 3:46,5007111173,627.2534516
3720114,1987/1/26,男,未婚,博士,2023/1/10 9:27,5019169105,334.0737014
4316116,1984/10/29,女,已婚,博士,2020/12/11 9:32,5020363031,361.9926566
3817120,1978/1/17,女,未婚,大专,2021/9/28 13:44,5020742706,183.4341887
4420115,1984/7/25,男,未婚,中专,2021/6/5 17:23,5022131472,323.8228109
5012116,1975/11/7,男,未婚,博士,2020/7/18 21:29,5028588655,832.4794646
3816114,1996/5/25,女,未婚,博士,2020/9/16 4:08,5028725433,807.4561712
3813112,1990/10/25,男,未婚,博士,2022/11/8 15:32,5029474701,886.4163095
3617114,1985/5/1,男,未婚,大专,2021/1/12 18:08,5029544509,205.986986
3215112,1993/6/24,女,未婚,博士,2023/4/24 6:37,5030692127,301.8309538
3311116,1974/10/12,男,未婚,研究生,2021/8/30 3:07,5033350900,506.6062208
3913119,1988/9/29,男,已婚,研究生,2021/5/2 21:26,5034319322,492.3124457
6020116,1981/5/21,男,未婚,博士,2020/8/13 22:29,5036968609,670.6969107
5418111,1981/2/15,男,已婚,大专,2021/6/27 17:44,5037795168,270.3154883
5711117,1994/3/3,女,未婚,本科,2023/2/6 12:36,5038830105,479.1017946
6314117,1993/8/24,女,未婚,本科,2020/3/31 17:36,5040868377,677.4359173
6014118,1991/4/26,男,已婚,本科,2023/1/14 23:25,5042980891,671.6808992
4113118,1974/11/28,女,未婚,研究生,2022/11/16 2:01,5046585882,435.3993346
3318115,1999/11/4,男,已婚,大专,2023/5/16 5:33,5051250436,363.3728366
6317115,1993/6/12,女,未婚,大专,2021/7/6 18:15,5053988924,232.669407
5418113,1989/9/6,男,未婚,大专,2023/3/31 11:11,5055770658,880.6156792
5419116,1979/6/16,女,未婚,中专,2021/9/13 11:22,5055957621,622.2389206
4415111,1979/6/6,女,未婚,本科,2021/1/3 12:57,5057367859,955.0634852
4613113,1983/6/20,女,已婚,博士,2022/10/14 13:21,5058222021,289.1498507
6517111,1983/12/12,男,已婚,研究生,2022/11/26 14:13,5061988782,707.0456523
5717114,1984/2/13,女,已婚,博士,2021/4/7 7:22,5062083041,280.6484659
6414120,1972/3/23,女,未婚,本科,2020/9/24 3:02,5062496725,545.6934051
4114118,1991/2/22,女,已婚,大专,2023/5/12 19:22,5063782353,440.3511082
3813113,1985/9/4,男,已婚,大专,2020/11/27 7:51,5063789527,456.6263526
5419118,1985/5/16,男,未婚,研究生,2021/12/13 10:23,5064928067,535.5876825
4713111,1968/6/6,女,未婚,本科,2020/8/28 1:17,5065899289,1078.02729
6019113,1978/3/7,女,已婚,大专,2020/10/7 3:18,5066543362,579.9876695
4216120,1976/4/23,女,未婚,大专,2022/7/22 12:26,5066570536,424.7679236
5718116,1972/2/16,女,已婚,大专,2022/5/11 14:49,5068680103,1046.381735
5520119,1980/7/26,男,已婚,本科,2023/2/20 22:44,5069761959,986.0862172
4620115,1985/8/4,女,已婚,大专,2020/12/16 4:43,5070273237,211.0363565
4911111,1969/10/9,男,未婚,大专,2021/3/16 14:03,5070278587,611.5168779
5014117,1977/9/30,男,已婚,博士,2023/3/21 5:38,5070857620,596.6125646
4316114,1973/8/31,女,未婚,中专,2022/7/12 14:57,5070862185,591.2418811
3616112,1986/12/29,男,未婚,本科,2023/4/27 1:47,5071961596,1198.000825
4117113,1990/5/24,女,已婚,研究生,2022/12/6 14:00,5072593051,354.4373184
5917120,1971/2/27,男,已婚,本科,2022/7/29 14:51,5073371914,969.1945323
3814115,1977/6/8,男,已婚,博士,2022/3/26 16:08,5073787304,635.769751
5218118,1992/12/7,男,未婚,博士,2022/10/4 0:45,5074070802,479.5974308
3715115,1970/10/29,女,未婚,本科,2020/12/18 8:20,5075844182,798.0399938
5618114,1978/4/24,女,已婚,本科,2019/12/19 10:21,5079067858,669.3316564
3215112,1993/6/24,女,未婚,博士,2022/2/16 1:20,5079564972,128.1497409
5619120,1981/6/21,女,已婚,中专,2022/11/12 20:08,5079691075,419.9658955
3515111,1973/7/24,女,已婚,大专,2023/2/26 3:44,5080512312,452.9653522
4117113,1990/5/24,女,已婚,研究生,2022/12/16 2:32,5083566165,698.3296484
5320119,1992/1/16,女,未婚,研究生,2020/8/3 21:04,5084430244,474.2398587
3313114,1991/12/9,男,未婚,中专,2021/11/16 20:37,5084616845,534.9978201
3515119,1985/5/28,男,已婚,本科,2023/2/17 7:31,5088232295,761.0540186
6517112,1992/1/17,女,未婚,中专,2022/8/15 17:18,5088814178,653.6213635
3616119,1983/9/16,女,已婚,研究生,2020/10/14 17:22,5088898128,811.0057505
3816114,1996/5/25,女,未婚,博士,2023/3/12 3:18,5093722222,132.447913
4412119,1992/7/26,男,未婚,研究生,2023/5/29 5:29,5094863682,509.4181964
5416115,1992/12/24,女,已婚,博士,2022/9/10 2:02,5096525645,371.9198743
6720112,1975/9/9,男,已婚,大专,2020/2/14 15:08,5098716448,244.8506278
3214111,1989/4/9,女,已婚,大专,2020/10/14 8:18,5098958250,458.3532626
3715116,1982/1/24,女,未婚,博士,2020/9/4 2:22,5101812469,448.0504789
3616117,1990/11/19,女,未婚,本科,2023/3/22 11:45,5102128749,199.798172
6313114,1995/6/14,女,已婚,研究生,2022/7/12 3:52,5102150172,49.99486583
4611115,1981/6/7,男,已婚,博士,2023/2/20 13:02,5102527054,475.2121715
6118118,1970/4/27,男,未婚,研究生,2022/1/20 18:02,5103389554,314.043576
5716113,1995/4/3,女,已婚,本科,2020/5/16 3:12,5103780878,791.2346567
4419113,1992/5/24,男,未婚,大专,2022/4/17 15:29,5105453400,1051.514019
6513119,1985/3/19,女,已婚,大专,2023/5/24 16:50,5107235156,494.8414171
4816116,1970/1/19,男,未婚,研究生,2022/2/1 6:04,5108364287,327.9214045
6615113,1986/11/11,女,已婚,本科,2023/4/16 15:14,5110110735,190.7261194
6720115,1990/6/13,女,未婚,本科,2020/6/29 18:07,5110243097,340.6655529
3712113,1969/4/16,女,已婚,研究生,2020/9/16 17:52,5110373411,576.9424639
4215118,1972/7/21,男,已婚,大专,2022/5/8 14:51,5111188988,719.3038661
4419115,1982/5/13,女,未婚,大专,2020/12/12 8:46,5111553429,940.2165003
4711116,1981/5/2,女,已婚,研究生,2023/3/13 3:32,5112874552,606.6517854
5411115,1994/6/2,女,未婚,本科,2020/6/12 8:42,5113041690,525.437902
3413120,1971/6/14,男,未婚,本科,2021/6/10 2:25,5113145105,240.4658545
4317114,1990/5/30,男,未婚,中专,2022/9/8 19:34,5113213489,508.2838871
3720116,1985/3/18,女,已婚,本科,2023/1/24 2:07,5114034193,460.9808531
5812112,1972/8/12,男,已婚,本科,2021/10/18 19:10,5123842539,804.8455187
3615112,1971/8/12,女,未婚,中专,2020/11/29 11:26,5124735233,323.5104226
5220112,2000/10/17,女,未婚,中专,2022/11/14 4:08,5125399243,919.5688739
5016115,1990/8/17,女,已婚,博士,2020/10/16 5:07,5127047929,301.9703291
4215118,1972/7/21,男,已婚,大专,2021/10/13 4:38,5127350595,680.5367631
5813116,1972/10/6,男,未婚,博士,2023/5/20 2:11,5128786659,203.177679
3216118,1986/11/27,男,未婚,研究生,2022/3/28 23:06,5134470651,443.1945247
5217111,1988/12/7,女,已婚,中专,2021/4/6 20:53,5134649481,276.2398973
4611113,1979/8/31,男,未婚,大专,2020/3/27 7:31,5137913543,1087.169816
5618112,1990/2/10,女,已婚,博士,2020/10/28 7:38,5139297328,733.0608724
5516118,1979/1/11,女,已婚,研究生,2020/2/4 13:21,5140958978,304.4778176
6720112,1975/9/9,男,已婚,大专,2020/11/27 13:54,5141410937,660.339937
4617116,1992/11/1,女,已婚,中专,2020/9/21 12:01,5141994251,641.1088911
4812116,1991/11/12,女,未婚,博士,2022/2/12 21:39,5142310175,413.0969904
5212111,1991/5/4,女,已婚,研究生,2023/5/24 14:47,5142959697,372.8077159
4519119,1991/4/23,女,未婚,中专,2020/2/19 23:33,5143697799,728.9547878
4420116,1980/8/16,女,未婚,中专,2021/10/13 12:12,5145072355,577.2227658
3919112,1983/2/11,男,已婚,中专,2022/8/22 16:36,5145717685,475.269895
4815115,1986/7/24,男,未婚,博士,2023/5/25 21:29,5149183233,588.7910216
5620117,1974/5/10,女,已婚,博士,2020/5/21 7:48,5149427306,685.730433
4514114,1989/10/7,男,未婚,博士,2021/5/19 10:41,5155526762,479.2516501
3716114,1992/8/21,女,已婚,本科,2022/12/29 13:05,5158710616,260.0153746
6115113,1990/8/1,女,已婚,博士,2022/7/29 7:29,5159043697,132.5052329
5714117,1976/5/26,男,未婚,中专,2023/5/16 8:39,5161262178,364.9778036
3519113,1983/8/2,女,已婚,中专,2021/3/22 15:37,5165078756,817.3734775
4111113,1973/11/8,女,未婚,大专,2021/8/29 22:01,5168066517,17.77243472
3712120,1982/5/19,男,已婚,本科,2023/2/25 15:10,5169115879,575.7196413
6720111,1995/9/7,男,未婚,本科,2019/12/31 23:44,5169941273,741.8814034
5716119,1973/1/12,女,未婚,博士,2022/2/6 7:07,5170065497,595.8389303
6315115,1970/12/15,女,已婚,大专,2023/5/9 12:12,5171650795,730.1430542
6018111,1968/10/31,男,已婚,本科,2023/2/19 20:06,5173472545,854.1831267
5519116,1996/6/20,男,已婚,本科,2021/8/17 9:14,5173730445,298.5609706
5017116,1985/9/29,男,已婚,大专,2023/3/10 6:11,5174289609,102.3407659
4418114,1999/10/8,男,已婚,研究生,2020/8/26 10:18,5174883847,199.9479003
5211119,1998/11/15,男,已婚,研究生,2021/7/21 0:27,5176718788,782.4350621
4716114,2000/7/23,女,未婚,研究生,2022/12/17 7:01,5176923961,66.0329385
3218119,1976/3/3,男,未婚,大专,2022/10/17 1:17,5178537649,261.3588883
4920119,1969/12/1,男,未婚,大专,2021/4/11 2:39,5180840399,522.916307
4514114,1989/10/7,男,未婚,博士,2021/1/18 5:53,5183686484,814.953379
5016114,1992/6/23,女,已婚,大专,2020/11/11 1:43,5184741523,412.1451723
4412119,1992/7/26,男,未婚,研究生,2023/4/16 16:22,5185911710,471.030729
4517120,1972/7/18,男,已婚,本科,2022/12/29 19:46,5186592949,986.3543301
4016111,1977/4/25,女,已婚,大专,2023/1/1 11:26,5187115071,670.2079546
4619116,1983/5/29,女,未婚,本科,2023/5/27 9:30,5195823402,190.4715267
6711113,1973/2/21,男,未婚,大专,2021/12/30 9:03,5196321064,207.1740378
5311112,1976/5/18,男,未婚,研究生,2022/8/9 23:28,5198143972,214.0411561
3911112,1973/5/1,男,未婚,本科,2023/1/15 10:13,5202489242,195.1756888
3817117,1990/1/24,女,未婚,大专,2022/12/14 16:12,5203492140,777.2759995
6011116,1984/1/10,男,未婚,大专,2023/4/13 17:38,5205029559,770.412424
6618115,1972/6/23,男,已婚,中专,2021/10/1 4:25,5207471904,278.5200756
5117120,1993/6/13,女,未婚,大专,2020/9/26 16:24,5208474480,1196.84629
5317113,1973/8/4,女,未婚,中专,2023/2/15 1:57,5210081057,730.8507024
3414118,1997/4/6,女,已婚,中专,2020/8/10 17:38,5210110457,572.2325382
6320119,1979/1/27,男,未婚,中专,2020/12/23 19:57,5210417659,596.8146315
3214119,1975/5/9,女,已婚,本科,2020/6/15 13:59,5214219337,55.99653189
3519113,1983/8/2,女,已婚,中专,2023/3/29 7:17,5214447089,761.5268323
5018112,1996/3/15,男,未婚,博士,2021/3/15 1:24,5215451448,932.0194106
6715119,1994/12/28,男,已婚,本科,2023/2/14 12:33,5217426539,130.0510728
4113113,1999/1/12,女,已婚,博士,2020/11/8 11:39,5218092591,171.5788897
6115119,1991/12/10,男,已婚,本科,2021/10/20 4:35,5220222219,977.6230624
4017119,1987/2/14,男,未婚,博士,2023/4/17 13:43,5221453160,910.9408796
3720119,1977/7/23,女,已婚,大专,2021/5/31 12:20,5223318271,372.8207594
4520113,1994/7/7,男,已婚,本科,2022/5/21 5:04,5223459498,385.7249981
4218120,1978/1/7,男,已婚,本科,2022/2/6 12:23,5226549018,574.4491422
5115114,1976/9/16,女,未婚,本科,2020/2/12 8:33,5227675440,526.2809734
4612115,1990/10/10,男,未婚,研究生,2020/8/31 0:17,5231261950,689.5168047
6617112,1974/7/19,男,已婚,本科,2020/10/23 11:51,5232257089,469.7847613
3511114,1980/9/25,男,未婚,大专,2021/1/9 9:04,5232470368,482.4562124
3914116,1985/6/17,男,未婚,大专,2023/4/21 0:08,5232546377,519.744066
4819117,1969/8/2,女,未婚,大专,2020/12/21 13:27,5233381842,541.9500935
3819115,1998/8/3,男,已婚,研究生,2023/5/19 15:50,5235219105,206.6064338
4512117,1977/12/29,男,未婚,中专,2022/12/22 2:56,5235594596,845.5707422
4820117,1997/8/16,女,未婚,大专,2021/12/29 4:32,5236218291,707.9155406
5615116,1999/11/9,女,未婚,本科,2022/12/10 1:48,5236593329,658.7406968
5918118,1978/5/28,男,已婚,本科,2022/5/29 6:44,5241992441,644.4307487
4117115,1981/12/8,男,未婚,本科,2023/1/9 21:01,5243041665,234.3252611
4611116,1982/11/25,女,未婚,本科,2023/1/29 10:49,5243913292,704.8139978
6214115,1990/5/12,女,已婚,博士,2021/11/29 5:45,5248224024,947.5730843
5614120,1982/4/3,女,已婚,中专,2023/5/21 6:31,5249918006,363.8942963
3211115,1973/12/25,女,未婚,研究生,2023/3/20 16:19,5250961369,802.1671652
6613119,1969/11/8,男,已婚,研究生,2022/2/17 15:52,5251783041,682.2164354
5412113,1973/4/2,女,未婚,大专,2022/12/19 22:28,5253683746,155.8667379
4916117,1981/5/10,男,已婚,博士,2022/11/9 20:29,5254583667,464.069449
6420114,1998/10/7,男,未婚,博士,2020/9/14 19:29,5254789176,208.8424302
3919119,1982/6/18,男,已婚,博士,2020/6/17 0:54,5255714441,504.4056911
3417111,1999/12/28,男,已婚,博士,2022/3/7 6:18,5256488025,132.9968019
5416116,1989/5/31,男,未婚,大专,2021/12/28 10:29,5259757870,148.6505235
5719113,1977/8/7,男,已婚,中专,2021/6/29 17:30,5261136934,322.4787893
3616119,1983/9/16,女,已婚,研究生,2023/5/1 21:54,5262620953,442.1661458
5316113,1998/7/25,女,已婚,中专,2023/1/17 5:09,5265855614,989.7615131
5716120,1998/10/20,女,已婚,博士,2022/4/7 20:35,5267622596,478.3798255
6416119,1989/5/29,女,未婚,博士,2022/6/30 5:00,5268772758,347.8963393
4619113,1993/8/3,男,未婚,研究生,2022/1/21 15:13,5271655101,202.4392354
5511112,1990/7/11,男,未婚,研究生,2023/1/4 15:35,5272516467,586.7574959
4114113,1994/3/2,男,未婚,本科,2023/2/12 11:37,5273891050,930.6916184
4820119,1986/12/12,男,未婚,大专,2023/4/13 8:23,5275567972,664.3279148
5615114,1986/11/2,女,未婚,博士,2022/9/30 11:20,5277039308,696.9641892
3614114,1969/5/23,女,已婚,博士,2023/3/25 14:37,5277917411,283.1899682
4813118,1971/10/27,男,未婚,本科,2021/10/20 0:43,5278516236,648.1234743
4311113,1980/3/29,男,已婚,博士,2020/12/22 5:44,5280966416,468.1416086
4218113,1981/6/6,女,已婚,中专,2023/1/28 6:03,5284723779,537.9928953
4115119,1993/9/11,男,未婚,研究生,2022/2/6 4:45,5285690080,751.5766454
4813118,1971/10/27,男,未婚,本科,2023/1/28 9:28,5286554907,615.9943853
4014116,1970/1/21,男,已婚,研究生,2023/3/25 11:28,5289187842,60.51603609
5312111,1981/1/28,男,未婚,本科,2021/3/3 12:18,5292559209,655.856302
4417115,1987/9/7,女,未婚,本科,2022/11/12 17:48,5292861880,635.0024009
4314112,1976/8/21,女,未婚,大专,2020/2/25 6:50,5292999497,442.2590283
6016120,1994/2/22,女,未婚,研究生,2022/7/2 19:54,5297126486,621.1950022
6415113,1989/4/24,女,未婚,本科,2022/1/31 8:36,5300567985,586.8065602
6715114,1994/8/14,男,已婚,大专,2022/6/30 2:35,5300856243,961.9797415
6114111,1994/12/21,男,未婚,研究生,2021/12/2 5:48,5302613296,532.9943839
5120120,1990/5/24,女,未婚,本科,2023/1/28 17:27,5304663910,231.5405077
6211111,1980/9/25,女,未婚,博士,2022/12/31 14:02,5308366186,294.4866758
3415118,1983/1/7,男,未婚,大专,2023/5/26 14:03,5309623800,404.5588796
6714115,1969/8/23,男,未婚,本科,2021/5/9 6:06,5310182500,503.2140592
4919120,1986/11/25,男,未婚,大专,2022/7/8 23:19,5310259961,467.7844463
4511118,1993/1/11,女,未婚,本科,2021/6/7 2:18,5311953697,253.384757
4919113,1971/8/2,男,未婚,本科,2021/10/12 10:34,5313466179,203.3283608
5811118,1981/9/11,女,已婚,博士,2022/12/17 11:33,5317079911,697.092217
5413115,1971/5/15,女,未婚,博士,2021/1/24 6:42,5317537951,526.9164921
5113119,1997/5/17,女,未婚,大专,2021/5/24 18:25,5317970852,135.6412457
3716118,1989/1/10,女,未婚,研究生,2020/5/16 15:34,5320959466,486.6027868
4020117,1982/3/8,女,未婚,大专,2020/6/29 15:04,5321469561,825.8313059
4317111,1980/7/27,女,未婚,本科,2020/4/16 18:57,5322022412,320.5841584
3616119,1983/9/16,女,已婚,研究生,2022/6/26 6:46,5322397326,885.2721177
3919116,1983/12/14,男,未婚,大专,2022/11/5 1:43,5323781610,582.9596073
5618114,1978/4/24,女,已婚,本科,2021/1/10 3:46,5324970288,811.8327417
4113119,1973/9/16,女,已婚,研究生,2022/9/16 11:14,5325182749,608.8096337
3814120,1988/12/17,女,未婚,研究生,2021/5/24 8:03,5325529723,582.5825112
4412120,1974/2/16,男,未婚,本科,2021/12/3 16:29,5327632121,121.4972133
3616116,1975/4/30,女,已婚,中专,2021/12/15 22:04,5329874946,610.7217313
6712113,2000/5/21,女,未婚,本科,2020/7/2 2:21,5331262609,300.1508475
3615115,1972/5/24,女,未婚,博士,2020/3/18 16:59,5332084816,346.0674925
3617112,1981/4/1,男,未婚,本科,2022/1/23 4:46,5333875933,1027.906312
6212113,1988/8/31,男,已婚,本科,2022/6/14 13:04,5334884067,789.7431197
4019117,1974/9/16,女,未婚,博士,2023/2/20 0:46,5339713280,1215.311627
3213119,1984/10/18,男,已婚,本科,2020/7/24 0:05,5343040833,675.4968871
4512117,1977/12/29,男,未婚,中专,2022/10/18 8:41,5343359563,543.8899198
5719112,1985/8/25,女,未婚,中专,2023/2/23 8:39,5345440362,689.5368385
5017119,1988/5/6,女,已婚,大专,2021/11/23 11:52,5346072153,456.6688969
6017111,1998/10/6,女,未婚,研究生,2019/12/11 12:05,5346454531,67.70942057
4520116,1990/9/18,女,未婚,研究生,2023/1/28 5:43,5346764100,877.2724436
4117112,1984/8/29,女,已婚,中专,2023/5/22 13:05,5349498620,194.1988361
6717111,1968/1/10,女,已婚,本科,2020/6/24 21:36,5350649250,749.4463921
4411118,1981/4/16,女,未婚,中专,2021/3/25 23:14,5351130319,138.5249779
6212115,1992/9/22,男,已婚,博士,2023/5/11 13:15,5354717196,1108.740614
6619111,1979/3/31,男,已婚,研究生,2020/11/3 18:42,5354933099,861.4937973
5917113,1974/11/23,男,已婚,本科,2019/12/22 6:59,5359582925,115.654154
3618116,1983/11/2,女,已婚,本科,2020/4/16 22:16,5360038221,359.1256839
3718113,1987/9/14,男,未婚,中专,2022/7/14 11:48,5361157759,527.8757837
4417116,1970/1/13,女,未婚,大专,2021/2/25 22:08,5364852690,525.1305514
4217111,1997/2/9,女,未婚,大专,2020/3/30 22:58,5372874689,524.7441837
4715118,1979/11/22,男,已婚,研究生,2023/4/15 8:02,5374360713,664.2725333
3312114,1978/5/12,女,已婚,中专,2021/12/7 3:17,5374938713,485.4990076
5314116,2000/9/11,男,未婚,本科,2021/5/15 6:57,5376795437,760.9506719
4615115,1976/1/8,女,未婚,大专,2019/12/11 10:39,5385035514,559.9192796
5013114,1998/8/31,男,已婚,本科,2021/1/21 22:10,5388957863,737.019651
4213118,1984/11/27,女,未婚,本科,2021/3/7 12:41,5389213174,691.7312025
3315118,1999/11/13,男,未婚,中专,2020/5/5 14:07,5389576113,206.2699066
5515117,1971/4/10,男,未婚,大专,2023/4/1 7:33,5391341710,809.8378249
5920111,1976/10/9,女,已婚,博士,2021/10/3 11:12,5393434953,376.8681989
5214116,1968/10/29,女,未婚,大专,2022/1/13 22:44,5398895982,117.9506314
3412118,1994/2/1,女,未婚,本科,2022/10/20 8:45,5400361584,487.7701857
5013115,1971/2/2,男,已婚,博士,2020/5/26 15:47,5400949864,350.8078063
4420113,2000/7/3,女,未婚,本科,2021/8/26 3:27,5403918281,582.1637715
6614116,1987/6/19,女,未婚,大专,2022/10/28 3:43,5412392957,858.899066
3712112,2000/2/22,女,未婚,博士,2021/5/28 14:36,5412599345,298.1216658
4719117,1980/10/19,女,已婚,大专,2019/12/19 22:46,5413991706,1103.511242
3718113,1987/9/14,男,未婚,中专,2022/7/11 10:53,5415248047,1007.309794
3914116,1985/6/17,男,未婚,大专,2021/8/29 5:00,5422085286,496.7535933
6620113,1972/8/18,男,已婚,本科,2020/2/14 7:41,5427124805,1018.727659
4719113,1989/2/25,男,未婚,博士,2019/12/13 1:06,5427970547,441.2152676
3712116,1988/10/30,男,已婚,本科,2021/12/15 5:38,5431738973,853.5022799
5519117,1978/8/13,女,未婚,大专,2020/5/28 23:53,5431974259,499.1172126
5811115,1977/11/24,女,未婚,博士,2021/4/17 4:42,5432972601,774.6674885
3717118,1972/5/13,男,未婚,本科,2020/7/27 16:44,5433143275,1083.027664
4515113,1992/1/31,女,未婚,博士,2020/8/20 0:52,5433813543,672.269701
5519117,1978/8/13,女,未婚,大专,2021/8/8 4:45,5433917117,596.1761254
3420120,1973/6/27,女,未婚,本科,2021/8/25 2:35,5434642200,742.6188002
6414113,1990/8/6,男,未婚,大专,2021/4/28 23:14,5435087751,1013.891905
3517117,1983/3/4,女,未婚,大专,2022/11/18 13:36,5436117322,204.1582752
6014114,1991/4/4,男,未婚,本科,2023/5/13 22:29,5438711444,535.6193898
4513117,1993/3/12,女,未婚,研究生,2022/3/31 18:26,5439355573,666.6942743
5919119,1981/12/31,女,未婚,大专,2023/2/27 8:00,5439678504,633.8342507
5812114,1985/6/23,女,已婚,中专,2022/11/25 2:43,5446748424,621.4217054
6418112,1991/3/13,女,未婚,本科,2023/1/20 13:21,5448462574,1048.718066
4712115,1982/3/25,男,未婚,研究生,2022/12/8 13:32,5452661080,641.6282585
5319116,1997/12/27,女,已婚,中专,2022/3/30 1:44,5455831556,320.4489597
3712116,1988/10/30,男,已婚,本科,2020/6/17 18:43,5457815505,595.8450248
5416120,1975/5/21,女,已婚,大专,2022/3/25 16:03,5459319919,365.0023626
5116117,1993/1/7,男,未婚,中专,2023/2/7 19:50,5459346151,653.4975869
3318111,1969/2/23,男,未婚,博士,2021/7/18 15:27,5460820803,1086.342499
6119113,1994/5/21,女,已婚,大专,2023/5/29 19:10,5462074928,285.3506673
5912116,1982/4/9,女,未婚,大专,2022/1/19 12:14,5462281623,889.9399639
3920117,1976/3/15,男,未婚,本科,2021/8/9 11:34,5462473487,216.3043935
6713120,1982/8/27,女,已婚,中专,2022/8/23 12:44,5465122042,736.4199795
4415117,1985/8/7,女,已婚,大专,2023/5/8 16:46,5465870447,165.0121484
5012120,1993/7/1,男,未婚,博士,2023/5/2 0:46,5469233776,1041.025711
4416119,1984/2/27,女,未婚,博士,2023/2/17 10:45,5473221695,552.0054903
6311112,1970/12/18,男,未婚,研究生,2021/3/21 4:03,5475614799,388.3561933
4819114,1970/8/24,男,已婚,研究生,2021/10/24 5:11,5478013366,919.5210989
5520117,1995/9/24,女,未婚,中专,2022/2/7 5:05,5479210323,645.9289685
5317118,1997/11/14,男,已婚,研究生,2020/1/29 12:51,5480270116,276.5596578
3418114,1997/4/12,女,已婚,大专,2021/2/24 7:41,5480333833,446.1018735
4215116,1977/4/11,男,已婚,大专,2022/12/29 21:02,5480613603,430.0606451
5416111,1982/12/23,男,已婚,研究生,2022/12/7 19:57,5481883782,621.3102416
3619118,1987/8/14,男,已婚,本科,2022/10/8 4:02,5482692217,241.2486713
3411119,1996/2/19,女,已婚,中专,2022/8/28 18:26,5483882344,715.4579182
4720114,1986/3/27,女,未婚,研究生,2020/5/26 20:03,5485914017,655.782198
3313116,1994/10/8,女,未婚,大专,2022/11/12 3:16,5488157591,1210.624725
4616119,1997/2/7,男,未婚,博士,2023/5/13 19:11,5489281186,494.7533608
5414113,1970/11/17,男,未婚,大专,2023/2/1 14:41,5490258997,821.46468
6520113,1975/12/30,女,未婚,本科,2020/11/2 11:08,5491826425,641.989567
5212120,1993/10/20,男,已婚,大专,2022/7/11 11:42,5492854027,338.7939148
5815112,1987/4/3,男,未婚,中专,2022/3/4 0:56,5497182945,908.8036213
4318113,1985/8/16,男,未婚,研究生,2022/12/16 1:36,5498557399,425.4722892
4811112,1985/1/2,男,已婚,大专,2021/4/20 15:56,5502336321,478.6947712
5818119,1973/5/23,女,已婚,大专,2022/5/2 22:35,5505054568,770.438941
6013111,1994/7/17,女,未婚,本科,2022/5/29 2:57,5507978831,419.6480099
4620112,1999/11/29,女,未婚,本科,2022/5/6 22:30,5508789552,135.0824842
5614118,1999/9/11,女,未婚,本科,2022/6/7 14:14,5509394469,344.7553764
5220115,1998/7/8,女,未婚,研究生,2021/5/6 9:59,5513226347,304.103927
6311117,1970/5/23,女,未婚,研究生,2021/10/20 15:02,5514517339,844.3973134
4618117,1980/9/19,女,已婚,中专,2023/2/11 14:53,5517969408,784.7920851
4812119,1982/3/7,女,未婚,大专,2023/3/2 20:03,5519425580,524.450901
3812112,1977/2/4,女,未婚,研究生,2021/7/7 5:30,5520760199,938.7089424
6717116,1996/2/15,男,已婚,研究生,2022/12/19 14:14,5523181685,465.6261233
3819120,1977/12/3,男,未婚,博士,2022/4/13 7:41,5525844241,180.7498279
6411115,1969/10/17,女,未婚,大专,2021/5/20 23:45,5530671114,147.8495586
6119116,1974/4/12,男,已婚,本科,2022/2/18 3:11,5531067181,1088.635199
4820116,1980/2/12,女,已婚,博士,2022/7/22 10:34,5531548943,621.2306595
3812113,1971/8/27,女,已婚,研究生,2021/4/1 8:15,5534391116,636.4911519
4619114,1985/4/3,女,已婚,中专,2020/3/18 4:11,5534774739,352.4098798
6518114,1984/2/28,女,已婚,博士,2021/1/10 20:33,5536975719,616.9943289
3711112,1970/3/26,男,已婚,本科,2022/11/17 15:54,5540770992,522.1073333
3818114,1974/11/15,女,未婚,博士,2020/3/2 18:39,5540797541,896.4142487
6018117,1998/9/3,男,未婚,博士,2020/8/29 5:51,5540925967,291.2308127
5411116,1970/11/30,男,已婚,本科,2021/5/8 13:10,5545225557,620.7026385
5520119,1980/7/26,男,已婚,本科,2022/10/15 16:19,5548319320,942.8997802
3611119,1992/6/5,女,未婚,研究生,2020/12/29 13:09,5551884101,271.2085798
5319118,1987/7/27,男,已婚,本科,2020/2/20 3:08,5552541579,816.5280956
4416117,1972/9/18,女,已婚,博士,2021/12/13 18:51,5552862564,677.6415228
3917118,1974/8/9,男,未婚,本科,2021/2/4 5:01,5553063476,680.2156101
3417119,1970/12/26,女,未婚,大专,2021/8/14 10:28,5555977029,169.2572368
6214118,1990/10/23,女,未婚,大专,2023/3/27 11:59,5556533791,387.0588188
3914112,1992/7/22,男,已婚,研究生,2023/4/18 7:57,5557424657,974.3150463
6011115,1982/11/26,女,未婚,博士,2022/1/16 15:08,5560979993,366.2441626
4213116,1992/9/3,女,已婚,博士,2020/10/25 16:19,5567462968,102.262395
4114119,1999/2/2,女,未婚,研究生,2022/6/12 17:11,5570364480,924.7661954
6520113,1975/12/30,女,未婚,本科,2020/12/17 16:21,5570764431,629.6606449
3718120,1973/10/11,男,已婚,研究生,2022/7/29 5:06,5571271706,337.8645171
4620115,1985/8/4,女,已婚,大专,2021/1/9 3:34,5573225198,274.4956016
5311112,1976/5/18,男,未婚,研究生,2022/6/9 14:03,5573535082,475.494543
3819113,1970/6/27,女,已婚,研究生,2022/12/21 1:59,5574483140,779.9329446
5920114,1974/8/20,男,未婚,本科,2023/5/29 18:41,5574837278,184.3001282
6519120,1987/9/8,男,已婚,博士,2020/3/16 14:09,5575555114,243.4145534
4613113,1983/6/20,女,已婚,博士,2022/12/13 8:38,5576689774,622.1258977
3317118,1987/3/7,男,未婚,本科,2023/1/15 20:56,5578389050,904.0147167
3413113,1977/8/10,男,未婚,研究生,2020/5/31 18:01,5578840726,1005.7678
3618112,1985/4/23,女,未婚,本科,2023/4/6 2:54,5579588858,347.706342
3214114,1977/4/22,女,未婚,中专,2022/8/7 1:01,5579680492,257.1938342
4717111,1990/9/15,女,已婚,本科,2020/10/25 5:07,5579688531,85.32600835
5814111,1986/4/19,女,未婚,大专,2021/8/23 0:16,5581461864,600.3487418
5920120,1997/11/9,女,未婚,大专,2022/3/16 2:45,5582099680,591.3775077
6513115,1993/7/9,女,未婚,大专,2022/1/28 9:48,5582555125,897.2296346
3413115,1985/8/6,女,未婚,研究生,2020/1/13 15:31,5583486596,477.8344345
3313114,1991/12/9,男,未婚,中专,2023/3/16 6:56,5583944535,781.9644616
6115115,1978/1/13,男,未婚,本科,2020/9/16 12:00,5583983245,358.1496369
5112111,1997/11/2,男,未婚,博士,2022/4/7 11:41,5585911333,71.62695629
3814111,1977/4/18,女,未婚,大专,2022/10/26 3:30,5589441885,595.2588593
5615116,1999/11/9,女,未婚,本科,2023/1/11 19:04,5590711746,721.6548816
6412120,1985/11/27,男,未婚,博士,2021/1/3 10:09,5593877555,607.4536063
3315112,1986/5/9,男,未婚,大专,2020/4/1 10:09,5595015514,744.5197213
3920112,1989/11/7,女,未婚,本科,2020/2/29 9:57,5596340311,378.0695458
3711114,1985/3/18,男,已婚,研究生,2022/11/13 9:27,5596932378,1013.835932
6719113,1970/3/21,女,已婚,本科,2020/4/21 16:48,5597119675,691.9757143
3719117,1997/4/25,男,已婚,本科,2022/8/16 11:33,5599240530,707.5531515
3520118,1999/6/21,男,未婚,本科,2020/8/8 12:32,5601318591,951.0113588
6019115,1968/4/6,男,未婚,大专,2020/5/20 9:26,5601918840,187.2924581
6213112,1991/4/18,女,未婚,本科,2020/1/25 7:46,5602065702,1172.940304
3314112,1997/9/6,男,未婚,中专,2023/4/24 0:32,5604719070,884.1231319
3414112,1990/1/28,男,未婚,大专,2022/12/29 23:11,5605924686,123.7756146
6720120,1986/5/21,男,未婚,本科,2023/3/10 17:41,5608178247,1036.195344
5711114,1993/11/29,女,未婚,研究生,2021/4/19 8:21,5608588722,262.1539813
6417115,1999/9/26,男,已婚,研究生,2020/9/21 7:48,5608955233,644.9195914
6012119,1981/5/9,女,已婚,本科,2023/5/6 20:55,5611112489,945.4913839
5520119,1980/7/26,男,已婚,本科,2021/10/13 22:22,5615834907,605.1666906
6715111,1973/8/28,男,未婚,研究生,2020/2/15 23:21,5617582795,751.9548847
6019113,1978/3/7,女,已婚,大专,2021/12/31 8:12,5618657691,440.2056614
6411118,1974/6/7,女,已婚,大专,2020/11/25 5:41,5621949330,515.8320617
6015115,1999/7/29,男,未婚,本科,2019/12/12 13:56,5621987730,411.7247144
3611113,1977/1/16,女,未婚,博士,2022/5/30 21:22,5622961967,622.8603293
3518119,1972/6/19,女,已婚,中专,2021/11/12 16:30,5623860756,626.3404683
6114116,1977/7/31,女,未婚,本科,2021/3/27 6:23,5627483300,411.0390231
4812117,1992/8/22,女,已婚,大专,2020/12/16 13:29,5628892701,586.4900745
5611118,1981/2/5,女,未婚,研究生,2020/8/16 17:39,5633165353,196.9137334
4214112,1969/12/9,男,已婚,大专,2020/2/6 15:42,5633685774,701.7299193
4319120,1981/10/14,女,已婚,中专,2022/1/25 0:00,5633825518,1066.405792
3518112,1982/4/30,女,已婚,大专,2022/7/9 18:09,5633999096,69.66781285
6719119,1975/2/15,女,已婚,中专,2023/1/31 4:59,5634877306,669.2962607
5320120,1974/11/17,男,未婚,中专,2021/4/2 2:08,5636839842,645.1790002
6712117,1998/3/30,女,已婚,大专,2023/4/12 3:17,5637572239,439.6491229
4716117,1973/5/1,女,未婚,研究生,2021/2/6 11:54,5639575251,582.2769222
4814115,1971/11/13,女,已婚,研究生,2023/3/24 6:03,5641440497,923.6814532
6417120,1988/3/30,女,已婚,中专,2020/12/13 2:08,5642379096,508.9036334
3613117,1977/6/20,女,已婚,中专,2020/4/29 9:45,5643537335,458.3070118
4919119,1982/9/10,女,已婚,中专,2021/6/25 22:42,5645370075,804.3155925
5517115,1976/7/28,男,未婚,中专,2023/5/31 21:37,5647227548,376.1396167
4815116,1985/10/3,男,未婚,中专,2022/12/13 12:56,5647530221,630.30262
3316114,1992/3/15,女,已婚,大专,2020/4/2 1:35,5648723242,843.4432945
6611120,1997/11/21,男,未婚,研究生,2021/2/6 21:51,5648731325,501.9836049
4513117,1993/3/12,女,未婚,研究生,2019/12/7 20:58,5649616543,420.1825541
3519111,1984/2/16,女,未婚,研究生,2021/12/1 7:00,5649816070,415.6523727
6114116,1977/7/31,女,未婚,本科,2020/6/11 15:02,5651188093,162.4151499
4011117,1992/1/29,男,已婚,博士,2023/3/8 16:37,5653160442,312.5738788
5114118,1995/2/25,男,已婚,博士,2020/9/1 13:05,5655529582,287.4622678
5816119,1990/1/21,男,未婚,研究生,2022/2/2 17:02,5655853881,877.9333578
3817115,1986/5/4,女,未婚,中专,2020/5/23 0:04,5655920915,366.133212
6713115,1990/12/1,男,已婚,博士,2022/3/19 15:54,5659456899,128.9784839
4012114,1971/7/30,男,未婚,博士,2023/1/30 19:07,5660035731,560.233037
6116111,1967/12/18,女,未婚,大专,2021/3/22 19:00,5660247534,533.2208888
6713118,1997/9/12,男,未婚,博士,2022/9/29 4:04,5660885066,524.514414
5519113,1979/11/1,女,已婚,大专,2022/9/1 8:47,5662737360,515.8264543
4315118,1968/5/23,男,未婚,本科,2020/8/9 13:22,5664614070,336.6883691
3916111,1992/3/16,男,未婚,大专,2020/7/14 6:58,5667223952,376.7058786
5518114,1993/8/6,女,未婚,研究生,2021/3/2 0:06,5667451723,336.6322168
6313118,1990/7/11,女,已婚,中专,2023/1/26 15:53,5668529825,607.3168242
5317118,1997/11/14,男,已婚,研究生,2023/2/4 16:56,5668870138,419.8405431
6419119,1980/5/21,男,未婚,本科,2021/1/24 14:51,5671240983,736.5699316
4618115,1984/1/15,男,未婚,中专,2022/12/29 11:46,5671288686,110.3897553
5614116,1994/12/14,女,未婚,研究生,2021/1/2 21:16,5674941822,402.5775836
5513119,1982/12/28,女,已婚,博士,2023/2/5 21:17,5675938505,117.6337204
6114111,1994/12/21,男,未婚,研究生,2023/2/9 21:46,5678782118,293.6047488
6315120,1987/4/29,男,未婚,大专,2022/12/18 9:15,5678924193,348.8073222
4711118,1968/2/12,女,已婚,博士,2023/5/9 22:27,5681418096,613.5423139
3820114,1993/1/15,女,已婚,大专,2020/12/22 17:21,5683117981,243.5042672
5011112,1972/8/5,女,未婚,本科,2021/10/17 15:06,5683860872,750.9568575
4215116,1977/4/11,男,已婚,大专,2020/5/22 18:02,5684118707,387.1926129
4312113,1987/10/29,女,已婚,博士,2022/9/9 11:56,5684196371,1136.507149
4314114,1969/5/4,男,已婚,本科,2020/11/23 7:30,5690314309,582.9983978
5014113,1984/2/21,女,未婚,大专,2020/4/9 19:48,5692378903,622.0356031
4719114,1999/1/12,男,未婚,中专,2022/11/6 14:46,5692685754,477.1042542
6011112,2000/6/14,男,未婚,研究生,2023/2/2 1:07,5695837555,511.1723492
4312114,1991/5/14,女,已婚,博士,2020/5/6 16:29,5699182188,167.670503
4518118,1970/10/19,女,已婚,研究生,2020/8/24 17:01,5700459494,544.3944771
3417112,1977/10/18,女,未婚,大专,2021/5/17 14:58,5700527187,691.2563974
4715120,1983/2/9,女,已婚,大专,2021/2/14 7:00,5701249315,551.3914577
5415111,1975/8/22,女,已婚,本科,2022/2/8 23:52,5701548831,599.1994866
5611118,1981/2/5,女,未婚,研究生,2021/4/4 15:20,5701869503,549.6922333
6220111,1975/5/31,女,已婚,大专,2020/3/28 12:24,5704789557,386.7594613
4412115,1968/7/30,男,已婚,本科,2022/7/18 2:55,5705766095,985.7627699
6613113,1977/11/14,女,未婚,本科,2021/8/21 3:28,5707770753,207.5654681
3415112,1990/2/19,女,未婚,大专,2019/12/17 13:00,5708663078,815.3142935
5914113,1983/10/28,男,已婚,大专,2020/8/3 10:59,5709384778,575.091131
4720111,1982/4/7,男,未婚,博士,2021/8/24 9:00,5709566236,318.230798
3512112,1971/10/30,男,已婚,大专,2023/4/5 21:37,5710255061,573.9642927
6211119,1972/12/11,女,已婚,中专,2022/1/19 21:59,5712630791,680.1193234
3914113,1995/3/17,女,未婚,博士,2020/11/8 9:40,5714291568,850.0969733
5014113,1984/2/21,女,未婚,大专,2020/9/2 7:13,5714375408,405.2191351
6716115,1986/10/4,女,已婚,大专,2023/1/1 10:46,5715188330,754.5893939
4313112,1983/12/23,男,已婚,研究生,2020/6/22 9:18,5721132575,190.6311721
4817113,1975/12/7,男,已婚,本科,2020/5/8 2:47,5721713646,391.8591443
4616111,1968/6/25,女,未婚,大专,2023/4/7 18:12,5722531816,736.3712894
4911115,1984/6/5,女,已婚,研究生,2020/7/11 5:03,5723562836,388.0899861
4716112,1984/6/7,女,已婚,本科,2023/2/1 1:46,5723963816,1072.348457
4117115,1981/12/8,男,未婚,本科,2022/10/21 4:38,5724711590,826.4341388
4913119,1999/4/6,男,未婚,大专,2020/12/8 14:12,5725279473,820.4542116
4618119,1983/6/26,女,已婚,大专,2023/5/20 15:32,5726280697,643.6294601
4813118,1971/10/27,男,未婚,本科,2022/9/10 4:40,5726469495,391.5147479
4719116,1991/12/13,女,未婚,本科,2020/3/29 16:26,5727630421,771.9216944
6713119,1996/8/16,男,未婚,本科,2023/3/18 23:07,5730337266,1000.759665
4212118,1974/3/20,女,已婚,博士,2022/8/3 6:20,5732119097,408.7691966
6517119,1980/1/3,女,未婚,本科,2020/3/6 9:53,5732287720,759.3740536
4511117,1996/5/8,女,未婚,本科,2020/12/18 22:34,5732745435,745.7951339
5211118,1999/5/14,男,未婚,中专,2023/4/1 7:08,5733058754,521.6174589
5219118,1981/6/22,女,未婚,博士,2021/4/27 16:48,5734062141,885.3055763
4220113,1981/2/19,女,未婚,大专,2023/1/2 9:46,5734939488,567.6454814
5914116,1980/9/2,男,未婚,中专,2021/2/12 5:02,5737454201,832.239324
4813114,1983/8/28,男,未婚,中专,2023/3/26 5:44,5737766261,525.8878728
5120118,1971/6/18,男,未婚,中专,2022/12/17 10:14,5738654040,366.8522226
6720112,1975/9/9,男,已婚,大专,2022/7/24 19:54,5740247281,456.2600388
6513113,1974/8/24,男,已婚,大专,2021/6/30 3:17,5742330382,264.1953152
5618118,1974/6/12,女,已婚,研究生,2023/5/12 19:33,5743821532,121.9365422
6715115,1996/1/12,男,已婚,博士,2022/5/28 13:02,5747680063,635.3750213
4519120,1985/6/15,女,未婚,大专,2021/5/18 22:40,5748784099,385.3948416
4813120,1999/7/29,女,未婚,研究生,2022/12/9 13:12,5749059995,576.7204045
4913118,1990/7/8,男,已婚,研究生,2023/2/21 9:30,5751190494,574.6770182
6611118,1972/5/7,男,未婚,博士,2022/7/8 22:45,5751641899,571.1949416
5716113,1995/4/3,女,已婚,本科,2023/2/27 11:24,5752719009,1098.822037
5416112,1986/10/4,男,未婚,本科,2021/12/14 22:23,5754140140,718.9343502
5417116,1998/7/18,女,未婚,本科,2022/3/3 21:48,5755880258,474.8369528
5717120,1988/10/16,男,已婚,大专,2021/3/6 11:57,5757914678,411.2735546
5814117,1983/7/14,男,未婚,研究生,2020/10/5 18:09,5758526348,546.8027151
5116118,1986/7/15,女,已婚,博士,2020/3/27 23:49,5762864480,809.9360571
4111120,1973/11/2,男,已婚,本科,2020/1/15 14:53,5765771748,797.1215824
6111119,1976/2/25,女,未婚,中专,2022/11/26 5:12,5767149008,678.0652931
6720115,1990/6/13,女,未婚,本科,2021/7/17 8:12,5767582815,250.2505163
6411114,1990/11/30,男,未婚,中专,2022/11/21 18:42,5768051024,953.0373606
4011111,1994/12/30,女,未婚,本科,2023/6/2 11:44,5769653101,332.2166033
3216115,1982/12/26,女,已婚,研究生,2021/4/16 12:58,5772569528,394.0965721
3819120,1977/12/3,男,未婚,博士,2020/6/29 21:20,5776127859,939.3232442
3612115,1980/11/13,女,未婚,大专,2022/10/24 1:58,5776724673,378.5599977
4613113,1983/6/20,女,已婚,博士,2023/2/1 22:41,5786036376,862.129255
3617119,1981/1/30,男,未婚,博士,2020/3/18 2:55,5787878653,602.4657295
3815117,1980/9/21,女,已婚,本科,2021/9/22 14:46,5789337391,932.1580506
3811120,1977/11/2,男,未婚,研究生,2023/3/2 9:47,5790571867,464.854383
3613113,1975/11/4,女,已婚,本科,2022/9/9 11:26,5790784010,945.8516214
4111112,1999/3/15,男,未婚,研究生,2021/5/30 23:29,5791192255,289.4622353
3319119,1995/2/6,女,已婚,研究生,2021/8/21 3:39,5794511907,400.076653
3511115,1990/2/28,女,未婚,本科,2019/12/13 8:04,5794522645,349.5025174
4314118,1986/3/19,男,已婚,中专,2021/12/6 1:07,5794886317,645.9324013
6512114,1992/6/16,女,未婚,本科,2022/6/3 23:30,5794947747,488.2035818
5217115,1974/3/9,女,已婚,研究生,2022/12/2 1:56,5797072479,752.5687458
3712117,1973/10/15,男,已婚,博士,2022/4/29 19:44,5798053512,107.4787313
6119119,1994/6/2,男,未婚,博士,2022/4/21 23:46,5800578801,702.4150778
5418115,1979/2/23,男,未婚,博士,2023/3/15 18:13,5800680415,832.2394104
4316114,1973/8/31,女,未婚,中专,2021/6/26 22:18,5801096335,651.269589
5020117,1988/11/24,女,未婚,本科,2023/5/18 17:50,5801993307,985.1008129
5517120,1993/5/15,男,未婚,大专,2022/11/26 5:39,5804072178,629.9096076
5619116,1977/8/16,男,已婚,大专,2021/8/24 20:03,5804551230,315.354364
3714114,1993/12/6,女,已婚,中专,2022/12/9 23:42,5805893205,515.5230657
6420115,1998/4/17,男,已婚,大专,2022/2/24 21:08,5813491859,740.4440011
3316113,1973/6/15,女,已婚,研究生,2023/2/11 6:55,5816340054,1101.967179
5218114,1971/8/18,男,未婚,大专,2020/7/16 18:41,5816782782,931.1815182
5515111,1976/3/8,男,未婚,研究生,2023/6/3 2:01,5817324871,418.0126359
6712112,1971/8/30,男,已婚,本科,2023/1/29 5:11,5817325450,954.9217474
3918120,2000/5/16,女,已婚,中专,2020/6/1 5:41,5818738956,936.1114595
6314120,1985/7/10,男,未婚,博士,2022/8/13 2:29,5819097492,855.3350457
5020117,1988/11/24,女,未婚,本科,2023/5/6 12:12,5819613755,886.7503638
4211116,1986/7/13,男,未婚,研究生,2021/12/26 10:37,5821867190,881.3465688
6719113,1970/3/21,女,已婚,本科,2020/12/3 4:00,5822937170,326.4632573
4111112,1999/3/15,男,未婚,研究生,2023/3/23 19:05,5824238586,810.6893321
5113111,1999/1/30,男,已婚,博士,2020/11/19 8:12,5825147025,652.2284573
3916114,1994/9/4,女,未婚,大专,2022/1/2 11:26,5826052081,566.9080353
6416119,1989/5/29,女,未婚,博士,2021/9/11 18:42,5829690385,673.5651132
5216111,1980/6/29,女,已婚,大专,2020/10/10 5:49,5830096079,745.0526469
4112112,1982/11/7,男,已婚,大专,2021/1/29 20:17,5831839183,777.8708886
5017115,1979/11/3,男,已婚,博士,2022/8/2 17:07,5833378445,728.4520419
5312117,1974/2/28,女,未婚,中专,2021/5/19 18:15,5834467543,192.448995
5715115,1975/8/23,男,已婚,研究生,2020/3/8 0:47,5836165959,826.7346083
3920120,1981/1/24,女,已婚,博士,2022/10/2 12:16,5836648634,307.0170855
3414111,1977/4/29,女,已婚,博士,2020/8/19 15:21,5842054295,433.4524939
5712120,1976/2/3,女,已婚,大专,2020/11/9 14:27,5842512813,63.44007403
5413116,1989/10/8,男,未婚,博士,2020/11/2 6:46,5843119096,48.11886442
4618111,1977/3/20,女,已婚,本科,2020/9/29 22:02,5845434075,915.4775341
5614119,1985/11/3,男,未婚,本科,2021/8/7 19:04,5845450586,431.4372892
4718112,1983/6/15,女,未婚,大专,2022/3/13 10:05,5849721524,666.2694793
6015113,1972/2/28,男,已婚,中专,2022/10/2 22:33,5851172917,372.7342143
4819119,1995/10/16,女,已婚,本科,2020/8/3 7:21,5852924348,287.7701876
6714120,1985/2/20,男,未婚,大专,2022/2/21 19:51,5852958163,558.9524966
6514111,1985/11/29,男,已婚,博士,2023/5/11 23:59,5853285328,278.4975493
4715112,1977/8/27,男,未婚,研究生,2020/8/18 5:00,5853416664,686.0012327
4415112,1978/4/20,女,未婚,研究生,2023/3/7 20:48,5854242772,463.4915093
3713114,1995/12/30,女,已婚,博士,2023/6/4 6:15,5855254721,623.1619782
5813115,1991/11/30,女,未婚,大专,2021/7/29 23:11,5857220133,607.3256583
6415120,1986/10/26,女,未婚,大专,2020/8/12 21:24,5860697911,231.8531563
4815120,1983/12/2,女,未婚,大专,2022/4/26 13:04,5862242571,336.8233407
3815112,1991/7/17,女,已婚,大专,2021/4/1 23:25,5862449682,501.3460861
3513119,1989/1/26,女,未婚,大专,2021/12/8 18:20,5866328032,1184.382341
3918116,1968/11/20,女,已婚,研究生,2020/6/28 1:23,5867039697,973.5201774
4717119,1986/2/20,男,未婚,研究生,2022/5/1 0:32,5867618436,262.2556327
6113118,1988/11/17,男,已婚,博士,2020/12/5 3:54,5868151877,651.0966037
5911120,1981/3/7,男,已婚,大专,2021/4/20 11:41,5868729606,1090.374955
5717116,1975/1/19,女,未婚,研究生,2020/2/8 8:56,5869083960,1189.93376
5314117,1983/8/29,男,未婚,博士,2023/3/14 14:21,5871493136,1079.42918
6019114,1997/4/11,女,未婚,本科,2023/4/27 9:40,5871774879,1.969791229
4815120,1983/12/2,女,未婚,大专,2021/4/30 1:10,5874389762,144.6773131
3820119,1978/12/1,男,已婚,本科,2020/12/31 21:05,5874691757,608.2304209
4216120,1976/4/23,女,未婚,大专,2021/2/3 18:23,5876833105,467.2428555
3611117,1973/3/29,女,未婚,大专,2023/2/7 5:05,5876948526,590.1573522
5114119,1972/11/22,男,未婚,研究生,2022/4/21 6:46,5878331474,119.2197478
3616113,1996/9/8,男,已婚,大专,2021/10/21 19:01,5879533599,483.495157
6712120,1988/1/11,女,已婚,博士,2023/6/4 19:13,5879581896,728.5789894
3819115,1998/8/3,男,已婚,研究生,2022/7/2 4:22,5880372843,204.5331899
5618117,1971/6/29,女,未婚,博士,2021/8/16 12:26,5882564867,570.0033564
4718115,1979/9/5,女,未婚,研究生,2021/10/7 3:28,5888469418,633.3331425
4518119,1973/1/31,女,已婚,中专,2021/8/18 11:09,5888731335,1032.80152
6718115,1993/6/2,女,未婚,博士,2022/12/22 14:39,5889179746,395.3769416
6016114,1975/8/26,女,未婚,研究生,2020/10/22 11:31,5889533924,567.0522064
4419112,1986/12/3,男,未婚,本科,2020/11/17 3:01,5891427393,481.5551839
3314117,1988/3/16,男,未婚,本科,2022/6/19 22:02,5894462207,984.8141262
6019115,1968/4/6,男,未婚,大专,2021/2/1 15:11,5897535020,936.7994007
6714118,1988/1/25,女,已婚,本科,2020/11/27 3:49,5898032996,194.3581561
6616113,1975/11/7,男,已婚,博士,2022/1/10 20:44,5901671863,477.3990263
5118114,1992/8/9,女,已婚,研究生,2022/3/31 20:42,5901859773,758.2614964
5012119,1979/3/4,女,已婚,研究生,2022/11/13 9:13,5902745696,615.1044114
4818114,1999/4/25,男,未婚,博士,2020/8/9 1:34,5906467391,245.103955
6413116,1977/5/24,女,已婚,博士,2023/5/15 7:12,5907391872,26.50576194
6418119,1981/4/10,女,已婚,本科,2022/4/14 8:29,5909991159,399.9930605
6715118,1968/3/26,男,未婚,博士,2021/6/2 5:43,5910759968,761.7519714
3616113,1996/9/8,男,已婚,大专,2020/7/26 9:58,5911295410,460.4536839
5019114,1972/6/25,男,已婚,中专,2022/7/12 17:27,5913542143,648.4443216
4113118,1974/11/28,女,未婚,研究生,2022/12/10 23:40,5914913353,631.6012113
5611113,1994/10/2,女,已婚,博士,2019/12/9 8:08,5918046507,1038.197463
5415112,1988/5/20,女,未婚,本科,2022/12/26 16:07,5919855264,200.2369912
3311116,1974/10/12,男,未婚,研究生,2021/6/11 1:51,5923029774,591.181805
4913112,1979/5/7,女,未婚,大专,2020/5/27 14:55,5927239042,564.259825
5712118,1978/11/28,男,已婚,中专,2022/1/10 20:31,5928451980,869.2392212
5819114,1989/8/11,女,已婚,研究生,2021/11/12 13:45,5929488430,606.1298107
3518118,1979/3/12,男,未婚,本科,2020/3/3 21:37,5929557776,648.6984868
4117112,1984/8/29,女,已婚,中专,2022/7/10 23:42,5931919334,1039.607416
3318111,1969/2/23,男,未婚,博士,2023/1/27 12:58,5932497572,782.5276326
3419118,1980/8/30,男,未婚,博士,2021/10/16 15:05,5933689758,307.6434788
3615119,1973/11/22,男,未婚,大专,2023/3/19 23:39,5934878272,389.1972034
3615115,1972/5/24,女,未婚,博士,2023/5/30 17:03,5937461917,427.9532024
3517119,1968/10/10,女,已婚,大专,2021/3/29 21:43,5937672734,893.4690075
3614119,1978/6/27,男,未婚,中专,2023/3/25 19:23,5938415845,733.566103
4212116,1979/2/19,男,未婚,博士,2021/6/22 13:09,5945695593,256.4442316
4517116,1986/1/16,男,未婚,研究生,2020/2/29 11:47,5946171850,179.6186453
4512111,1990/7/24,女,未婚,博士,2020/12/10 8:36,5949511927,398.136131
6319114,1993/7/9,男,未婚,本科,2020/5/23 17:58,5951665822,885.4016357
6112119,1981/8/9,女,未婚,博士,2020/3/12 1:06,5951741940,389.5320999
5914113,1983/10/28,男,已婚,大专,2020/8/22 15:49,5952337837,386.7064598
6513114,1991/11/4,女,已婚,研究生,2020/10/5 21:46,5958028529,281.3077706
4115119,1993/9/11,男,未婚,研究生,2020/2/22 1:42,5960019625,631.2201429
4916112,1994/12/2,男,已婚,博士,2021/1/2 22:28,5967248425,815.9716513
6111120,1994/10/31,女,已婚,中专,2020/11/16 2:48,5970492716,576.6076694
5816112,2000/9/7,女,未婚,中专,2020/3/8 18:35,5973759067,584.3380945
5011114,1971/1/7,男,已婚,本科,2020/8/8 5:48,5973985417,947.4077645
4017112,1993/9/26,男,未婚,大专,2021/12/11 22:57,5974181601,602.0671242
4617119,1996/2/3,男,未婚,博士,2020/11/20 18:50,5976560579,1047.287971
4811112,1985/1/2,男,已婚,大专,2022/1/22 3:19,5982694706,690.3595242
3813114,1985/6/14,女,未婚,博士,2020/11/4 14:10,5983670900,808.3504255
5814116,1979/7/24,男,未婚,本科,2021/11/4 7:06,5985337519,300.1539152
6111119,1976/2/25,女,未婚,中专,2022/4/27 23:34,5986038363,170.2108007
4015112,1973/7/12,男,已婚,中专,2021/6/16 16:31,5987024398,98.60965088
6015111,1991/9/28,女,未婚,本科,2020/5/7 9:05,5987349130,383.8497129
3911115,1989/2/16,男,未婚,博士,2022/12/12 4:56,5987944169,655.2053911
6315114,1991/2/15,女,未婚,博士,2021/11/19 21:17,5989228403,661.4502704
6218114,1986/8/17,男,未婚,博士,2020/8/22 3:48,5991643691,1095.325944
5214120,1981/2/13,女,未婚,本科,2023/4/8 18:06,5991979722,935.3747715
3712119,1975/2/11,女,已婚,研究生,2020/8/10 6:21,5993825258,532.1895142
5914120,1976/8/24,女,未婚,大专,2023/2/28 16:06,5995952068,925.4204167
5518112,1993/7/29,女,未婚,本科,2020/9/19 9:07,5998273984,801.4577231
5216118,1991/5/3,男,未婚,研究生,2022/4/9 14:51,6000962684,142.0297499
4920115,1989/4/21,男,已婚,大专,2021/3/19 19:40,6003286547,851.664974
5516112,1995/7/14,男,未婚,本科,2019/12/10 15:57,6003536842,557.287886
4012119,1987/8/1,女,未婚,本科,2021/5/11 1:26,6004520454,693.1409537
3714118,1972/6/23,男,已婚,本科,2022/7/15 1:47,6005038784,861.7473199
4814120,1987/1/9,男,未婚,研究生,2021/8/18 15:03,6005216221,600.0134127
4013115,1993/5/25,女,已婚,中专,2022/9/18 0:45,6006088394,52.2792375
6611115,1987/8/31,男,已婚,研究生,2022/10/8 17:26,6006088655,726.0953675
4717113,1976/12/31,女,未婚,本科,2020/6/22 4:01,6007939616,1088.464257
5512116,1969/6/2,女,未婚,大专,2022/12/29 6:11,6008765825,987.4738938
3213114,1991/11/15,女,已婚,博士,2020/2/2 1:16,6010883572,973.2234111
5111112,1982/9/14,女,已婚,中专,2023/4/6 6:49,6011192148,649.6704417
3413119,1985/5/1,女,已婚,博士,2022/1/16 0:17,6012533854,1035.412711
6112113,1973/6/16,女,已婚,本科,2020/7/11 10:56,6013116331,590.6338294
4518111,1978/5/7,女,已婚,中专,2020/6/2 14:44,6014544949,810.5093614
3517119,1968/10/10,女,已婚,大专,2021/7/6 3:53,6019749998,748.0115686
5814115,1986/3/27,男,已婚,大专,2020/11/25 0:28,6020729880,601.0563071
5213118,1989/12/16,男,已婚,研究生,2021/5/6 21:18,6022533074,766.6921096
3213111,1989/4/19,男,未婚,中专,2022/12/23 18:06,6025613859,447.5709504
3318112,1992/8/1,男,未婚,博士,2020/4/22 15:01,6026816737,226.1873103
6114114,1983/1/3,女,未婚,博士,2022/4/15 15:13,6027489435,852.5831985
5420120,1983/9/23,女,未婚,研究生,2022/12/16 23:23,6027692797,466.9558947
3917117,1992/12/28,男,未婚,本科,2021/7/9 8:29,6029565251,1166.800824
5811114,1991/1/13,女,已婚,博士,2020/7/28 22:39,6031274532,763.4231627
3417111,1999/12/28,男,已婚,博士,2022/2/14 14:58,6031968386,200.6601061
3315112,1986/5/9,男,未婚,大专,2021/1/16 12:47,6033474404,1118.830752
5512111,1978/3/20,女,已婚,博士,2022/11/30 7:06,6034812110,904.9116797
3411118,1975/2/25,男,未婚,中专,2023/5/17 7:19,6036860003,840.1444131
6111116,1981/8/18,男,已婚,大专,2021/10/23 20:22,6039091557,835.8875016
4420117,1982/11/14,男,已婚,博士,2023/3/17 11:24,6042048040,268.7810097
5317111,1970/10/15,女,已婚,本科,2020/12/30 11:01,6042362214,621.3962835
5418119,1986/7/28,女,已婚,中专,2023/2/9 23:04,6044392475,745.3962237
5116117,1993/1/7,男,未婚,中专,2022/7/24 1:53,6044399532,1153.165027
5111115,1984/11/28,女,已婚,大专,2020/2/20 21:44,6044630798,380.6097277
5320115,1977/2/22,男,未婚,大专,2023/3/1 6:03,6045074129,230.7660784
4214115,1986/8/6,男,已婚,本科,2021/4/29 21:40,6045666490,608.1160568
3816112,1986/3/4,女,已婚,本科,2022/11/14 5:32,6047037594,717.3727334
5712119,1993/3/27,男,已婚,大专,2021/1/12 23:57,6048463306,309.3426593
4711112,1984/12/20,女,已婚,博士,2022/12/31 20:36,6048641830,497.4035361
5117111,1999/7/22,女,已婚,研究生,2021/6/18 11:59,6053369847,64.09797899
6715114,1994/8/14,男,已婚,大专,2022/4/17 0:07,6054678193,589.8620227
4211115,1981/6/24,女,未婚,中专,2020/1/21 7:28,6057355735,273.8819458
5916115,1970/1/3,女,未婚,本科,2019/12/26 6:37,6060774566,66.08716063
5712115,1982/8/31,男,已婚,大专,2022/12/8 18:23,6061981749,957.0808713
5320113,1980/5/25,男,未婚,研究生,2021/7/13 7:38,6063010928,681.1916715
4416115,1976/2/9,男,已婚,中专,2022/11/30 10:18,6063081275,595.6454419
5516111,1970/4/20,女,未婚,本科,2023/2/10 4:03,6063211144,172.6132631
4914118,1977/4/10,男,未婚,大专,2023/1/18 1:09,6064029843,477.9893432
4215111,1976/8/3,男,未婚,中专,2022/9/4 4:25,6065268107,889.6075176
5415120,1972/1/1,女,未婚,中专,2023/1/4 11:16,6068165540,836.1751695
5119115,1977/12/27,女,已婚,研究生,2022/9/18 16:47,6069262033,649.5442946
5012116,1975/11/7,男,未婚,博士,2020/12/20 0:27,6070643941,75.70334965
5416120,1975/5/21,女,已婚,大专,2021/7/6 20:45,6072835354,645.0799463
6518111,1967/12/31,女,已婚,大专,2021/9/16 8:03,6076083229,757.5072794
4619115,1971/2/14,女,已婚,中专,2022/8/12 5:08,6078548216,1236.037374
5211115,1987/7/7,女,已婚,博士,2021/11/2 7:44,6080057502,894.1768198
6013111,1994/7/17,女,未婚,本科,2023/5/10 0:27,6082612948,778.2947619
4414118,1981/1/16,女,已婚,大专,2020/6/20 22:55,6083981507,966.5472616
4419120,1984/10/23,女,未婚,博士,2022/7/20 16:00,6084190211,776.9352037
3511112,1980/12/11,男,已婚,中专,2021/9/12 15:01,6088427648,514.5257737
5611114,1980/4/4,男,未婚,本科,2023/5/28 18:09,6088648015,231.9984127
6413114,2000/5/28,男,已婚,研究生,2022/2/7 12:49,6090199734,552.7072243
3913111,1997/10/10,男,未婚,博士,2021/6/28 10:52,6092136330,787.3309455
6420115,1998/4/17,男,已婚,大专,2023/4/7 17:38,6094355584,973.3806812
6314114,1992/1/10,男,已婚,本科,2023/3/27 20:03,6094688893,1159.691892
5014114,1974/10/22,男,未婚,本科,2023/1/30 3:09,6095682035,768.9207923
3615119,1973/11/22,男,未婚,大专,2020/6/26 20:15,6099046455,453.3246176
6513117,1995/3/23,男,未婚,研究生,2022/7/6 9:12,6101125483,386.3762334
3817113,1986/2/27,男,已婚,研究生,2021/12/25 14:22,6102016883,328.1094517
4214115,1986/8/6,男,已婚,本科,2021/2/14 11:07,6103771604,390.9514868
6414113,1990/8/6,男,未婚,大专,2023/4/22 10:38,6104623978,946.6989026
5917111,1981/7/22,女,未婚,大专,2021/5/11 0:56,6106744610,944.2094532
4412120,1974/2/16,男,未婚,本科,2020/9/30 6:26,6107681228,804.3182231
5616111,1971/6/28,女,未婚,本科,2021/10/8 17:20,6108653123,570.5304411
3312116,1987/9/11,女,已婚,博士,2020/2/4 18:08,6112013020,700.0723321
3215119,1988/3/11,女,已婚,本科,2022/12/11 3:31,6112037139,922.9170843
3613114,2000/4/4,男,未婚,大专,2020/10/31 10:20,6113558304,529.6599839
4915119,1972/1/7,男,已婚,中专,2021/9/13 13:51,6113990237,605.9238678
3514112,1984/10/13,男,已婚,博士,2022/1/21 7:26,6116019809,710.8512008
6517119,1980/1/3,女,未婚,本科,2020/9/3 0:11,6119356397,418.2811059
6118112,1982/9/23,男,未婚,大专,2021/2/1 11:29,6119515427,397.8233729
5914120,1976/8/24,女,未婚,大专,2022/2/11 5:31,6123264296,686.7480477
4711112,1984/12/20,女,已婚,博士,2023/4/25 19:23,6124782958,603.8666813
4220113,1981/2/19,女,未婚,大专,2023/3/26 10:42,6126199398,817.1859665
3919116,1983/12/14,男,未婚,大专,2021/4/19 9:52,6126681365,531.6094078
5216118,1991/5/3,男,未婚,研究生,2021/9/20 5:11,6127192041,421.524312
4712119,1972/4/24,女,未婚,研究生,2021/12/4 2:14,6127644466,251.4940166
6714119,1982/5/29,女,未婚,大专,2023/1/4 14:56,6129854022,558.9906816
5011120,1979/2/12,男,已婚,中专,2023/1/3 19:15,6133555875,617.6358887
5111116,1986/10/14,女,未婚,本科,2021/7/8 21:36,6136046279,238.0125992
5313115,1976/3/21,女,未婚,研究生,2023/4/1 13:43,6137163204,912.8069745
5815111,1978/8/20,女,已婚,本科,2021/8/13 22:34,6138263730,268.1637712
4517118,1983/5/30,男,已婚,博士,2020/3/16 21:41,6138946851,941.2198062
5917114,1983/7/3,男,未婚,博士,2023/1/1 19:16,6139378911,744.488971
5511114,1981/11/24,女,未婚,博士,2022/6/22 15:17,6139469887,821.8460047
5914116,1980/9/2,男,未婚,中专,2021/2/16 8:06,6143863281,312.1385529
3818117,1986/11/28,男,已婚,研究生,2021/2/21 17:28,6143957204,727.1070573
4313111,1998/6/19,男,已婚,大专,2020/1/30 2:05,6145349497,808.2666051
4515118,1987/12/14,女,已婚,中专,2021/11/17 7:25,6146389761,498.5680855
6614119,1975/11/11,女,未婚,研究生,2022/6/18 13:36,6149119103,1069.028687
4414112,1974/12/18,男,已婚,博士,2021/1/23 15:47,6149414802,560.1550712
4020117,1982/3/8,女,未婚,大专,2021/3/2 18:47,6151981757,208.3562184
3715115,1970/10/29,女,未婚,本科,2020/2/24 22:02,6153531675,1067.590722
6416116,1985/9/14,女,未婚,研究生,2021/10/3 3:51,6155241234,11.9366075
4019116,1997/6/25,男,未婚,本科,2023/1/16 3:58,6155546552,792.5183106
5611120,1977/2/7,男,未婚,研究生,2022/4/18 4:10,6156931915,866.0535535
3916120,1994/12/15,女,已婚,研究生,2023/1/25 10:40,6158366925,402.9210952
4917111,1987/11/24,男,未婚,本科,2020/6/8 20:48,6159585421,70.27028207
6618120,1985/10/18,女,已婚,博士,2022/9/15 16:20,6160443123,386.3120465
5520119,1980/7/26,男,已婚,本科,2021/5/3 17:11,6160938463,368.2307005
5416118,1988/5/30,女,已婚,研究生,2020/3/2 16:49,6161553872,1115.801075
3719120,1998/4/21,男,已婚,研究生,2021/8/30 3:29,6166553948,464.5862646
4020111,1999/7/26,女,已婚,中专,2021/1/19 19:51,6166647115,979.3451658
4413120,1990/4/14,男,已婚,本科,2022/8/26 16:19,6167277436,494.2392401
6713111,1969/1/16,女,已婚,本科,2020/5/5 8:24,6167828668,344.5904756
6520118,1985/3/31,男,未婚,中专,2023/4/29 10:30,6170256896,670.1383193
3311118,1977/3/14,男,已婚,大专,2022/1/15 22:54,6173145881,17.01873118
4018117,1984/9/16,男,已婚,中专,2020/12/21 20:18,6174023100,842.5283549
3814120,1988/12/17,女,未婚,研究生,2021/6/26 9:27,6174774060,1114.444915
6519112,1984/2/4,男,已婚,中专,2020/2/8 17:13,6175885223,403.5878152
6718119,1985/11/20,男,已婚,本科,2022/3/14 12:38,6177034570,215.3216506
3713114,1995/12/30,女,已婚,博士,2023/1/13 2:05,6177533683,838.7329656
3817113,1986/2/27,男,已婚,研究生,2020/8/13 23:03,6179716172,692.5483028
3618116,1983/11/2,女,已婚,本科,2022/1/16 13:48,6182464618,925.3463442
6713115,1990/12/1,男,已婚,博士,2021/4/5 22:38,6185164379,722.2735012
3413119,1985/5/1,女,已婚,博士,2022/8/6 23:13,6185549515,347.5571306
3715117,1978/11/8,女,未婚,博士,2020/12/8 7:46,6185683714,548.168014
3919115,1980/10/6,女,未婚,本科,2020/6/28 7:20,6186218557,31.48993827
5015119,1973/8/24,男,未婚,研究生,2021/1/20 18:03,6190899112,252.3801891
4614112,1979/6/26,女,已婚,研究生,2021/3/26 0:52,6191748143,236.0268261
6718120,1968/7/7,女,未婚,本科,2023/4/26 8:39,6192554587,434.0712699
4113118,1974/11/28,女,未婚,研究生,2023/1/1 22:39,6193288612,429.2502049
5719112,1985/8/25,女,未婚,中专,2023/4/14 22:54,6195387594,1037.394613
6620119,1986/3/25,女,未婚,大专,2021/11/30 7:22,6201437998,682.2248579
4914116,1999/4/2,女,已婚,中专,2020/12/18 8:46,6203580915,260.8138436
4017115,1992/3/31,男,已婚,大专,2020/3/30 6:56,6203620326,1128.270121
3711118,1992/5/8,女,已婚,大专,2022/2/16 0:18,6203672042,574.1334308
3511114,1980/9/25,男,未婚,大专,2022/12/15 13:21,6203918662,976.6751849
5411113,1997/5/21,男,未婚,本科,2021/6/1 12:28,6204017537,532.7356151
4715114,1983/4/14,男,已婚,中专,2022/10/15 17:27,6207446343,698.3650066
4616120,1982/8/15,女,未婚,大专,2020/10/1 21:17,6209112411,758.5033956
4612112,1995/1/18,女,已婚,中专,2022/8/29 6:00,6210086359,366.5427505
4515113,1992/1/31,女,未婚,博士,2022/6/7 4:00,6210777052,765.1265818
4212114,1998/10/27,女,未婚,本科,2023/6/4 11:07,6211220143,980.2461494
5911111,1983/10/16,男,未婚,大专,2021/2/22 19:11,6212624850,356.3139197
5717118,1982/7/1,男,已婚,博士,2021/7/19 21:48,6213294952,892.1135157
3515114,1978/6/19,女,未婚,中专,2020/4/25 9:03,6213319397,646.6026914
4116120,1977/5/18,女,已婚,大专,2023/1/30 16:50,6214998619,363.8615022
6212120,1976/10/25,女,已婚,博士,2021/12/7 20:23,6215785684,959.7367142
5015116,1981/9/20,男,已婚,本科,2022/8/4 13:03,6216511398,970.454906
4519111,1983/1/31,女,已婚,中专,2021/3/19 16:30,6221079889,394.499293
5713112,1970/4/15,男,未婚,大专,2021/12/31 0:57,6223618778,204.4155441
6713111,1969/1/16,女,已婚,本科,2022/7/25 4:20,6225270761,959.7058448
4813119,1994/8/7,男,未婚,研究生,2023/2/12 2:43,6229259611,472.4433062
4813119,1994/8/7,男,未婚,研究生,2022/9/7 21:47,6229933921,818.5474646
6013116,1989/7/11,女,已婚,中专,2022/1/19 8:50,6230475526,967.7722418
3814120,1988/12/17,女,未婚,研究生,2020/4/20 20:14,6233056907,269.7001582
5114111,1994/8/15,女,已婚,大专,2022/6/13 8:18,6236028671,686.2962187
4020117,1982/3/8,女,未婚,大专,2023/1/30 20:45,6237721603,199.6072312
4916120,1985/5/1,女,未婚,研究生,2022/10/13 8:05,6239217851,321.3690122
6017116,1988/10/5,女,未婚,研究生,2023/1/14 19:12,6240466797,989.8200677
5820116,1978/12/27,男,已婚,大专,2021/4/1 9:52,6242069512,152.4125512
3811111,1993/7/6,女,未婚,本科,2021/11/30 9:45,6245027608,479.2452939
5717116,1975/1/19,女,未婚,研究生,2023/3/28 20:55,6246762865,16.94951199
6611114,2000/10/24,女,已婚,博士,2023/2/24 5:46,6249290127,961.7819808
5020113,1993/5/30,女,未婚,中专,2022/8/4 0:36,6250710427,930.8244594
5812115,1989/7/31,女,已婚,中专,2023/5/20 19:08,6250975135,1025.245057
5418113,1989/9/6,男,未婚,大专,2023/3/24 18:19,6254941652,176.0984362
5620116,1983/11/12,女,已婚,博士,2021/5/14 11:05,6257064841,584.1623598
6611117,1987/8/26,女,已婚,博士,2021/3/8 19:51,6257613170,606.8981663
3811120,1977/11/2,男,未婚,研究生,2020/7/29 7:40,6259777391,418.2785477
6312111,1969/5/13,男,已婚,博士,2022/1/4 22:07,6260683290,421.0410833
3613119,2000/5/22,女,未婚,中专,2022/10/10 15:48,6261921813,585.8655624
5214117,1972/8/5,女,未婚,本科,2021/6/29 6:11,6261933909,605.5388068
5219117,1970/8/21,女,未婚,博士,2022/12/25 15:33,6262742683,889.0523987
3812120,1968/6/14,女,未婚,博士,2022/6/2 5:56,6266249920,703.2106538
4712114,1998/2/28,男,已婚,本科,2023/5/1 12:55,6266590670,833.0425439
5519114,1990/5/26,女,未婚,大专,2019/12/19 17:30,6266945989,676.4416226
3514114,1986/12/19,女,已婚,本科,2022/12/31 14:46,6267389761,485.2639016
3713114,1995/12/30,女,已婚,博士,2020/8/20 12:22,6268653882,1020.728202
6018119,1975/12/30,男,未婚,中专,2021/5/3 20:07,6269227756,285.3687247
3514120,1986/5/17,女,未婚,研究生,2020/6/13 8:55,6270012599,831.2200488
4620115,1985/8/4,女,已婚,大专,2020/1/1 10:50,6270578796,751.3240162
6218112,1969/1/27,女,已婚,研究生,2023/4/1 4:25,6272517747,491.8737481
4012114,1971/7/30,男,未婚,博士,2023/5/11 6:04,6277711176,865.4564093
6516118,1979/11/2,女,未婚,大专,2022/7/24 0:52,6278287975,724.8935584
3711120,1970/7/16,男,未婚,中专,2023/2/9 14:38,6278660894,199.8470874
6015111,1991/9/28,女,未婚,本科,2023/1/12 16:44,6280495003,920.8583348
6012118,1979/1/26,男,已婚,本科,2023/4/14 6:49,6282831713,419.1945982
5611111,1978/3/12,男,未婚,本科,2023/5/3 17:27,6283697025,582.1264251
4115112,1996/4/15,男,未婚,研究生,2022/10/10 20:58,6284717784,279.4976605
3816112,1986/3/4,女,已婚,本科,2020/5/6 21:28,6286577824,858.1426573
6416119,1989/5/29,女,未婚,博士,2021/1/3 7:36,6288034817,256.8597156
4818117,1970/12/24,男,未婚,博士,2021/12/27 6:19,6288460264,95.52095272
6420118,1970/7/17,男,已婚,大专,2020/1/31 12:55,6289796561,352.3737046
4711112,1984/12/20,女,已婚,博士,2021/11/21 6:07,6291161151,584.134825
4411113,1976/6/20,男,已婚,中专,2022/7/23 19:46,6292022481,1194.966624
4215115,1989/2/20,女,未婚,中专,2020/5/8 21:59,6293386832,175.6067785
3511117,1994/6/17,男,未婚,博士,2021/1/20 22:46,6297537079,784.7694593
5416117,1991/3/13,男,已婚,本科,2020/8/7 15:35,6297811106,664.224282
5915113,1994/8/3,女,已婚,大专,2020/11/13 19:14,6297965673,873.0346655
3819111,1988/3/28,女,未婚,博士,2021/2/12 20:45,6298255256,124.2671167
4819115,1981/7/30,男,已婚,博士,2021/12/13 12:36,6299160329,269.4071218
4215119,1974/11/1,男,未婚,本科,2021/8/31 23:58,6300114250,998.3418487
5611112,1986/3/10,男,已婚,博士,2020/10/21 1:34,6301310279,582.9422415
3612114,1989/10/6,女,已婚,本科,2021/3/10 8:12,6303782057,258.594112
6014119,1993/12/28,女,未婚,本科,2021/9/9 19:28,6306140296,1183.231417
3318119,1986/11/4,女,未婚,中专,2022/12/30 0:07,6306823294,284.4543682
3520118,1999/6/21,男,未婚,本科,2021/9/12 0:16,6306877454,307.3664748
5520119,1980/7/26,男,已婚,本科,2023/5/21 22:22,6307937762,781.4328176
5313119,1978/6/1,女,未婚,博士,2023/4/5 1:39,6308215153,536.9764044
5513114,1988/11/1,男,已婚,研究生,2022/8/27 2:15,6308769182,515.993796
4516116,1990/11/1,女,已婚,中专,2020/4/14 13:29,6309014197,580.4056233
4019111,1976/6/28,女,未婚,研究生,2022/11/20 9:03,6311367074,857.3825273
4913113,2000/7/13,男,已婚,研究生,2021/5/7 3:26,6312314335,920.9046759
3918116,1968/11/20,女,已婚,研究生,2023/5/4 15:51,6317164122,872.5638138
4912112,1996/4/27,女,未婚,本科,2022/4/5 0:15,6317285572,762.6766063
6511117,1990/6/20,男,未婚,大专,2022/4/9 21:05,6318652815,506.2330321
4011116,1980/5/29,女,已婚,大专,2020/12/3 6:24,6318944129,162.8361444
3912117,1999/9/17,女,已婚,博士,2020/4/25 19:10,6319744033,614.5131315
3311120,1975/2/26,男,已婚,中专,2023/4/19 10:00,6321492451,397.3254044
6312117,1993/3/24,男,已婚,博士,2020/7/19 13:40,6321572488,363.2563719
4912114,2000/6/13,男,已婚,本科,2021/12/18 6:19,6327679344,1040.378253
5214116,1968/10/29,女,未婚,大专,2021/8/18 6:02,6329314679,17.8938195
6616113,1975/11/7,男,已婚,博士,2020/9/24 20:05,6330114757,747.5847311
6420113,1968/9/4,女,未婚,本科,2020/12/9 6:05,6335051490,403.3766057
6717114,1994/1/6,男,已婚,本科,2022/2/23 7:57,6335150820,617.8874825
4013120,1969/9/14,男,已婚,博士,2022/5/30 18:12,6335891533,865.0617277
4118114,1990/4/22,女,未婚,大专,2022/5/19 17:22,6337731476,547.9013013
3413116,1986/10/12,男,未婚,研究生,2020/5/9 1:23,6337771609,69.96543859
3315120,1998/5/4,女,已婚,大专,2021/5/4 9:33,6341428757,493.6573825
4812111,1987/11/21,女,未婚,博士,2022/3/1 5:46,6342877537,655.0691807
5718112,1987/3/27,女,已婚,研究生,2023/4/24 6:17,6344240678,560.2557332
5311119,1974/6/15,男,未婚,研究生,2021/2/12 21:42,6347591906,297.9612357
5312111,1981/1/28,男,未婚,本科,2022/12/11 22:42,6354018067,735.8961812
6213120,1970/12/20,男,未婚,本科,2022/7/7 17:14,6354469955,388.3519212
6013117,1989/1/7,女,未婚,博士,2021/12/30 2:36,6357937475,354.1694401
5411111,1974/3/22,男,已婚,中专,2021/5/22 21:45,6363776730,182.610434
4811116,2000/6/29,男,未婚,中专,2020/4/3 17:38,6365341247,465.3986287
4014112,1978/6/27,男,未婚,本科,2022/11/28 15:06,6365346706,853.9298709
3717113,1993/7/21,男,未婚,研究生,2023/6/4 19:21,6365388425,640.8472222
6418116,1986/10/9,女,已婚,本科,2023/2/23 1:43,6365846489,665.9583503
5415116,1975/9/6,女,未婚,中专,2023/4/24 1:19,6366189534,712.02255
4518114,1984/6/27,男,未婚,博士,2020/2/21 4:30,6366982646,421.4552669
4612112,1995/1/18,女,已婚,中专,2021/8/9 12:37,6367291210,943.3402567
6318120,1999/9/8,男,已婚,大专,2020/9/14 20:33,6370211734,433.6896732
5213115,1975/10/17,女,已婚,本科,2020/12/18 10:27,6371437953,1024.049558
5814115,1986/3/27,男,已婚,大专,2021/12/15 14:21,6371890152,489.1335886
3717113,1993/7/21,男,未婚,研究生,2022/4/19 1:43,6372985530,485.5440365
6019115,1968/4/6,男,未婚,大专,2021/7/7 20:07,6375078330,682.159721
3218118,1979/8/18,女,已婚,中专,2022/11/5 8:05,6376250144,552.8528436
5817120,1975/1/21,女,已婚,研究生,2020/8/9 11:44,6377713866,296.4768326
4913116,1986/8/23,女,已婚,本科,2021/1/12 4:57,6378218407,671.3498612
4519111,1983/1/31,女,已婚,中专,2023/5/22 11:18,6383184402,493.7274831
5815116,1988/11/19,女,已婚,中专,2022/4/13 11:17,6384638078,856.9865843
5711116,1972/5/27,男,已婚,本科,2021/3/2 4:52,6392631338,991.7332047
6418115,1986/4/8,男,已婚,研究生,2020/2/16 14:46,6396291602,704.1554475
5215118,1990/4/12,男,已婚,研究生,2022/1/21 13:40,6397072271,379.0639147
5311119,1974/6/15,男,未婚,研究生,2023/1/24 15:40,6399727797,787.8402353
3320111,1976/9/14,男,未婚,大专,2020/1/12 0:01,6399847673,172.0116558
6715113,1992/1/6,女,已婚,研究生,2023/4/4 8:27,6407966706,103.1731966
4812112,1974/5/14,女,已婚,中专,2021/2/1 23:11,6408914493,371.4262455
6217117,1992/1/9,男,未婚,研究生,2021/6/6 17:26,6411767126,370.5271994
5220112,2000/10/17,女,未婚,中专,2022/8/26 13:14,6412849416,553.9572692
5116118,1986/7/15,女,已婚,博士,2023/1/26 5:03,6413393272,461.4649626
5015118,1988/12/9,男,未婚,博士,2023/4/30 20:42,6416679782,643.5341996
4311119,1992/5/5,女,已婚,大专,2023/5/18 17:48,6416716034,946.3958036
6412118,1997/5/19,女,已婚,大专,2021/3/30 15:07,6417137818,547.5023914
6519115,1980/1/25,男,未婚,中专,2023/5/16 23:07,6418549552,550.7645168
3815118,1993/6/16,男,已婚,大专,2020/6/27 17:35,6420655285,648.0002281
4413111,1991/1/9,男,已婚,博士,2022/7/21 17:24,6422934320,900.9080181
5518115,1987/5/18,男,未婚,博士,2021/7/24 7:53,6423043858,390.4950266
5917112,1994/12/6,女,未婚,本科,2022/8/22 20:05,6426343297,424.9419645
4011116,1980/5/29,女,已婚,大专,2023/4/9 7:41,6427443836,177.3633036
5714119,1972/7/9,男,未婚,研究生,2020/1/10 14:01,6428911699,946.422961
3718113,1987/9/14,男,未婚,中专,2023/5/10 18:37,6430559994,917.0993472
4419119,1981/8/30,女,未婚,中专,2020/9/4 7:26,6430837474,159.306283
6518112,1976/7/7,男,已婚,大专,2019/12/27 22:27,6431694546,749.0201596
4920111,1969/10/28,男,未婚,研究生,2022/12/6 5:34,6432232586,79.71044476
4616113,1988/10/20,女,未婚,研究生,2020/5/30 14:39,6433248846,719.5023363
4913118,1990/7/8,男,已婚,研究生,2021/9/30 16:52,6433598965,178.4160147
5614118,1999/9/11,女,未婚,本科,2021/9/5 10:32,6437325847,859.3321175
3820113,1994/3/16,女,已婚,大专,2021/5/31 11:20,6437967231,585.8645907
5718118,1999/5/31,女,已婚,博士,2020/8/17 18:28,6439095759,568.3284872
6315118,1982/2/20,男,未婚,研究生,2020/1/7 16:36,6443055086,329.4960027
5620111,1971/12/23,男,未婚,研究生,2021/11/3 20:58,6443679011,306.7582049
5112117,1993/9/24,男,未婚,大专,2020/6/15 2:17,6444717201,455.782944
4819115,1981/7/30,男,已婚,博士,2022/5/27 2:07,6445129486,557.6429764
3918111,1996/1/30,女,未婚,本科,2020/8/26 0:43,6445425611,561.4891326
4820112,1978/7/28,女,已婚,博士,2021/3/14 7:52,6445638339,432.8929858
3513114,1982/8/16,男,未婚,大专,2022/8/2 0:40,6446478482,284.4798976
3917119,1971/2/11,男,未婚,研究生,2020/7/21 15:39,6446815366,266.8042261
3216119,1973/1/26,女,未婚,博士,2020/1/14 8:43,6448476129,123.2308077
4914114,1991/7/1,女,已婚,研究生,2023/1/20 12:38,6448731011,1043.027754
6512116,1988/4/6,女,未婚,大专,2022/8/3 8:47,6451564356,728.4915844
6711116,1971/6/23,女,已婚,博士,2021/8/21 22:17,6454162425,834.7584133
3420119,1983/10/6,女,已婚,大专,2021/12/29 14:34,6456083134,785.7415471
5718119,1980/3/7,男,已婚,中专,2021/4/10 15:31,6456496383,420.9920357
4915118,1971/9/20,女,未婚,大专,2023/3/14 7:25,6456731361,744.609836
5620117,1974/5/10,女,已婚,博士,2020/3/3 11:14,6458334585,606.6104469
4217111,1997/2/9,女,未婚,大专,2020/8/31 12:55,6459338537,714.135387
5313115,1976/3/21,女,未婚,研究生,2020/7/12 23:32,6459992807,775.2205873
4016113,1977/3/15,男,未婚,博士,2023/1/9 23:50,6460917245,527.5623689
5916113,1976/7/2,男,已婚,中专,2023/5/25 14:57,6461183430,414.1343564
5719116,1972/5/2,男,未婚,本科,2021/9/7 4:50,6462432236,1134.940393
4911114,1994/12/11,女,未婚,博士,2022/11/27 23:26,6465177804,499.7901719
5918117,1979/4/4,女,已婚,研究生,2022/6/20 16:08,6468571464,480.5197996
6718117,1976/10/21,女,已婚,研究生,2021/6/30 14:07,6468747676,715.3055806
6713118,1997/9/12,男,未婚,博士,2021/1/21 18:59,6468819261,102.3998664
6614118,1978/1/10,女,已婚,中专,2021/9/26 21:18,6469643586,636.1882882
4515111,1982/12/23,男,未婚,本科,2022/3/23 1:20,6469771550,548.7076952
4219118,1992/11/24,女,未婚,研究生,2020/5/25 17:57,6470435622,467.2931133
4112117,1982/4/30,女,未婚,博士,2021/7/23 23:00,6471727601,566.0364536
4216117,1973/5/10,女,未婚,大专,2020/5/1 20:11,6477485104,348.1133428
6117115,1982/7/21,男,未婚,大专,2022/11/11 4:58,6478453587,987.6361669
6517113,1980/10/13,女,已婚,本科,2020/2/2 12:23,6482490454,555.0162585
4912120,1984/2/2,女,未婚,本科,2020/6/28 6:16,6485089442,162.6349089
5117114,1994/4/19,女,已婚,博士,2021/1/27 14:56,6485140551,821.6491165
3511117,1994/6/17,男,未婚,博士,2021/3/22 8:18,6485657942,793.9044593
6319112,1994/5/9,男,已婚,博士,2022/1/3 17:22,6485740699,460.7096385
6313115,2000/8/26,女,已婚,大专,2020/1/20 17:28,6487941498,825.1467503
6715114,1994/8/14,男,已婚,大专,2022/7/29 0:33,6490027074,661.1167325
5719113,1977/8/7,男,已婚,中专,2021/11/17 15:56,6490245130,973.346272
5315117,1979/5/10,女,已婚,博士,2022/11/7 9:20,6492412111,383.1924997
6717112,1980/7/22,男,已婚,本科,2021/2/12 20:27,6496641955,201.2743014
5715119,1974/12/6,女,未婚,研究生,2019/12/21 18:56,6500089098,169.1309032
4316117,1986/3/8,女,未婚,中专,2020/4/16 12:21,6500186935,497.2081421
5016119,1971/3/29,男,已婚,研究生,2021/6/14 2:22,6502441481,268.6412526
6120113,1983/9/1,女,已婚,中专,2020/3/23 12:08,6502887330,163.4763033
4820117,1997/8/16,女,未婚,大专,2022/12/14 5:35,6507193171,438.6357184
4216119,1972/11/23,男,已婚,博士,2023/6/3 5:33,6508642905,579.5122779
3520118,1999/6/21,男,未婚,本科,2023/3/29 16:46,6511736855,275.714455
5113120,1992/11/20,女,未婚,本科,2020/7/6 3:12,6512970163,254.6842868
5618119,1979/10/20,女,未婚,大专,2020/12/17 12:18,6514996082,167.2744112
6412115,1986/3/30,女,已婚,本科,2023/1/14 20:09,6517184873,952.8848425
5216112,1989/7/12,男,未婚,大专,2021/3/7 2:15,6517261766,194.9661391
5415115,1981/1/31,女,已婚,中专,2020/1/7 9:27,6517314485,1178.148399
6214120,1994/4/8,女,已婚,大专,2020/11/27 1:29,6519157570,346.3425408
6215114,1993/9/26,女,未婚,研究生,2022/1/21 0:39,6521336118,572.7175263
6316119,1987/1/20,女,已婚,研究生,2022/9/16 11:54,6521399530,1053.499181
4017118,1974/2/22,男,未婚,本科,2021/9/24 14:47,6524781560,457.5310969
5715115,1975/8/23,男,已婚,研究生,2021/12/19 4:37,6525896360,888.5263128
4614112,1979/6/26,女,已婚,研究生,2021/11/14 17:35,6526433308,636.8173258
5811118,1981/9/11,女,已婚,博士,2023/5/7 18:33,6527181479,44.40392269
5017118,1980/6/3,男,未婚,研究生,2020/3/20 16:02,6527473712,712.3858717
6318114,1984/4/2,男,未婚,大专,2022/12/20 5:50,6527696988,533.174611
6418112,1991/3/13,女,未婚,本科,2022/10/11 13:44,6530431139,478.9067289
5220120,1984/11/18,男,未婚,博士,2023/3/17 6:57,6531747788,509.1669805
5518117,1988/4/27,男,未婚,研究生,2022/2/10 11:22,6532212615,665.6110481
5518111,1981/5/20,女,已婚,本科,2023/4/28 10:25,6533495587,921.2708379
3513117,1994/1/25,男,已婚,大专,2023/5/15 16:30,6539235582,705.635545
6220113,1998/6/24,男,已婚,博士,2022/10/19 6:43,6539411560,661.7914298
5316115,1977/3/31,男,未婚,本科,2022/11/6 18:24,6539747359,877.2868851
4417118,1982/3/26,男,已婚,博士,2022/7/29 21:06,6540127644,948.7782804
6615115,1994/8/26,男,未婚,研究生,2020/9/11 5:37,6540980222,859.6570326
3320111,1976/9/14,男,未婚,大专,2023/3/21 9:07,6541272407,1047.737626
6512118,1981/2/25,男,已婚,博士,2020/6/24 4:03,6545786702,599.0177072
5715117,1995/9/18,男,未婚,本科,2022/10/11 10:34,6546813842,389.9686802
5414113,1970/11/17,男,未婚,大专,2021/12/20 11:45,6547451611,1135.090211
6520114,1993/3/23,女,已婚,本科,2020/11/27 1:28,6550999350,671.9078169
6319114,1993/7/9,男,未婚,本科,2022/12/12 2:00,6551247239,851.285863
6017116,1988/10/5,女,未婚,研究生,2020/5/10 2:20,6553941597,615.1280014
6414120,1972/3/23,女,未婚,本科,2020/9/6 5:27,6556084894,339.8157918
5112119,1968/10/8,男,已婚,本科,2020/9/9 5:43,6556551664,512.7289265
4419111,1969/4/11,女,已婚,本科,2023/4/11 20:44,6556599128,1053.454104
4320120,1981/1/19,女,已婚,本科,2020/1/12 11:48,6565877020,658.1144047
5814117,1983/7/14,男,未婚,研究生,2020/7/19 22:01,6568019812,946.5510888
5519120,1980/11/6,男,未婚,研究生,2020/11/29 14:47,6568262835,182.1364392
4817113,1975/12/7,男,已婚,本科,2022/4/17 5:33,6573445936,390.601514
5214117,1972/8/5,女,未婚,本科,2023/1/28 15:44,6574688512,533.8646516
4015119,1974/7/26,男,未婚,大专,2020/8/14 7:26,6575528553,776.8152342
4418116,1993/11/9,男,未婚,研究生,2021/8/18 22:31,6575913107,210.0204148
5814119,1984/10/7,女,未婚,本科,2021/10/1 14:06,6578568996,1027.524987
3413118,1994/10/9,男,未婚,大专,2022/11/30 12:47,6579265834,468.0008055
4617119,1996/2/3,男,未婚,博士,2022/4/3 23:57,6579456358,196.6041117
3513113,1980/3/6,男,已婚,本科,2022/3/17 6:42,6579664442,268.0291242
6416118,1995/4/13,男,已婚,研究生,2021/1/10 6:52,6580296077,585.2748772
6011114,1979/1/26,男,未婚,本科,2020/10/17 0:30,6581271196,313.6785121
4811116,2000/6/29,男,未婚,中专,2021/1/8 6:00,6583024208,397.1751163
3817112,1978/9/6,男,未婚,博士,2020/8/26 22:56,6585851038,938.0255185
3314117,1988/3/16,男,未婚,本科,2020/6/20 5:53,6587681523,545.8639417
5919119,1981/12/31,女,未婚,大专,2023/1/31 16:59,6589933502,703.8166645
3317115,1972/9/24,女,未婚,大专,2021/10/12 16:12,6593135617,357.2746573
4016111,1977/4/25,女,已婚,大专,2022/6/15 12:46,6593393251,449.7843753
3316111,1975/1/27,女,未婚,中专,2022/4/9 22:22,6597973285,562.2442179
3212114,1984/4/24,男,已婚,中专,2020/10/29 22:49,6598655643,216.9002996
5420115,1971/3/31,女,已婚,中专,2023/5/11 19:45,6599237828,725.0808638
6114120,1978/3/9,女,未婚,中专,2022/4/5 16:52,6599735896,440.971535
6420118,1970/7/17,男,已婚,大专,2023/2/28 5:51,6599745242,99.49850358
6113113,1989/12/6,男,未婚,研究生,2020/4/23 2:53,6603680232,312.6611793
4320115,1969/6/22,男,未婚,研究生,2022/1/6 18:05,6603735794,404.1651109
4014112,1978/6/27,男,未婚,本科,2020/3/10 1:49,6603768116,374.9400826
3415115,1977/6/12,男,未婚,本科,2023/4/30 11:09,6603795959,476.9570798
4911114,1994/12/11,女,未婚,博士,2021/12/9 18:20,6604920169,587.9649454
5520113,1993/6/8,男,未婚,博士,2021/5/20 10:33,6607240583,537.7082555
4313112,1983/12/23,男,已婚,研究生,2020/5/27 19:52,6607827581,732.0632282
3317120,1976/8/29,女,已婚,大专,2020/3/6 16:15,6610165637,617.3321506
3911120,1979/4/23,女,已婚,博士,2020/9/30 8:10,6613213524,519.8889555
5016111,1982/4/6,女,未婚,中专,2021/9/19 12:31,6613551099,218.3236958
4411120,1983/7/31,女,已婚,博士,2023/3/2 9:32,6616737895,651.5163912
5611112,1986/3/10,男,已婚,博士,2022/9/14 13:32,6616958242,703.7936226
4117116,1974/9/23,女,未婚,本科,2022/2/1 1:35,6617351407,831.9746063
5912118,1997/11/8,女,未婚,中专,2022/1/20 19:32,6621290653,1128.283948
5315115,1979/5/7,男,已婚,研究生,2022/6/9 1:39,6622635247,632.1778462
6118115,1972/12/8,男,已婚,博士,2020/3/23 1:26,6626451344,399.9189786
4119119,1980/8/10,女,已婚,中专,2023/5/21 10:28,6627860980,502.1354017
5013117,1977/5/20,男,已婚,研究生,2021/6/1 7:45,6627991909,971.7028394
3411111,1994/11/26,女,未婚,中专,2020/6/15 0:37,6628620784,170.4148559
5411120,1980/11/22,男,已婚,研究生,2021/7/18 21:00,6633424072,608.9517211
6420120,1977/4/16,女,已婚,本科,2021/6/22 12:07,6633922803,682.2313106
5517116,1983/10/15,女,已婚,博士,2023/2/14 19:58,6638823415,884.3378066
6719115,1970/10/12,女,未婚,本科,2022/7/22 1:03,6642165655,897.560703
3514120,1986/5/17,女,未婚,研究生,2023/2/28 11:23,6646381955,436.2291217
4517120,1972/7/18,男,已婚,本科,2021/1/9 16:28,6650963588,185.4267154
3911114,1979/8/25,男,未婚,研究生,2020/11/18 8:23,6654955708,697.7307765
4312114,1991/5/14,女,已婚,博士,2019/12/31 12:40,6656376904,959.7369356
4712116,1980/8/27,男,已婚,本科,2021/4/25 13:27,6658611632,517.4442274
3716112,1984/10/2,男,未婚,博士,2023/2/17 14:59,6659623536,400.8800447
5016112,1998/11/28,女,未婚,中专,2022/8/12 2:51,6659743769,392.4503458
3720118,1987/5/27,男,已婚,研究生,2021/5/10 2:03,6659875599,141.7877595
4513111,1985/12/4,女,已婚,本科,2020/5/8 17:40,6661249806,838.9349254
4420112,1971/4/14,男,未婚,博士,2021/1/15 14:04,6662414232,711.0899991
4112111,1994/10/20,男,未婚,本科,2020/6/6 5:33,6667278365,873.0063088
6111118,1989/12/31,男,已婚,博士,2021/4/23 10:01,6669818982,922.4548078
6215119,1996/3/3,男,未婚,研究生,2022/12/16 1:41,6670072108,427.8417924
6119114,1986/12/9,女,未婚,博士,2023/2/16 15:24,6670595495,816.8005865
5018119,1977/8/2,女,已婚,博士,2019/12/27 17:48,6670622440,461.4671267
6218116,1989/1/18,男,未婚,研究生,2022/8/4 10:57,6677057901,374.9464842
3516117,1972/5/18,女,已婚,研究生,2023/2/27 22:16,6677686045,447.2156358
4520115,1967/12/28,女,已婚,大专,2020/8/25 6:08,6678060379,338.0227075
5117112,1975/10/31,男,已婚,中专,2020/12/30 16:19,6679750011,672.7983757
5713120,1982/5/19,女,未婚,研究生,2021/7/1 17:21,6680748260,782.8633361
5820115,1971/9/16,女,已婚,博士,2023/4/2 7:34,6682880654,746.3017117
5419111,1975/7/21,女,未婚,中专,2022/11/19 23:53,6684267733,142.8471427
5214112,1993/10/31,女,已婚,中专,2023/1/26 6:08,6687237530,266.0271355
6513117,1995/3/23,男,未婚,研究生,2022/12/14 1:02,6688361084,329.4536362
4020119,1973/11/9,男,已婚,中专,2021/5/19 14:16,6690522462,686.9587313
3420111,1975/8/23,男,已婚,中专,2021/9/13 8:08,6691869458,44.61448574
6720112,1975/9/9,男,已婚,大专,2023/4/9 6:37,6692411844,992.8836492
4911120,1978/11/10,男,未婚,中专,2023/2/19 20:04,6693454300,680.4839401
6219117,1978/3/17,女,已婚,博士,2021/7/4 1:11,6693986803,822.6678298
5213115,1975/10/17,女,已婚,本科,2021/4/26 21:47,6694280517,807.592148
4714112,1989/3/30,女,已婚,博士,2022/9/25 13:23,6694489231,97.98552683
6712119,1990/11/27,女,已婚,本科,2023/3/30 4:47,6695427304,969.8493734
6420114,1998/10/7,男,未婚,博士,2020/11/12 5:30,6697324022,66.35475674
3717113,1993/7/21,男,未婚,研究生,2022/12/11 5:19,6698345856,129.2758479
4917113,1974/3/28,男,已婚,大专,2022/1/3 23:02,6699059580,1213.358032
6420114,1998/10/7,男,未婚,博士,2020/1/10 22:40,6701846875,719.7322404
4820114,1999/4/6,男,未婚,大专,2022/1/9 2:13,6703410630,34.48388554
3817120,1978/1/17,女,未婚,大专,2021/11/27 2:10,6704187813,192.3146171
6613114,1989/1/24,女,已婚,研究生,2020/10/15 20:15,6704479065,489.2055023
5115112,1988/3/9,男,已婚,研究生,2023/6/1 10:17,6706440311,982.7309419
5614116,1994/12/14,女,未婚,研究生,2019/12/28 5:54,6707371394,278.5980879
6413114,2000/5/28,男,已婚,研究生,2022/10/11 22:46,6707986143,594.4737686
6115118,1997/10/29,女,未婚,本科,2020/9/25 13:19,6708431122,429.1882201
5520118,1995/3/8,男,未婚,本科,2023/4/22 4:03,6709960164,684.8067318
4917120,1979/3/16,女,已婚,大专,2021/7/16 20:57,6712141870,879.9946275
6016117,1975/12/9,男,已婚,博士,2020/6/30 13:49,6717486420,247.7748022
5815116,1988/11/19,女,已婚,中专,2021/7/1 19:08,6717712381,388.1172313
4519112,1982/1/2,男,已婚,博士,2021/8/17 6:57,6717751357,674.7240394
3514119,1989/6/14,男,已婚,博士,2020/5/9 15:51,6721641224,773.7239542
4511113,1989/2/12,女,已婚,中专,2021/11/15 13:51,6727641014,804.0299908
5214116,1968/10/29,女,未婚,大专,2020/9/10 11:57,6731257486,733.7144037
5019119,1994/6/16,女,未婚,本科,2022/8/2 21:32,6731964171,644.8553902
3218112,1980/9/8,女,已婚,博士,2022/2/4 2:54,6732136468,323.0336099
6116111,1967/12/18,女,未婚,大专,2023/1/22 11:48,6732144971,501.9462
4312113,1987/10/29,女,已婚,博士,2021/4/16 4:24,6734732872,270.6069675
4911117,1984/2/10,男,已婚,大专,2022/10/15 5:56,6735038004,807.6207476
5917120,1971/2/27,男,已婚,本科,2021/7/1 11:37,6735999170,497.5970792
6115117,1993/4/11,男,已婚,研究生,2020/5/17 12:14,6742930360,143.8477729
3920114,1994/8/9,男,未婚,研究生,2023/2/1 11:49,6745952362,619.8818783
5616114,1972/10/3,男,已婚,大专,2022/3/18 17:23,6746263377,594.2560581
3315116,1999/8/21,女,未婚,中专,2023/3/8 6:12,6747765389,400.5024933
6115112,1991/3/11,男,未婚,研究生,2021/12/25 23:44,6747999891,500.806997
4719114,1999/1/12,男,未婚,中专,2020/3/25 4:39,6749852371,774.1374112
4019120,1986/12/23,男,已婚,大专,2022/5/12 13:31,6750693833,1113.691474
3916112,1968/1/12,女,已婚,研究生,2021/2/26 18:53,6758190905,924.4024955
3214112,1980/11/27,男,已婚,本科,2020/3/13 18:40,6758453079,506.97688
5319117,1973/6/13,女,未婚,中专,2022/7/28 23:51,6758976476,894.2067844
3414116,1982/7/21,女,已婚,博士,2022/12/26 11:47,6760775106,929.8677726
4011111,1994/12/30,女,未婚,本科,2020/5/3 15:07,6761241965,826.282652
5313111,1997/5/9,女,已婚,博士,2023/2/13 23:53,6761884402,462.5525522
5913114,1981/4/9,男,已婚,研究生,2020/4/26 21:11,6763413489,820.9518405
6112113,1973/6/16,女,已婚,本科,2020/5/2 5:30,6765541790,575.8595882
4211112,1984/6/17,女,未婚,大专,2023/2/16 1:08,6767767390,868.4338725
6020113,1977/10/4,女,已婚,中专,2020/2/16 5:23,6771258403,1015.030383
4614112,1979/6/26,女,已婚,研究生,2021/3/26 13:50,6773510983,689.183488
4917113,1974/3/28,男,已婚,大专,2022/10/1 15:22,6774187524,263.9976319
6211111,1980/9/25,女,未婚,博士,2022/10/3 19:26,6776275087,246.9607212
3720116,1985/3/18,女,已婚,本科,2022/3/13 23:39,6782943685,767.6358977
5119117,1992/12/3,男,未婚,大专,2022/12/23 11:47,6783031378,353.3848988
6220118,1996/7/31,女,未婚,研究生,2021/12/13 17:53,6785193503,608.969987
5619118,1968/2/24,男,已婚,大专,2023/1/24 1:59,6785310907,94.26158412
4519118,1969/4/11,男,未婚,大专,2023/4/9 23:25,6788134764,751.2890291
6416111,2000/11/29,女,未婚,本科,2020/11/29 23:31,6790872359,280.8692484
5115117,1986/3/23,女,未婚,博士,2022/1/21 2:20,6792631703,421.1634288
3913117,1978/5/1,男,已婚,大专,2022/10/23 9:43,6795837542,534.7433305
4115117,1990/3/19,女,未婚,中专,2021/5/1 21:33,6800080579,828.7514984
5816114,1996/1/24,女,已婚,大专,2023/1/24 2:16,6800694355,885.966436
5017119,1988/5/6,女,已婚,大专,2023/1/29 22:30,6800854287,1126.125635
3213112,1987/10/9,男,未婚,中专,2020/7/5 23:07,6804763656,874.7246902
4619120,1985/8/22,男,未婚,研究生,2021/2/16 13:27,6805846034,471.2534628
5320119,1992/1/16,女,未婚,研究生,2023/1/16 10:40,6807187576,1089.865304
5118120,1970/11/8,女,已婚,本科,2023/1/21 22:09,6807485052,529.8598715
4412112,1972/8/26,男,未婚,中专,2020/8/30 18:48,6808722479,724.1220533
3814114,1991/6/29,女,未婚,研究生,2023/1/10 7:54,6809412506,260.778561
6317114,1994/6/5,女,已婚,研究生,2023/3/31 7:46,6814789689,84.16151808
4911112,1968/12/5,男,已婚,大专,2021/2/16 5:11,6817727421,128.1068353
6719117,1972/3/25,女,已婚,博士,2021/5/21 15:59,6820478916,812.2922983
5217112,1979/9/23,男,未婚,本科,2022/8/8 19:29,6821433192,1123.294022
5020113,1993/5/30,女,未婚,中专,2022/12/20 14:25,6826011612,555.6497079
5514114,1990/3/10,女,未婚,本科,2020/1/10 14:49,6830310539,661.394693
6112111,2000/5/1,女,已婚,研究生,2022/7/6 4:08,6834478805,448.163972
6019114,1997/4/11,女,未婚,本科,2021/5/11 4:42,6839141875,346.9489865
4314117,1995/6/7,男,已婚,大专,2023/4/25 19:15,6840097915,866.0920267
5913114,1981/4/9,男,已婚,研究生,2022/3/25 17:01,6842963588,724.2996196
3412113,1970/8/2,女,未婚,本科,2020/8/6 4:29,6843452421,744.2208732
5117113,1990/2/17,男,已婚,博士,2022/3/13 0:34,6844725979,378.5663943
4516113,1969/6/26,女,未婚,本科,2019/12/13 1:44,6845749223,32.32787365
5811114,1991/1/13,女,已婚,博士,2021/7/22 2:14,6846333684,636.76961
4418119,1978/10/20,女,未婚,大专,2020/3/7 10:59,6847428055,701.7180685
4216113,1998/1/29,男,未婚,博士,2020/6/2 10:20,6850442566,125.694932
4218120,1978/1/7,男,已婚,本科,2020/3/21 2:25,6851585677,642.0677997
3715113,1997/7/30,男,未婚,大专,2021/5/20 12:30,6853710506,936.0695538
5315112,1992/2/21,男,未婚,中专,2022/10/12 3:05,6853947055,859.1631376
3411119,1996/2/19,女,已婚,中专,2021/6/8 21:07,6855712805,420.4113205
6117111,1976/5/8,男,未婚,大专,2020/9/29 5:05,6856965388,451.7437944
6112116,1988/11/1,男,已婚,大专,2022/10/17 3:39,6858614411,501.5083655
6115113,1990/8/1,女,已婚,博士,2022/8/11 9:48,6858663131,720.4402735
6516111,1984/4/26,男,已婚,博士,2022/11/22 23:48,6858831273,792.108482
3920119,1973/10/21,女,已婚,研究生,2021/3/18 15:34,6860310047,357.0264072
3320117,1977/7/18,男,已婚,研究生,2023/1/8 2:38,6861532690,307.27074
5319119,1996/12/21,女,未婚,中专,2020/5/30 4:58,6861768833,588.469192
3712119,1975/2/11,女,已婚,研究生,2020/6/18 20:18,6862651085,452.1186618
5714119,1972/7/9,男,未婚,研究生,2020/6/5 21:29,6862799916,518.5255741
3419118,1980/8/30,男,未婚,博士,2020/4/27 16:26,6864011267,1057.303451
6217119,1997/8/24,男,未婚,研究生,2022/2/28 13:27,6865028533,1101.835433
3417119,1970/12/26,女,未婚,大专,2020/10/18 22:55,6866575643,96.06574615
6214117,1973/10/13,女,未婚,博士,2020/3/21 12:35,6866854712,252.3315667
6115115,1978/1/13,男,未婚,本科,2021/12/1 2:38,6867542003,415.7219269
6015117,1995/4/14,男,已婚,本科,2023/5/12 10:43,6869888176,448.7053142
5818120,1979/11/11,男,已婚,中专,2023/2/22 10:51,6871879775,749.7042835
4612113,1978/12/2,男,未婚,大专,2021/3/28 14:59,6875112486,472.6563363
4416111,1971/2/3,男,未婚,研究生,2021/4/1 12:24,6878578473,574.5493982
4918119,1969/12/2,男,未婚,本科,2021/7/1 21:47,6886042830,875.3572096
4314120,1977/7/17,女,已婚,博士,2021/10/13 5:36,6886588915,575.6760172
5414113,1970/11/17,男,未婚,大专,2021/8/10 20:17,6887865095,793.7408833
6719117,1972/3/25,女,已婚,博士,2021/12/6 8:24,6888467267,146.3896296
5512114,1977/8/23,男,已婚,大专,2022/7/9 23:34,6889621482,846.5245567
4514119,1987/3/20,女,已婚,本科,2020/2/16 22:49,6890183809,611.6300391
6715118,1968/3/26,男,未婚,博士,2021/6/7 0:36,6890714959,584.1335983
5115111,1990/6/13,女,未婚,本科,2021/1/9 9:57,6897852014,429.5441078
4515117,1979/2/22,女,未婚,大专,2022/11/27 2:54,6898892253,665.2011596
3212111,1995/8/3,女,未婚,大专,2020/5/31 22:45,6900810730,958.8632329
6620116,1971/10/12,男,已婚,博士,2022/5/23 16:51,6901159227,449.8314065
5220116,1999/1/18,女,已婚,研究生,2022/6/20 0:41,6905645821,543.0751135
5120115,1977/5/20,女,已婚,研究生,2020/3/11 17:57,6909179925,938.2858447
6312114,1998/1/26,女,已婚,本科,2021/2/3 13:39,6910496739,82.65996957
4017113,1994/5/26,男,未婚,大专,2023/6/3 6:56,6913073151,274.5573899
3818113,1983/7/3,女,已婚,研究生,2020/3/8 13:51,6913157479,711.8196067
6617117,1980/9/18,男,已婚,研究生,2020/12/29 22:13,6914348791,608.4202039
5819116,1978/5/1,女,已婚,本科,2023/1/28 2:31,6915869266,652.1502361
4113116,1972/12/17,男,未婚,研究生,2020/10/29 0:52,6915982617,579.3503723
5417117,1989/2/24,女,未婚,本科,2021/3/16 18:03,6916981988,818.0892766
3413116,1986/10/12,男,未婚,研究生,2020/11/2 23:29,6918643741,479.6322786
3214111,1989/4/9,女,已婚,大专,2023/3/18 8:40,6918898313,288.4119018
5919112,1999/1/20,女,未婚,本科,2023/5/4 11:01,6922748235,365.568022
3813119,1983/5/31,男,已婚,中专,2023/3/8 11:50,6923720712,745.8143882
5011115,1993/6/27,女,已婚,大专,2020/11/19 6:40,6924645335,557.668725
6320113,1989/4/18,女,已婚,中专,2021/6/16 23:17,6925161804,657.4666505
6412114,1991/12/24,女,未婚,博士,2022/4/1 15:49,6926853822,645.0804225
3817117,1990/1/24,女,未婚,大专,2021/3/2 3:42,6932591882,422.2412831
5020113,1993/5/30,女,未婚,中专,2023/2/2 12:05,6932695320,751.8313737
6212113,1988/8/31,男,已婚,本科,2022/9/13 22:08,6933826495,690.5919093
4315116,1969/12/20,女,已婚,本科,2020/2/14 13:17,6934467102,293.3918894
6418118,2000/5/27,女,已婚,本科,2021/10/19 14:32,6935071198,586.7200227
5114119,1972/11/22,男,未婚,研究生,2020/7/31 23:32,6935229420,575.7932172
6220116,1979/8/11,男,已婚,大专,2021/6/24 18:22,6935942784,610.0079001
4716112,1984/6/7,女,已婚,本科,2021/3/15 16:59,6938041588,645.1267667
5317114,1990/4/3,男,已婚,本科,2020/1/22 0:47,6939284468,946.5414625
3211111,1994/8/12,男,已婚,大专,2022/10/17 9:55,6939297801,590.0913381
5016116,1988/12/25,男,未婚,本科,2022/8/20 1:44,6940525249,707.1508777
6613119,1969/11/8,男,已婚,研究生,2023/5/21 17:58,6940881172,862.007314
5411118,1975/9/9,男,未婚,博士,2023/2/16 3:30,6942198375,383.7747644
6112114,1985/9/2,男,未婚,本科,2020/2/27 21:20,6945432159,357.1340961
4013116,1992/6/9,女,未婚,本科,2020/6/23 10:54,6945569294,166.5634195
5311119,1974/6/15,男,未婚,研究生,2023/1/21 13:49,6950640819,523.8703217
4219112,1983/1/4,女,未婚,大专,2021/2/21 8:09,6954081903,997.8264047
6419111,1973/6/30,女,已婚,中专,2021/12/10 12:18,6955265878,516.2409075
5618119,1979/10/20,女,未婚,大专,2022/9/1 9:09,6957735433,878.3398457
5619115,1979/12/18,女,已婚,博士,2023/4/17 15:18,6958244518,717.8431225
5820111,1970/6/1,女,已婚,大专,2021/4/14 5:17,6959563071,562.5338188
4019118,1972/1/21,女,未婚,研究生,2023/5/31 16:40,6960156759,956.9557513
6419119,1980/5/21,男,未婚,本科,2022/3/28 5:31,6962036897,63.1244837
5615115,1985/6/14,男,未婚,博士,2022/11/17 18:24,6962567775,840.536299
4815116,1985/10/3,男,未婚,中专,2022/11/16 0:09,6965332633,927.270702
5812112,1972/8/12,男,已婚,本科,2023/3/12 20:13,6966121648,348.8672318
5812111,1996/5/3,男,未婚,博士,2020/11/24 19:18,6966446023,837.2768082
6620118,1983/9/19,女,未婚,本科,2021/12/22 20:39,6968336174,461.3849731
5420115,1971/3/31,女,已婚,中专,2021/12/25 0:28,6970065463,684.0491043
6315120,1987/4/29,男,未婚,大专,2022/12/10 5:47,6971069014,353.7034597
4820114,1999/4/6,男,未婚,大专,2019/12/17 13:26,6972040023,444.4590848
6113112,1995/5/29,男,未婚,本科,2023/3/13 3:35,6972931459,433.009202
5020114,1999/12/30,男,未婚,研究生,2022/4/4 7:16,6973173572,669.100856
5415117,1982/8/4,女,已婚,研究生,2022/1/18 10:33,6973519067,1147.655458
5215111,1995/4/28,女,已婚,研究生,2021/12/16 18:55,6974076890,1156.716566
4716112,1984/6/7,女,已婚,本科,2021/12/7 6:46,6974762129,537.2853486
4717114,1974/6/10,女,未婚,大专,2020/8/22 22:14,6975190852,503.513075
5613113,1985/9/9,女,已婚,大专,2022/2/7 6:27,6976494876,713.7057897
5620111,1971/12/23,男,未婚,研究生,2022/11/12 17:31,6986742168,303.2444639
6715119,1994/12/28,男,已婚,本科,2023/1/21 7:08,6987711709,534.5504977
4318113,1985/8/16,男,未婚,研究生,2023/5/1 11:47,6988297705,785.0817885
4319113,1981/10/25,女,未婚,研究生,2020/3/30 8:50,6990210075,164.3812845
6414120,1972/3/23,女,未婚,本科,2021/1/10 15:25,6993991319,446.1123257
4520113,1994/7/7,男,已婚,本科,2021/3/7 1:51,6994237037,802.4865833
3317115,1972/9/24,女,未婚,大专,2021/8/4 0:49,6996181557,459.6504144
4114117,1977/7/10,女,已婚,研究生,2022/12/13 18:47,6996326795,733.1242835
5213112,1981/8/6,女,已婚,中专,2023/1/21 2:08,6996674180,164.3316261
4716119,1996/5/5,男,已婚,本科,2021/4/17 18:14,6997899191,720.6445082
6713113,1993/2/13,女,未婚,中专,2021/10/29 17:22,6998471019,418.5628471
4612117,1978/1/30,女,已婚,研究生,2023/4/21 22:49,7001954740,438.0597178
4012120,1987/11/27,男,未婚,博士,2020/12/20 5:06,7003637791,406.6514277
6618117,1979/7/13,女,已婚,研究生,2021/4/28 7:49,7005424241,494.9934921
4613115,1997/1/21,女,已婚,中专,2020/2/21 1:41,7006411551,456.6124947
5614117,1989/3/22,女,已婚,本科,2020/11/20 6:36,7007755943,309.3313919
6612111,1997/1/25,男,已婚,大专,2021/8/27 7:27,7007863235,721.3744432
4512115,1975/10/6,男,未婚,博士,2021/10/30 5:27,7008865704,439.047931
5217114,1972/7/20,男,未婚,博士,2021/1/24 1:20,7013746714,259.0499629
3714119,1993/6/11,男,已婚,大专,2020/6/22 11:25,7017523333,485.0529802
3814118,1983/2/15,男,未婚,中专,2021/4/15 14:26,7019113162,544.4738475
6515118,1970/1/27,女,未婚,大专,2021/1/25 1:21,7024113296,96.37890064
4914115,1992/1/16,女,未婚,中专,2021/5/6 17:00,7025549154,417.5048691
5220115,1998/7/8,女,未婚,研究生,2020/12/10 12:10,7026257355,1021.104718
4319118,1990/1/30,女,已婚,研究生,2021/12/30 17:18,7029323728,367.8322663
5720119,1990/6/22,女,未婚,中专,2023/5/31 13:11,7031024575,443.8695437
5120116,1991/12/30,男,未婚,大专,2022/1/28 2:47,7032651297,696.5290139
4813113,1969/12/16,男,已婚,博士,2023/1/22 17:19,7032768284,573.3301089
4113114,1994/3/21,女,未婚,本科,2022/7/26 6:27,7034927742,848.8484508
6214115,1990/5/12,女,已婚,博士,2020/8/5 21:09,7035287705,654.2760632
6212114,1979/9/30,女,未婚,博士,2021/10/27 21:43,7035726669,545.8729511
4712114,1998/2/28,男,已婚,本科,2023/5/16 16:12,7035793878,816.5731732
5211120,1979/2/5,男,已婚,研究生,2023/2/16 16:09,7036927535,321.0854385
6016120,1994/2/22,女,未婚,研究生,2020/12/31 9:40,7038628064,1009.626969
5015119,1973/8/24,男,未婚,研究生,2023/3/19 12:16,7039719705,793.0491163
6419112,1986/2/13,男,未婚,研究生,2019/12/28 20:23,7040170494,392.5965557
5420119,1983/10/29,女,未婚,中专,2021/11/5 12:19,7040996041,315.5757145
4511117,1996/5/8,女,未婚,本科,2021/10/11 14:31,7041811812,575.4924374
5412111,1980/6/17,女,未婚,中专,2020/6/12 14:33,7048276227,227.8983594
4120112,1984/4/30,女,未婚,研究生,2021/5/13 17:00,7049676267,576.2867091
4717116,1982/8/6,男,未婚,本科,2020/1/9 17:50,7050526927,858.9905371
6211111,1980/9/25,女,未婚,博士,2021/7/30 3:50,7053474981,611.1967455
4914115,1992/1/16,女,未婚,中专,2021/11/20 1:40,7054417072,439.9274522
5919116,1988/6/19,女,已婚,研究生,2021/3/15 22:20,7055361315,224.5737149
3514114,1986/12/19,女,已婚,本科,2023/1/25 18:05,7059336064,925.0844693
5712116,1986/7/10,男,未婚,中专,2020/4/9 11:23,7064983529,320.3168779
6016120,1994/2/22,女,未婚,研究生,2021/11/14 1:17,7066419245,1064.884315
6713118,1997/9/12,男,未婚,博士,2023/3/7 5:29,7066773985,740.2303734
4820111,1987/9/18,男,已婚,中专,2021/6/23 6:22,7068068259,418.2959613
6120117,1986/7/2,女,未婚,中专,2022/2/18 22:41,7068745766,396.7485408
6319114,1993/7/9,男,未婚,本科,2020/5/26 0:16,7069820688,375.3008122
6412114,1991/12/24,女,未婚,博士,2019/12/18 7:56,7069828166,152.8038684
5713118,1981/3/24,男,未婚,本科,2020/3/14 4:36,7074051858,643.5776021
3512117,1995/6/16,女,未婚,本科,2021/8/9 8:43,7074441646,837.2816311
3819118,1978/2/14,男,已婚,本科,2020/9/26 5:36,7075567878,706.8955834
6617117,1980/9/18,男,已婚,研究生,2022/11/4 21:53,7077748593,761.6284621
3313117,1985/1/23,女,未婚,中专,2022/10/25 15:01,7078839402,737.2043536
3913119,1988/9/29,男,已婚,研究生,2023/1/12 9:44,7079561808,211.087198
5211116,1982/12/12,男,已婚,本科,2022/5/30 19:35,7080370517,234.2631611
4213111,1971/6/29,男,未婚,大专,2020/9/25 4:40,7083162790,530.265474
5417115,1971/1/8,女,已婚,中专,2022/11/4 11:59,7084215487,236.0804413
5812118,1970/8/14,男,未婚,大专,2021/8/3 6:49,7084821604,583.0074431
4820118,1997/10/8,女,已婚,研究生,2023/5/21 17:41,7086874238,671.6045719
4913113,2000/7/13,男,已婚,研究生,2020/4/23 10:28,7086875502,499.1357231
5112113,1988/4/17,女,未婚,本科,2020/1/13 20:32,7089570325,697.5577522
6714113,1980/11/23,女,未婚,本科,2021/3/12 16:36,7094152205,429.1990221
5213113,1971/3/9,男,已婚,大专,2020/6/23 23:44,7094361873,955.8418993
5513111,1977/3/18,女,未婚,博士,2020/9/18 8:26,7095948203,222.7894894
4619119,2000/11/2,男,已婚,博士,2021/11/27 7:26,7096353647,454.5834264
3813114,1985/6/14,女,未婚,博士,2020/3/23 18:17,7097650067,133.3106854
4314117,1995/6/7,男,已婚,大专,2023/4/23 14:10,7098119392,1009.81587
5816120,1974/3/22,男,已婚,本科,2022/2/3 19:26,7105121809,503.7528861
4912119,1999/3/10,女,已婚,本科,2020/9/2 22:56,7105335818,431.5814818
6513120,1981/12/3,女,未婚,博士,2023/2/16 16:33,7105668668,296.0605958
4711116,1981/5/2,女,已婚,研究生,2023/5/4 7:06,7107391063,341.5702618
4417120,1996/5/6,男,未婚,本科,2022/8/17 9:32,7109040335,508.4178252
5913119,1986/10/24,女,未婚,中专,2022/3/9 2:59,7111014096,589.9356372
3920114,1994/8/9,男,未婚,研究生,2023/2/26 12:12,7111596282,824.5052915
3415114,1977/6/27,女,未婚,研究生,2020/6/25 11:56,7112284668,813.0544311
6513116,1982/6/30,男,已婚,大专,2022/6/8 1:28,7112959271,562.8393883
4514113,1996/8/18,女,已婚,大专,2021/7/18 0:35,7117352851,605.697308
6518113,1977/2/9,女,未婚,本科,2022/5/10 1:32,7117939668,715.9586805
6514117,1980/7/27,女,已婚,研究生,2020/5/12 22:22,7121627941,857.6185377
4519111,1983/1/31,女,已婚,中专,2023/4/23 23:27,7122899360,156.523046
6015120,1989/9/30,男,已婚,博士,2022/8/10 23:49,7123121723,613.1712476
4114111,1978/10/3,女,未婚,研究生,2022/4/15 16:56,7125280025,922.3379951
6617115,1977/9/8,男,已婚,大专,2023/2/15 3:22,7128146287,368.7129565
5915117,1989/9/5,男,未婚,大专,2020/5/15 23:39,7128697379,785.6674762
6319117,1974/10/29,男,未婚,本科,2022/1/30 1:19,7129797501,514.9700995
5413115,1971/5/15,女,未婚,博士,2020/11/10 22:34,7130668160,631.655868
3215118,1969/2/24,男,已婚,研究生,2019/12/20 10:35,7131382043,693.0283157
3618112,1985/4/23,女,未婚,本科,2022/9/28 2:21,7131798636,155.5451698
5914120,1976/8/24,女,未婚,大专,2022/6/26 0:55,7132891361,312.845
4720113,1973/6/20,女,未婚,大专,2023/6/4 3:29,7139477321,385.8552188
3220114,1987/8/10,男,已婚,研究生,2023/3/4 13:51,7139851698,1001.015582
3812111,1984/8/3,男,已婚,博士,2022/8/26 13:55,7141138447,169.6293121
3320116,1970/12/23,女,未婚,本科,2020/3/20 18:51,7143329812,387.7141859
5819116,1978/5/1,女,已婚,本科,2022/9/18 13:55,7143614699,355.6113584
6318117,1988/8/6,男,已婚,博士,2023/1/14 16:14,7144989458,1090.264437
4914117,1983/4/27,男,已婚,大专,2022/3/3 5:25,7146491324,787.5582295
5311115,1984/1/1,女,已婚,博士,2022/10/2 23:44,7146541417,841.7132174
3312118,1995/11/23,男,未婚,研究生,2021/12/23 17:43,7152658484,105.6344675
4315117,1977/8/3,男,未婚,本科,2023/4/2 12:35,7157836589,288.8870337
3918115,1977/7/12,女,已婚,博士,2022/3/29 14:33,7160349249,784.4898665
5311115,1984/1/1,女,已婚,博士,2020/5/8 23:48,7162450761,803.0377797
4918111,1971/4/21,男,未婚,中专,2023/2/7 18:46,7162696811,592.6008855
3214115,1985/8/8,女,已婚,大专,2020/5/2 17:10,7163691139,412.2506132
3811116,1997/8/10,女,已婚,中专,2020/2/22 7:08,7165799231,77.72784065
4013115,1993/5/25,女,已婚,中专,2022/7/20 1:54,7166713094,628.1814888
4719115,1990/2/15,女,已婚,博士,2022/7/1 18:21,7167432941,484.299297
3618113,1980/9/4,男,未婚,本科,2023/1/11 0:57,7168266445,760.4989532
3513117,1994/1/25,男,已婚,大专,2021/4/16 4:57,7171438375,795.0567066
6414115,1987/4/8,女,未婚,研究生,2022/6/11 16:44,7172641447,558.5007037
5714119,1972/7/9,男,未婚,研究生,2022/9/26 6:20,7173737746,966.2187812
4619113,1993/8/3,男,未婚,研究生,2021/3/12 20:01,7177139664,385.989199
6513116,1982/6/30,男,已婚,大专,2023/1/22 1:54,7178488925,752.2278808
6513117,1995/3/23,男,未婚,研究生,2023/1/2 21:10,7179975487,980.9395451
3213112,1987/10/9,男,未婚,中专,2021/6/25 5:04,7181515974,204.8839606
6416120,1994/3/26,女,未婚,中专,2021/3/12 11:18,7183057035,550.7678755
4318120,1997/12/8,女,未婚,本科,2023/2/26 20:12,7185977962,1204.504727
3211118,1992/1/1,男,未婚,中专,2022/11/21 4:02,7186887373,699.0887457
6618119,1983/2/16,男,已婚,本科,2023/3/30 12:13,7187259171,159.9039007
5217117,1989/12/13,男,已婚,博士,2022/8/16 1:33,7190132713,567.2655176
4511112,1978/6/27,女,已婚,大专,2023/5/6 3:09,7191265027,740.6014263
6114111,1994/12/21,男,未婚,研究生,2020/6/2 17:09,7192466912,438.5887055
5415118,1993/9/15,女,已婚,本科,2022/4/11 11:55,7192664669,304.9531774
3613119,2000/5/22,女,未婚,中专,2023/1/3 15:53,7194421208,1111.039077
4011120,1990/12/28,男,未婚,本科,2021/6/15 21:11,7194590310,1028.310434
4115116,1988/1/28,男,已婚,研究生,2022/6/30 5:42,7196423665,411.09498
4215115,1989/2/20,女,未婚,中专,2022/9/14 21:52,7198649170,556.7823635
5713115,1990/6/26,男,未婚,本科,2020/3/15 19:29,7199581997,433.5099695
4818115,1982/11/18,女,未婚,研究生,2021/5/9 22:31,7200373740,787.8404613
5013119,1987/12/6,女,已婚,本科,2022/6/30 22:01,7205292776,461.6622531
3519111,1984/2/16,女,未婚,研究生,2022/12/10 4:53,7205377605,432.8864078
6520113,1975/12/30,女,未婚,本科,2020/12/3 15:31,7207964979,1100.917232
6718117,1976/10/21,女,已婚,研究生,2022/10/13 23:31,7208331719,357.1672223
5318112,1972/11/6,男,未婚,中专,2023/3/31 8:20,7210559661,754.9011573
4718120,1972/8/28,女,已婚,博士,2021/4/27 4:17,7215793837,417.9741348
5414117,1990/6/21,男,未婚,中专,2022/1/27 17:07,7218875549,552.9754745
6116114,1973/4/24,男,已婚,大专,2022/3/1 2:16,7219685914,906.781161
4216115,1980/6/26,男,未婚,本科,2022/8/6 23:18,7222280945,764.9104062
5715116,1985/6/24,男,未婚,博士,2020/3/25 14:39,7224176382,91.38852219
5020119,1976/2/25,男,已婚,博士,2020/11/3 17:05,7225275564,650.7170928
4411111,1976/11/28,男,已婚,本科,2023/5/24 21:43,7227932212,285.1573677
5712120,1976/2/3,女,已婚,大专,2021/5/4 8:46,7229481690,457.5660087
6611114,2000/10/24,女,已婚,博士,2022/5/25 15:16,7230244227,134.1308639
3212118,1990/4/7,女,未婚,中专,2021/10/12 8:59,7232378567,1034.930129
4013118,1971/8/19,女,已婚,本科,2021/8/13 11:41,7232554175,831.0797129
3811111,1993/7/6,女,未婚,本科,2022/8/4 6:49,7233584884,537.4818743
4318117,1990/11/11,女,已婚,中专,2020/9/28 7:34,7234820094,891.3446843
4814120,1987/1/9,男,未婚,研究生,2021/6/4 18:54,7239512760,751.710824
4417117,1970/1/23,男,未婚,本科,2021/11/13 4:15,7239522877,1012.753374
4914112,1988/10/14,女,未婚,大专,2020/11/5 13:03,7242378301,1025.469938
5317118,1997/11/14,男,已婚,研究生,2021/1/30 9:44,7243071602,635.9308714
6715115,1996/1/12,男,已婚,博士,2020/3/6 15:41,7245667364,176.1756023
5919118,1969/9/15,男,已婚,大专,2020/7/3 7:21,7247884298,461.4095539
4516116,1990/11/1,女,已婚,中专,2021/11/23 0:31,7250095767,213.1763658
5115115,1969/2/2,男,已婚,大专,2020/3/31 12:10,7250182436,853.8465502
4713119,1977/6/17,女,未婚,博士,2021/3/20 12:06,7250459561,613.5848059
5520115,1996/12/10,女,已婚,博士,2023/3/24 2:26,7253176642,1019.354605
5414112,1975/3/23,女,未婚,研究生,2022/1/22 11:26,7254425465,157.4132222
5614120,1982/4/3,女,已婚,中专,2023/1/12 21:38,7256713070,650.5252411
5320114,1996/10/23,女,已婚,博士,2023/3/2 1:28,7256737489,727.8618473
4015111,1986/11/25,女,已婚,博士,2022/9/24 17:42,7257162290,903.3910249
4416115,1976/2/9,男,已婚,中专,2020/6/20 13:18,7257684692,77.58350854
5117117,1995/12/22,男,已婚,研究生,2020/8/20 3:37,7259314876,931.6659949
5012120,1993/7/1,男,未婚,博士,2023/1/8 16:55,7259459986,710.0915311
5615115,1985/6/14,男,未婚,博士,2021/2/10 3:25,7260436934,640.8270233
6417114,1982/3/10,女,未婚,本科,2020/2/5 8:32,7261188467,244.1318612
5115118,1997/8/22,男,已婚,博士,2023/3/15 10:08,7261957607,625.7337418
4216112,1988/4/24,男,已婚,博士,2021/12/31 22:39,7264476782,184.8322675
4817111,1972/7/11,女,已婚,中专,2021/3/27 10:30,7265114690,741.5684105
5711116,1972/5/27,男,已婚,本科,2023/3/22 19:46,7266496492,587.0957533
4820112,1978/7/28,女,已婚,博士,2020/12/31 14:19,7266948362,742.3781169
6512113,1969/12/11,男,已婚,大专,2023/5/3 11:40,7267480410,126.4943124
6613115,1979/10/16,男,已婚,本科,2022/12/15 8:40,7267995565,450.6028913
6714114,1977/10/26,男,已婚,中专,2022/11/7 2:32,7270847507,287.8143158
3912112,1994/7/3,男,未婚,本科,2022/10/21 18:02,7272265661,712.5887745
4917112,1984/4/23,女,已婚,大专,2021/6/27 16:22,7272628465,719.6081226
4216115,1980/6/26,男,未婚,本科,2021/2/18 21:03,7273428214,864.7710981
4615117,1977/10/7,男,未婚,研究生,2023/4/27 3:44,7276226771,86.44060108
5820111,1970/6/1,女,已婚,大专,2023/1/28 9:05,7277560257,871.390164
6016114,1975/8/26,女,未婚,研究生,2023/3/1 13:21,7278692472,426.4506032
6320119,1979/1/27,男,未婚,中专,2023/3/25 13:50,7278816389,738.161047
5115118,1997/8/22,男,已婚,博士,2020/5/29 9:12,7278990196,122.3785715
5413113,1971/5/19,男,已婚,博士,2022/1/29 10:33,7280139322,464.8781375
6419116,1999/1/27,女,已婚,中专,2022/2/14 15:58,7280385611,614.1521413
4312116,1977/1/16,女,已婚,中专,2023/5/20 23:37,7280943056,647.884456
4316112,1989/7/18,男,未婚,本科,2023/2/22 21:57,7285960721,143.5754306
6511113,1986/7/24,女,未婚,本科,2021/4/3 8:11,7286774244,764.5888522
4413114,1978/3/9,女,未婚,中专,2022/9/6 0:23,7288422212,916.2925216
6511113,1986/7/24,女,未婚,本科,2021/5/17 12:39,7289895296,932.2147644
6013112,1969/7/1,男,已婚,大专,2021/11/27 14:04,7291756376,517.0732574
6414116,1970/4/14,男,已婚,研究生,2021/1/25 21:09,7291871879,991.5647531
5518112,1993/7/29,女,未婚,本科,2021/8/6 8:20,7296749938,1054.813904
5519119,1969/11/9,男,未婚,本科,2022/10/4 21:59,7299538359,331.0727331
4918111,1971/4/21,男,未婚,中专,2023/4/2 15:20,7300186616,361.1745535
3215120,1979/7/29,男,已婚,博士,2022/9/24 3:27,7300750685,848.999523
3620116,1968/2/28,男,已婚,本科,2022/6/2 16:44,7302046846,1137.922568
5711111,2000/6/23,男,已婚,本科,2020/8/8 3:24,7302228948,632.4479887
5515116,1990/3/13,女,已婚,研究生,2020/8/1 23:59,7302382357,620.0479856
3216114,1992/8/12,女,已婚,研究生,2023/2/17 22:19,7304260640,570.2457467
4218120,1978/1/7,男,已婚,本科,2021/2/1 10:12,7305074357,183.5563049
3719115,1982/6/11,女,未婚,博士,2021/10/17 12:59,7305743777,1022.743783
6115118,1997/10/29,女,未婚,本科,2023/5/9 4:07,7307637677,630.6173974
6717116,1996/2/15,男,已婚,研究生,2023/4/9 3:25,7309010519,433.5874296
4114112,1974/8/13,男,未婚,大专,2021/8/21 2:09,7310183675,752.4886316
3219119,1972/5/1,男,未婚,博士,2021/9/17 1:51,7313748682,788.8476364
4220119,1977/7/16,女,未婚,大专,2020/2/5 9:59,7314614307,856.2922056
6515117,1978/12/16,女,已婚,博士,2022/6/12 22:09,7317560260,311.8548791
6316113,1983/8/18,女,已婚,研究生,2023/4/2 6:09,7320846884,385.7415093
6616115,1999/2/1,女,未婚,研究生,2022/2/4 1:16,7320876701,292.3666993
6215111,1980/1/14,女,已婚,中专,2023/3/13 14:10,7322867970,563.9484119
6111112,1978/7/26,男,未婚,大专,2021/6/7 13:18,7323078203,395.870659
5915117,1989/9/5,男,未婚,大专,2023/1/11 21:43,7325035769,490.6133431
5120111,1999/2/24,女,已婚,博士,2021/11/13 10:28,7326770093,327.3895041
3315119,1970/8/17,男,未婚,研究生,2021/1/30 16:10,7331710819,525.8934797
5918113,1984/6/22,男,已婚,中专,2020/2/24 15:40,7337212173,405.0386109
6720111,1995/9/7,男,未婚,本科,2021/2/11 4:04,7337325358,797.4126448
5613111,1986/2/11,女,未婚,中专,2021/8/25 0:20,7337932879,796.8702637
5416116,1989/5/31,男,未婚,大专,2023/4/18 19:57,7339151983,551.9636701
3315120,1998/5/4,女,已婚,大专,2023/2/27 22:23,7343649880,1094.062849
4314113,1981/3/20,男,未婚,研究生,2022/9/1 9:31,7346348565,76.98368701
6419119,1980/5/21,男,未婚,本科,2020/4/22 9:40,7352444742,776.4442632
6114119,1986/1/1,男,已婚,博士,2023/5/7 14:56,7353146405,600.7884888
4713111,1968/6/6,女,未婚,本科,2020/11/6 18:02,7355034243,349.1158492
3520113,1990/10/14,男,已婚,研究生,2023/1/3 14:58,7355282788,954.7787229
4417116,1970/1/13,女,未婚,大专,2022/9/9 9:44,7355394641,647.4333325
5315112,1992/2/21,男,未婚,中专,2020/7/13 7:38,7357620003,47.89609226
4719118,1981/7/11,男,已婚,大专,2023/2/4 0:17,7360988847,525.6818104
4613117,1994/3/20,女,已婚,中专,2021/3/22 17:39,7361576031,439.5988209
6515112,1970/12/21,男,已婚,研究生,2020/8/2 20:44,7363159573,1181.464567
5820119,1973/8/30,男,未婚,博士,2022/5/4 15:40,7363851404,865.3952214
5318120,1992/5/25,女,未婚,研究生,2020/3/2 12:41,7364952463,952.0968314
4111112,1999/3/15,男,未婚,研究生,2021/6/14 10:23,7370257773,931.5420945
3415115,1977/6/12,男,未婚,本科,2020/1/29 0:32,7371481374,526.026743
6214112,1989/9/20,男,未婚,博士,2021/9/24 8:45,7371879603,876.1777701
5613119,1995/3/30,女,已婚,大专,2023/1/23 12:12,7374539687,817.0627483
6213116,1983/4/23,男,未婚,研究生,2022/11/14 6:08,7377783104,290.7103161
6620113,1972/8/18,男,已婚,本科,2021/6/4 2:15,7378827383,505.4484555
3617118,1976/7/18,男,未婚,博士,2022/7/6 0:53,7379693634,1165.158525
5020115,1993/6/29,女,已婚,大专,2023/1/8 9:14,7380568289,609.7115217
3711115,1995/10/19,男,已婚,博士,2021/11/8 7:47,7381965490,109.5735551
4218113,1981/6/6,女,已婚,中专,2022/10/19 2:10,7383476057,261.1784144
5015114,1991/12/31,男,已婚,研究生,2021/10/29 0:47,7384149499,605.769509
6212120,1976/10/25,女,已婚,博士,2023/3/13 22:43,7385977963,737.2400589
6520120,1991/12/11,女,未婚,中专,2020/6/26 5:47,7386529043,803.5908281
3616118,1999/4/28,女,未婚,本科,2022/6/11 12:03,7387468293,400.9553894
3616118,1999/4/28,女,未婚,本科,2021/5/26 2:53,7388733508,605.0566776
3211114,1984/9/21,女,已婚,博士,2023/3/29 20:21,7389223561,505.7487881
4917111,1987/11/24,男,未婚,本科,2021/3/29 7:39,7393067326,859.4546783
4215120,1975/8/7,女,未婚,本科,2020/9/4 17:37,7397776757,1071.541001
5613115,1971/4/2,女,已婚,本科,2021/11/30 2:41,7402842846,558.1217577
5620118,1994/1/19,女,已婚,大专,2022/11/20 12:01,7405032291,484.1340659
6214118,1990/10/23,女,未婚,大专,2023/4/12 6:48,7405049809,998.5468031
4714115,1975/12/6,男,未婚,大专,2020/9/6 14:11,7405469760,932.1619223
5813119,1970/1/12,女,已婚,大专,2021/3/4 9:46,7411043309,207.9971061
3815113,1975/2/14,男,已婚,本科,2021/7/3 6:08,7412346602,686.8841786
5112120,1989/1/5,女,未婚,大专,2022/10/31 16:35,7414947356,444.5975063
3219115,1971/4/3,男,已婚,中专,2021/3/19 6:46,7415842570,714.5509996
5519119,1969/11/9,男,未婚,本科,2020/10/31 20:36,7416023779,564.3752354
5016118,1974/7/23,女,已婚,中专,2022/4/20 4:13,7416732287,50.92671036
3312118,1995/11/23,男,未婚,研究生,2022/3/13 17:45,7419728422,687.7913461
4816119,1986/8/17,女,已婚,中专,2022/3/12 10:59,7423093702,470.5783518
4818118,1972/11/2,男,未婚,本科,2022/12/10 7:55,7423771413,841.4488939
6114114,1983/1/3,女,未婚,博士,2021/9/29 15:03,7424334237,813.885546
4013117,1980/2/2,女,未婚,本科,2022/6/21 5:23,7427855012,878.4259715
5319120,1999/8/10,男,已婚,研究生,2020/2/25 17:19,7428996802,425.0460873
3920111,1970/10/18,男,已婚,博士,2023/4/30 2:14,7429320125,166.4239442
4720120,1988/4/30,女,已婚,中专,2021/4/7 16:11,7431136666,881.6956704
4016111,1977/4/25,女,已婚,大专,2019/12/27 3:35,7434479539,504.7601377
6117114,2000/11/7,女,未婚,本科,2022/12/18 9:46,7434982420,413.1741774
3314117,1988/3/16,男,未婚,本科,2023/1/8 0:18,7435674176,844.7911612
4613115,1997/1/21,女,已婚,中专,2022/7/26 5:50,7436547195,304.2492748
5813119,1970/1/12,女,已婚,大专,2021/4/27 8:06,7436680011,937.5648243
3913115,1968/11/17,女,未婚,研究生,2021/7/19 9:37,7442317590,665.5474144
5111117,1984/5/10,男,已婚,博士,2020/12/16 20:42,7447944878,871.5486938
6115119,1991/12/10,男,已婚,本科,2022/12/18 10:32,7447998589,522.9587953
5015118,1988/12/9,男,未婚,博士,2023/2/27 23:09,7449745670,499.7753736
3218117,1987/8/9,男,已婚,大专,2022/12/9 22:49,7449957744,780.8973375
6716115,1986/10/4,女,已婚,大专,2022/3/28 13:34,7452352327,275.7158686
4717115,1990/1/2,男,未婚,研究生,2021/7/27 12:58,7453618963,641.9903791
3220117,1969/5/11,男,已婚,研究生,2021/11/12 4:47,7456171135,725.9926565
5712115,1982/8/31,男,已婚,大专,2020/11/18 11:48,7456861879,564.4511466
6711118,1969/6/22,男,未婚,大专,2023/6/1 21:42,7456994456,967.15693
5118119,2000/8/22,女,未婚,本科,2020/2/17 4:48,7457198198,570.6258801
4114112,1974/8/13,男,未婚,大专,2023/3/9 0:46,7458563221,571.7244676
4012120,1987/11/27,男,未婚,博士,2022/1/12 1:32,7461731723,972.0658856
4112114,1973/9/27,男,已婚,研究生,2020/11/4 4:22,7462188191,419.5600032
4414118,1981/1/16,女,已婚,大专,2022/8/30 0:24,7465460846,113.600419
5512116,1969/6/2,女,未婚,大专,2023/3/6 16:31,7466328612,367.6530723
4019116,1997/6/25,男,未婚,本科,2020/1/23 2:08,7466542066,268.6748889
5414120,1998/10/23,男,已婚,本科,2022/8/14 17:54,7468834446,641.8160548
3214117,1977/4/27,男,已婚,博士,2023/5/4 23:34,7469215316,483.1792236
4117117,1980/3/28,女,已婚,博士,2023/1/7 13:42,7471779409,947.2476001
6219118,1976/8/13,男,已婚,本科,2020/12/23 18:53,7474979938,988.0019962
3714115,1968/8/2,女,已婚,本科,2023/5/21 6:05,7475012762,303.6882764
5416114,1981/6/11,男,已婚,大专,2019/12/16 19:22,7476638597,735.185723
6319118,1971/12/12,男,未婚,中专,2020/12/31 11:54,7476861193,593.000589
4715111,1970/6/12,女,已婚,本科,2020/1/27 22:29,7476881670,245.6646592
4715115,1984/12/1,男,已婚,研究生,2023/2/11 8:14,7480075498,122.1349754
4019113,1970/4/28,女,未婚,大专,2022/7/19 12:16,7485258728,886.1376877
3919119,1982/6/18,男,已婚,博士,2022/3/9 15:54,7488523758,723.7366514
5413118,1993/4/8,女,未婚,大专,2021/7/10 10:36,7489675346,985.4776617
4119117,1992/4/14,女,已婚,大专,2021/2/19 4:24,7492143030,223.0292465
5114119,1972/11/22,男,未婚,研究生,2021/10/23 18:55,7493533072,186.639487
4720112,1977/3/8,女,未婚,大专,2022/10/22 12:16,7495294011,897.6437295
3418116,1976/12/16,男,未婚,博士,2021/11/7 5:30,7495683674,257.5748224
5813116,1972/10/6,男,未婚,博士,2020/7/8 11:27,7495994165,597.4981312
6417114,1982/3/10,女,未婚,本科,2022/4/30 5:04,7496747310,560.7583129
3417116,1991/9/3,女,已婚,研究生,2021/5/15 12:25,7496818545,571.3640306
6213116,1983/4/23,男,未婚,研究生,2022/2/2 16:09,7497412821,843.8256486
4714111,1996/8/25,女,未婚,研究生,2021/8/10 20:32,7499366943,914.9062667
3520120,1986/9/27,女,未婚,博士,2020/7/1 1:01,7500394194,337.5193188
5816116,1973/11/27,男,未婚,大专,2022/7/21 16:48,7501261467,553.3143691
5412112,1978/9/22,女,已婚,博士,2021/11/10 11:59,7506137670,655.7164772
4612120,1972/3/26,男,已婚,研究生,2020/10/18 2:13,7506635848,527.7855935
5718114,1982/2/7,女,未婚,研究生,2021/5/2 13:06,7508443336,0.956799364
3915114,1970/4/24,男,未婚,博士,2021/12/26 22:08,7513987328,353.1753448
4119119,1980/8/10,女,已婚,中专,2021/11/15 16:23,7517514036,305.5385499
4811113,1988/11/19,女,已婚,研究生,2021/8/20 10:44,7517722724,339.6559692
3316119,1971/12/15,男,未婚,中专,2021/7/18 12:13,7518927490,365.8269531
3216116,1984/7/6,女,已婚,研究生,2022/12/7 14:49,7519128922,44.93865742
6515111,1980/8/24,女,已婚,中专,2022/4/15 16:28,7519827349,833.1009057
6112119,1981/8/9,女,未婚,博士,2023/4/9 0:05,7527613069,513.9539473
5419114,1981/7/9,女,已婚,大专,2022/7/16 19:56,7527962838,183.1822723
6417120,1988/3/30,女,已婚,中专,2023/2/18 15:43,7529192089,114.6054075
4820111,1987/9/18,男,已婚,中专,2022/9/17 17:15,7533224837,145.3662815
3319120,1976/10/28,女,未婚,本科,2023/2/14 3:44,7534740239,530.479611
4416118,1975/3/29,女,未婚,研究生,2021/3/13 0:07,7535119483,970.5117304
4813115,1974/4/2,男,已婚,中专,2021/4/28 21:20,7541826565,816.7637665
5014118,1997/12/31,女,未婚,大专,2022/4/27 4:12,7542421546,403.1031979
6512114,1992/6/16,女,未婚,本科,2021/3/11 18:03,7542762020,12.80964493
5711112,1976/4/7,女,已婚,大专,2020/4/27 12:17,7546422037,640.8336082
5411112,1977/5/1,男,未婚,本科,2021/1/10 8:46,7547279196,862.4794646
4414112,1974/12/18,男,已婚,博士,2022/5/8 13:18,7550261130,705.0438236
4514113,1996/8/18,女,已婚,大专,2023/3/9 7:16,7550776368,261.6660406
5915115,1984/11/5,女,未婚,中专,2022/7/19 11:36,7551779936,133.5356119
4014113,1992/1/22,女,未婚,大专,2022/12/27 12:59,7554041456,747.9364149
3616118,1999/4/28,女,未婚,本科,2021/3/29 17:13,7557777208,815.4043566
5812119,1994/11/30,男,未婚,研究生,2023/3/8 10:33,7558918122,478.0811902
4414117,1970/4/21,男,已婚,研究生,2022/8/31 12:37,7559654347,148.3367876
3616115,1985/8/1,男,已婚,本科,2022/4/20 6:33,7562358169,599.9216543
6320118,1977/12/1,男,已婚,中专,2021/12/9 19:26,7562710727,163.8901668
5519118,1979/10/6,女,已婚,博士,2022/4/26 11:08,7565486310,345.1314234
3920117,1976/3/15,男,未婚,本科,2021/7/7 8:17,7567352465,783.5401256
4215111,1976/8/3,男,未婚,中专,2022/12/1 14:57,7568775524,845.6537011
6718111,1974/4/10,女,已婚,中专,2022/8/8 3:07,7569853349,370.8892563
6613118,1984/6/30,女,已婚,中专,2022/3/27 17:51,7572612226,282.6009222
4115118,1994/9/10,女,未婚,本科,2023/4/19 21:45,7573285885,839.9428895
4016115,1976/2/1,女,已婚,中专,2023/2/27 4:29,7573833219,928.1528219
4615115,1976/1/8,女,未婚,大专,2021/5/6 12:21,7576292766,647.7346369
4418115,1988/4/28,男,已婚,大专,2020/11/26 9:35,7576951614,614.5280905
5520119,1980/7/26,男,已婚,本科,2022/1/7 3:12,7577297714,654.692408
4414113,1999/10/28,女,未婚,本科,2023/4/29 3:45,7580031336,883.519218
4112117,1982/4/30,女,未婚,博士,2023/2/15 12:54,7582574441,42.54093439
3916112,1968/1/12,女,已婚,研究生,2021/6/10 14:33,7585244924,829.9323632
3813116,1992/4/1,女,未婚,本科,2023/1/3 5:29,7587784683,283.1411833
5715119,1974/12/6,女,未婚,研究生,2021/3/9 0:11,7588692057,811.8932218
6520117,1985/11/2,女,未婚,中专,2021/11/21 18:41,7590342428,559.7984131
6615114,1986/2/9,男,未婚,研究生,2022/2/20 18:36,7590454974,725.8131408
4817117,1976/3/1,男,已婚,大专,2022/12/9 4:54,7594096039,426.1368724
6211119,1972/12/11,女,已婚,中专,2020/3/19 4:22,7594139842,445.0854467
3920111,1970/10/18,男,已婚,博士,2022/7/26 10:53,7594876887,665.1494631
3420120,1973/6/27,女,未婚,本科,2022/2/6 16:47,7596832404,688.4972857
5212112,1980/1/31,女,已婚,研究生,2023/4/27 6:01,7600090736,394.7528117
4012117,1972/9/17,男,已婚,中专,2021/12/26 10:03,7603741897,612.7649311
5120113,1993/8/26,女,未婚,本科,2023/2/17 3:16,7605380566,1118.833823
3511113,1988/3/14,男,已婚,本科,2021/12/25 7:55,7607920032,678.3425369
3811116,1997/8/10,女,已婚,中专,2021/9/29 4:59,7612414907,134.571674
4816116,1970/1/19,男,未婚,研究生,2023/4/27 13:27,7612696170,744.5098143
4114119,1999/2/2,女,未婚,研究生,2021/4/11 12:54,7614246922,778.2559096
5417117,1989/2/24,女,未婚,本科,2020/6/26 2:38,7614568286,530.3493077
4714115,1975/12/6,男,未婚,大专,2022/5/1 8:05,7614833815,862.9513159
4615114,1994/6/14,男,未婚,研究生,2022/7/9 22:22,7618398191,528.3807454
3417112,1977/10/18,女,未婚,大专,2020/10/9 6:45,7620677787,972.8804088
3413112,1989/6/6,女,未婚,本科,2022/4/25 22:25,7622145979,767.3626573
3619117,1976/3/23,女,已婚,中专,2021/10/4 9:58,7622919881,619.2281511
3511112,1980/12/11,男,已婚,中专,2021/7/12 0:39,7624962158,1160.152718
4912112,1996/4/27,女,未婚,本科,2021/9/24 16:55,7625168661,468.6447256
5317111,1970/10/15,女,已婚,本科,2021/10/28 22:37,7625465985,720.095814
6212115,1992/9/22,男,已婚,博士,2021/10/10 16:07,7626477024,608.5863947
6120112,1979/4/9,男,已婚,中专,2022/4/22 17:20,7627425083,1087.459567
6114117,1977/1/6,男,未婚,中专,2022/1/16 19:34,7629745535,579.5642463
5320113,1980/5/25,男,未婚,研究生,2021/8/17 0:52,7631342501,1027.149593
4715115,1984/12/1,男,已婚,研究生,2020/8/6 15:47,7631938957,81.54564592
3419118,1980/8/30,男,未婚,博士,2021/9/14 10:54,7633134511,258.8268749
5918113,1984/6/22,男,已婚,中专,2021/1/5 20:18,7633629974,682.9572071
4920112,1972/10/26,男,未婚,博士,2021/6/3 4:04,7635152580,454.4758562
3319119,1995/2/6,女,已婚,研究生,2021/10/17 21:45,7637394724,995.0411357
5713118,1981/3/24,男,未婚,本科,2021/11/9 6:23,7641339996,289.6842239
4813120,1999/7/29,女,未婚,研究生,2022/10/26 7:37,7644641072,725.4492271
3615112,1971/8/12,女,未婚,中专,2022/9/18 10:48,7644642064,731.8417077
3415116,1972/4/18,女,已婚,大专,2021/11/25 4:31,7645492649,508.5164124
3319119,1995/2/6,女,已婚,研究生,2022/11/28 12:10,7650923173,659.1008134
4111113,1973/11/8,女,未婚,大专,2021/10/21 20:47,7653964650,91.51659874
5311113,1982/8/6,女,未婚,大专,2023/3/1 4:37,7654818047,395.3805157
4312118,1975/8/4,男,未婚,博士,2020/11/23 11:24,7658854643,161.5052924
4912120,1984/2/2,女,未婚,本科,2021/4/14 20:29,7659365718,362.4564705
3717118,1972/5/13,男,未婚,本科,2022/2/14 9:39,7663791296,670.9017035
6020113,1977/10/4,女,已婚,中专,2019/12/9 23:26,7664750532,872.7379805
3913112,1975/5/10,女,已婚,中专,2020/9/27 23:13,7668325938,675.2396323
4820118,1997/10/8,女,已婚,研究生,2020/8/16 23:46,7671318337,419.6114244
3212113,1979/12/6,女,未婚,本科,2022/5/19 8:56,7672640089,721.6444149
4614115,1971/10/6,男,未婚,研究生,2022/5/20 2:53,7674685374,1062.422021
5912120,1977/1/14,男,已婚,博士,2020/10/22 23:40,7676335534,91.29705531
3212114,1984/4/24,男,已婚,中专,2023/2/3 1:49,7676888800,246.8544077
5819112,1971/12/28,男,已婚,博士,2023/3/24 0:27,7677247714,619.4298547
6020116,1981/5/21,男,未婚,博士,2023/1/8 15:56,7677544280,470.9239333
4013114,1991/10/7,女,未婚,中专,2022/10/3 15:22,7679184226,556.2428416
5412117,1981/3/30,男,已婚,本科,2022/8/9 2:35,7686167318,285.8308343
5318116,1994/6/9,女,已婚,博士,2023/1/1 15:10,7686350492,686.986323
4315119,1982/5/19,女,已婚,大专,2021/4/27 16:57,7687955339,633.1150003
5111114,1979/2/14,男,未婚,大专,2022/4/24 1:43,7690184368,953.4874583
5811120,1973/12/25,男,已婚,大专,2020/6/20 14:38,7690430813,289.9266726
6013114,1986/6/28,男,已婚,大专,2022/4/28 1:41,7691320673,112.1408418
3820120,2000/7/2,男,未婚,博士,2023/5/15 20:42,7695621222,308.9987569
6411118,1974/6/7,女,已婚,大专,2023/3/1 7:54,7695898540,589.7822027
3715116,1982/1/24,女,未婚,博士,2022/9/28 1:31,7697683560,280.3820105
3315117,1993/3/14,男,未婚,大专,2022/3/10 22:25,7699123416,936.5316603
4216111,1987/10/25,男,未婚,大专,2023/1/31 1:32,7703719960,174.9344311
5315114,1976/8/14,男,未婚,研究生,2021/11/4 17:31,7705552398,740.7032802
5811111,1991/1/26,男,未婚,中专,2023/4/25 10:14,7707371543,204.681685
3916116,1968/2/21,男,未婚,本科,2023/5/8 14:21,7707733580,482.2867306
3913118,1993/2/4,女,未婚,本科,2021/11/11 19:24,7709733834,628.9122686
6216111,1977/2/13,男,未婚,研究生,2023/1/3 18:24,7710655199,514.4859843
4214114,1980/7/19,男,已婚,大专,2021/5/13 14:30,7711130447,682.0117457
5215113,1994/5/17,女,未婚,本科,2020/5/9 11:18,7711275453,769.2535417
4118114,1990/4/22,女,未婚,大专,2022/12/18 1:06,7711423240,874.9948441
3613113,1975/11/4,女,已婚,本科,2021/5/12 2:41,7711655851,424.0437254
4115115,2000/10/16,男,未婚,博士,2022/2/19 2:08,7715993411,852.9558243
3214120,1995/11/5,女,未婚,博士,2020/2/24 15:55,7717587366,97.53209966
4420119,1987/7/19,女,未婚,研究生,2023/2/23 11:51,7718363418,943.9247627
4620117,1978/8/15,男,未婚,博士,2020/1/21 16:49,7723197641,794.1830066
6615120,1988/10/16,女,未婚,本科,2023/1/6 6:10,7727752766,931.6534552
4612111,1986/3/1,男,已婚,研究生,2021/9/1 13:06,7729664527,114.3468611
5912120,1977/1/14,男,已婚,博士,2023/2/15 2:40,7730886554,512.6617801
4318113,1985/8/16,男,未婚,研究生,2021/6/11 6:28,7731660521,930.2211611
4913120,1993/9/2,女,未婚,研究生,2022/3/3 18:08,7732645053,1125.78176
4618120,1990/11/9,女,未婚,中专,2021/8/11 17:15,7733717839,1050.437683
6616115,1999/2/1,女,未婚,研究生,2023/4/27 21:41,7734874758,999.2013192
5414119,1971/12/29,女,未婚,中专,2022/10/24 1:28,7736897507,619.6321203
4711116,1981/5/2,女,已婚,研究生,2021/2/15 1:10,7737994491,489.1603045
5914112,1988/6/21,女,未婚,博士,2020/7/31 4:31,7741317471,162.6916261
4916114,1992/7/1,男,已婚,大专,2022/10/25 7:34,7750974426,522.3211137
3219120,1972/10/1,男,已婚,研究生,2022/4/2 9:47,7756260205,140.09508
5911116,1993/1/15,男,未婚,研究生,2021/4/22 17:29,7757066412,1074.052798
3419112,1998/6/22,男,已婚,研究生,2020/11/3 1:13,7758326124,787.8426355
5215115,1979/8/29,女,未婚,中专,2021/8/19 4:59,7758893311,616.9477655
3616119,1983/9/16,女,已婚,研究生,2020/9/4 20:54,7760624552,878.0629544
5712116,1986/7/10,男,未婚,中专,2020/7/1 21:50,7761773515,423.8019034
5215119,1982/11/25,男,未婚,本科,2022/11/24 3:05,7762571839,453.9041109
4017113,1994/5/26,男,未婚,大专,2020/10/11 6:38,7762739184,167.2761115
5720111,1978/10/3,女,未婚,大专,2023/4/18 3:55,7765220621,384.3116898
6314113,1987/6/1,男,未婚,研究生,2020/9/28 11:36,7769677925,231.9160551
4916115,1984/4/23,女,已婚,中专,2021/12/9 20:40,7770087243,557.9313837
5115114,1976/9/16,女,未婚,本科,2020/9/10 7:18,7770188363,608.9644823
4119114,1982/4/21,男,已婚,博士,2020/8/29 17:01,7771585584,924.2452168
3716116,1971/3/28,女,未婚,中专,2023/1/7 18:24,7772265187,985.0567655
4318117,1990/11/11,女,已婚,中专,2021/9/8 11:08,7772383166,830.5983933
5311112,1976/5/18,男,未婚,研究生,2020/5/10 13:46,7773168695,562.4977067
3712113,1969/4/16,女,已婚,研究生,2021/8/21 16:33,7777457218,1253.552343
6217114,1982/2/9,女,未婚,大专,2023/1/4 17:27,7778558254,337.5428857
6413112,1995/5/31,女,已婚,中专,2022/1/27 18:45,7779371004,503.1493583
5017118,1980/6/3,男,未婚,研究生,2023/1/14 4:23,7784134530,408.2460465
3813117,1974/11/19,男,已婚,本科,2020/8/13 13:23,7785611408,1092.850909
3620113,1977/1/26,女,已婚,研究生,2022/1/3 1:53,7786993248,473.0098788
4713111,1968/6/6,女,未婚,本科,2022/5/29 14:44,7789531131,464.8688382
3920117,1976/3/15,男,未婚,本科,2022/1/16 6:53,7791266588,513.373868
4412118,1978/10/3,女,已婚,博士,2023/5/12 3:17,7792113507,1002.192102
3916120,1994/12/15,女,已婚,研究生,2022/10/21 16:11,7793491086,850.0567289
4211117,1997/10/29,男,未婚,大专,2023/1/30 13:07,7797075659,45.93524368
3814111,1977/4/18,女,未婚,大专,2023/3/26 17:08,7797262614,633.0103171
5417112,1991/6/29,女,未婚,中专,2020/4/2 22:00,7798369571,525.9713898
4011116,1980/5/29,女,已婚,大专,2020/1/10 20:47,7804227323,670.1686186
4017117,1994/10/28,女,未婚,中专,2020/3/14 6:22,7805772500,963.471425
3220111,1970/7/4,男,未婚,研究生,2023/4/21 1:54,7807456031,677.5527173
4414113,1999/10/28,女,未婚,本科,2021/11/10 10:29,7807955268,251.2705219
6316111,1987/12/26,女,已婚,本科,2023/3/27 1:57,7808399978,221.606727
3815116,1992/4/14,女,已婚,博士,2022/3/12 0:24,7811956527,722.6126516
3611113,1977/1/16,女,未婚,博士,2021/6/5 0:22,7812562784,541.4682704
4212118,1974/3/20,女,已婚,博士,2020/5/21 8:00,7812758693,668.4878253
4011115,1998/12/4,女,已婚,研究生,2022/12/14 7:46,7813872670,668.0250987
6115112,1991/3/11,男,未婚,研究生,2022/3/6 21:10,7816012132,918.0350774
5018113,1996/2/21,女,未婚,本科,2021/5/14 16:28,7817754377,840.6831291
5017111,1989/5/14,女,已婚,研究生,2023/5/20 6:39,7817978575,315.6323701
5712119,1993/3/27,男,已婚,大专,2020/3/31 2:54,7819428472,202.9019581
4711112,1984/12/20,女,已婚,博士,2023/5/17 4:44,7819763724,12.30573673
3911115,1989/2/16,男,未婚,博士,2021/9/20 14:04,7820394109,848.0256601
5413118,1993/4/8,女,未婚,大专,2020/4/9 17:10,7822510152,302.1437085
6520118,1985/3/31,男,未婚,中专,2023/4/19 16:03,7824414334,627.7680991
3218120,1970/7/20,女,未婚,博士,2023/4/8 3:18,7824435962,351.3641898
5512112,1980/3/7,男,未婚,研究生,2020/10/24 17:30,7825619497,594.4513117
4914119,1970/9/19,女,已婚,本科,2023/2/12 3:22,7827091945,553.0183284
3318119,1986/11/4,女,未婚,中专,2023/2/6 2:19,7828718148,122.9410092
3916114,1994/9/4,女,未婚,大专,2022/7/21 18:17,7829082139,1060.97082
4518116,1978/12/9,女,未婚,大专,2022/7/8 14:22,7830168057,788.6414199
5716116,1992/2/10,男,未婚,研究生,2020/9/3 0:27,7832161098,291.7066693
4019113,1970/4/28,女,未婚,大专,2021/2/27 3:22,7832455591,404.1755815
3816118,1968/6/27,男,已婚,大专,2021/5/12 14:12,7834269605,699.5632471
3620115,1984/2/3,男,未婚,中专,2020/7/21 21:21,7834271301,571.5185267
5016112,1998/11/28,女,未婚,中专,2022/7/2 14:31,7834573698,351.677079
3416119,1985/9/24,女,已婚,大专,2021/12/19 16:37,7835664751,557.0717113
6018112,1993/6/19,男,未婚,本科,2021/6/3 8:52,7835987487,330.5492363
6416112,1974/10/12,女,未婚,博士,2021/4/22 2:09,7837326376,123.4171071
3517115,1992/6/21,男,已婚,大专,2022/1/7 10:24,7837788386,492.6951375
5512113,1985/1/28,男,未婚,中专,2021/9/1 10:25,7839380835,515.8406432
6520119,1992/7/25,女,已婚,博士,2023/3/6 19:48,7842619222,195.4137188
3311114,1983/12/23,男,未婚,中专,2023/3/6 5:58,7843360967,825.4887745
6720115,1990/6/13,女,未婚,本科,2022/12/23 9:02,7843911509,477.7899554
6720115,1990/6/13,女,未婚,本科,2021/5/25 3:17,7844783620,853.9354082
4216116,2000/7/12,男,未婚,研究生,2022/1/13 1:44,7844939324,573.6005941
5420115,1971/3/31,女,已婚,中专,2020/11/14 5:13,7846790243,225.8453047
5116114,1994/9/27,女,未婚,大专,2023/3/27 7:50,7847242253,563.9232993
4112114,1973/9/27,男,已婚,研究生,2021/4/16 23:35,7849276066,362.7948988
5416116,1989/5/31,男,未婚,大专,2020/2/24 9:24,7850361378,220.1807062
4011118,1972/3/15,男,已婚,研究生,2021/7/16 16:05,7851154129,1037.325526
5013116,1984/8/3,男,已婚,博士,2021/12/25 7:23,7852840450,622.9244968
3716115,1976/10/30,女,未婚,中专,2022/5/1 4:08,7862018329,489.1007593
5113120,1992/11/20,女,未婚,本科,2022/3/25 6:49,7862111765,907.3649718
5516111,1970/4/20,女,未婚,本科,2022/9/22 20:06,7863282288,248.8781264
6620116,1971/10/12,男,已婚,博士,2022/2/25 4:43,7867662493,774.1831699
4511115,1984/6/20,女,未婚,本科,2021/3/20 3:20,7869054396,568.8481862
4013115,1993/5/25,女,已婚,中专,2023/1/29 23:37,7869318146,375.6223067
5018118,1991/4/24,男,未婚,大专,2021/10/30 3:22,7869689749,968.6274129
6419111,1973/6/30,女,已婚,中专,2021/6/3 0:30,7869814260,589.4123104
3320112,1988/1/29,女,未婚,本科,2021/9/3 16:16,7871166303,1081.702529
5714113,1973/8/9,女,已婚,大专,2022/2/28 22:26,7873894537,771.0489575
6414115,1987/4/8,女,未婚,研究生,2020/10/9 11:10,7874671355,882.3308374
4015120,1996/8/9,男,未婚,本科,2020/6/6 22:56,7875098440,78.04364419
6717114,1994/1/6,男,已婚,本科,2021/12/27 2:03,7875667044,344.5420842
4219112,1983/1/4,女,未婚,大专,2022/6/12 23:35,7875675850,981.824058
6518119,1985/3/20,男,未婚,中专,2020/9/19 22:49,7876574736,605.3123832
6117119,1968/9/26,女,未婚,研究生,2023/3/27 23:21,7878959164,161.9906686
4211117,1997/10/29,男,未婚,大专,2023/5/17 20:43,7880718925,569.213483
5114120,1983/11/10,男,未婚,博士,2021/3/10 11:17,7881362211,117.5325063
6613118,1984/6/30,女,已婚,中专,2020/6/16 6:51,7882789365,423.1623126
4612112,1995/1/18,女,已婚,中专,2023/5/10 19:07,7883091901,843.0424867
4820115,1989/11/8,男,未婚,中专,2020/2/19 2:50,7883258457,621.2518318
6112117,1994/7/1,男,未婚,研究生,2023/2/23 6:59,7884598668,174.2442038
3411116,1980/2/5,女,已婚,博士,2023/3/10 10:01,7884820100,468.0285046
3319118,1992/1/4,女,已婚,研究生,2022/12/14 2:10,7886849932,184.6634056
6417115,1999/9/26,男,已婚,研究生,2023/5/17 19:35,7887497475,577.3626246
5313117,1986/12/8,男,已婚,博士,2022/8/29 1:28,7890518595,743.9488872
4720111,1982/4/7,男,未婚,博士,2021/1/20 1:06,7891378259,106.0423307
5220117,1988/5/1,男,未婚,大专,2021/10/10 2:02,7892246817,70.47046232
5715117,1995/9/18,男,未婚,本科,2020/3/11 10:34,7892364979,519.7571829
3212111,1995/8/3,女,未婚,大专,2019/12/15 6:06,7892937628,173.8053534
5418119,1986/7/28,女,已婚,中专,2022/3/10 12:13,7893431971,366.5849031
4820119,1986/12/12,男,未婚,大专,2021/2/13 10:51,7895328015,150.9745181
5714119,1972/7/9,男,未婚,研究生,2022/3/7 14:03,7895519966,597.8570844
5119112,1972/12/25,女,已婚,中专,2021/7/29 1:40,7896636718,274.861479
3520114,1974/9/7,女,未婚,博士,2020/10/16 16:30,7902966447,283.4462206
3914116,1985/6/17,男,未婚,大专,2021/12/21 21:25,7903724921,826.8737638
4418117,1972/8/29,男,已婚,研究生,2023/4/14 10:50,7903951589,276.7060373
5514120,1989/3/1,女,已婚,博士,2023/2/6 8:16,7905035544,685.0753255
5718119,1980/3/7,男,已婚,中专,2023/2/7 9:23,7906458406,837.025632
6218120,1991/4/18,男,已婚,本科,2021/7/26 9:42,7910761628,975.2231525
4611119,1995/1/15,男,已婚,博士,2021/10/13 3:54,7911268219,269.6147951
3419113,1983/11/19,男,未婚,博士,2021/4/6 14:16,7914967122,900.6486398
3420118,1983/6/5,男,已婚,中专,2023/5/17 12:04,7916991869,567.5569762
6017111,1998/10/6,女,未婚,研究生,2020/8/29 8:12,7919089072,636.0641344
5413117,1968/8/8,女,未婚,博士,2020/12/29 3:27,7919271805,205.9533526
6211115,1974/5/19,女,已婚,本科,2023/1/6 5:40,7919616396,195.778367
5113120,1992/11/20,女,未婚,本科,2023/6/1 23:33,7921321499,316.1408663
5111120,1993/11/18,男,未婚,中专,2023/2/13 13:48,7921858836,549.6570631
4112118,1985/11/27,男,已婚,研究生,2023/4/30 19:37,7921959641,921.5440249
4415118,1988/6/16,女,已婚,本科,2022/12/8 11:00,7927642467,554.6558874
5511116,1993/10/6,女,未婚,大专,2020/10/7 9:15,7930129281,801.2538899
3915112,1999/6/1,女,未婚,本科,2021/4/3 22:42,7930838957,219.9196144
6316115,1972/6/30,女,未婚,本科,2022/8/21 16:05,7931346031,571.9233663
4817114,1971/11/23,女,已婚,本科,2023/4/9 4:50,7934678577,300.3158856
5411112,1977/5/1,男,未婚,本科,2019/12/23 9:28,7938721758,605.7107303
4314117,1995/6/7,男,已婚,大专,2020/10/16 13:39,7941648556,767.1350711
5318116,1994/6/9,女,已婚,博士,2020/4/15 22:59,7942891938,702.966541
3520112,1986/12/13,女,已婚,大专,2022/8/9 4:06,7945048880,1024.596972
4916119,1995/10/16,男,已婚,本科,2021/6/15 13:26,7945265762,897.0287328
5618114,1978/4/24,女,已婚,本科,2023/3/31 18:16,7949520925,1031.425424
3618119,1995/6/3,女,未婚,本科,2022/4/21 8:46,7952168674,609.4962134
5616111,1971/6/28,女,未婚,本科,2022/3/31 9:57,7954698036,1110.975309
3915112,1999/6/1,女,未婚,本科,2023/1/8 8:51,7955628514,543.4210682
6320115,1980/3/18,男,未婚,本科,2021/8/10 13:22,7958515953,598.6116518
5417120,1972/5/11,女,未婚,本科,2022/6/13 4:43,7958710123,193.7321013
6719120,1991/5/17,男,已婚,大专,2023/5/2 5:26,7960145417,275.4714541
3919112,1983/2/11,男,已婚,中专,2020/9/21 13:00,7960943101,64.97539934
4818116,1968/12/31,男,未婚,研究生,2022/8/24 15:55,7961147922,1058.85203
6017114,1979/3/11,男,未婚,研究生,2020/7/10 0:02,7964715671,447.5062601
5418113,1989/9/6,男,未婚,大专,2022/12/26 7:47,7968470306,666.6232436
6418118,2000/5/27,女,已婚,本科,2022/2/20 8:16,7968746482,870.5887701
4316116,1984/10/29,女,已婚,博士,2021/1/24 17:13,7969227877,195.8999011
3719113,1982/2/3,女,未婚,本科,2021/7/14 17:08,7970266590,600.9239071
4217120,1988/6/22,男,已婚,博士,2020/1/13 10:24,7971743416,804.181813
6011119,1989/10/18,男,已婚,大专,2022/5/10 14:32,7972639778,518.0153384
4216116,2000/7/12,男,未婚,研究生,2022/12/15 16:39,7974666752,610.359697
5518114,1993/8/6,女,未婚,研究生,2020/3/27 7:18,7975853531,599.5401133
6513113,1974/8/24,男,已婚,大专,2022/10/20 8:16,7976017489,593.3926048
4817117,1976/3/1,男,已婚,大专,2019/12/27 4:30,7976552043,787.9083671
4011116,1980/5/29,女,已婚,大专,2020/8/14 5:15,7977299063,1160.854736
3813119,1983/5/31,男,已婚,中专,2023/4/13 3:08,7978991762,806.9847638
4514119,1987/3/20,女,已婚,本科,2022/4/1 7:08,7979966783,1118.691831
3714115,1968/8/2,女,已婚,本科,2022/12/15 17:22,7981142267,262.8871958
3417116,1991/9/3,女,已婚,研究生,2021/12/13 10:09,7983350153,1134.419147
6617114,1976/9/17,女,未婚,本科,2022/4/25 8:59,7983844722,782.285584
4713113,1994/2/10,女,已婚,本科,2019/12/11 5:13,7985543974,731.0018051
4820117,1997/8/16,女,未婚,大专,2022/12/25 17:46,7987050919,393.1310815
6113120,1972/12/1,女,已婚,博士,2023/3/28 19:36,7987374853,916.0138709
4313111,1998/6/19,男,已婚,大专,2020/1/3 10:23,7991232974,776.7517445
5514115,1990/1/12,女,未婚,本科,2021/4/18 0:34,7992175181,812.7593243
3812117,1972/9/9,男,未婚,研究生,2022/8/20 7:40,7993315567,596.2343567
3911116,1970/11/30,女,已婚,研究生,2023/1/24 5:28,7993534901,265.6447537
4213119,1973/3/17,女,已婚,博士,2020/1/30 21:19,7996128340,279.5242998
3313116,1994/10/8,女,未婚,大专,2021/5/13 22:56,7999969392,762.0137648
3314111,1984/6/13,女,已婚,研究生,2023/4/27 8:02,8000367386,682.25847
5912117,1973/1/5,男,未婚,本科,2022/4/11 7:20,8004460772,1157.758278
5217111,1988/12/7,女,已婚,中专,2023/1/18 13:27,8004781036,508.381639
3920120,1981/1/24,女,已婚,博士,2021/4/17 2:09,8006386120,496.5997099
5014113,1984/2/21,女,未婚,大专,2022/7/1 11:15,8007994955,590.0341033
5915111,1975/2/7,女,已婚,博士,2020/1/18 14:08,8009025481,409.3811232
3311112,1995/1/13,女,未婚,博士,2022/11/21 1:45,8011593054,431.6591819
3514112,1984/10/13,男,已婚,博士,2022/5/13 14:56,8012868900,1005.143518
3314113,1982/6/20,女,未婚,大专,2020/4/13 14:17,8014122764,893.2525618
6017116,1988/10/5,女,未婚,研究生,2020/12/23 8:33,8014612167,117.697237
5017117,1994/8/17,女,已婚,中专,2021/1/11 3:45,8016326343,676.6838769
5812111,1996/5/3,男,未婚,博士,2020/6/3 1:56,8019040206,248.5472103
5018114,1990/5/11,男,未婚,中专,2021/7/21 12:36,8019132891,871.1340126
4618113,2000/11/4,男,未婚,博士,2023/1/2 14:48,8023894813,640.0505863
6413116,1977/5/24,女,已婚,博士,2023/2/5 17:56,8028293795,739.9419763
3618119,1995/6/3,女,未婚,本科,2022/9/16 1:46,8028793850,763.7811553
4611114,1979/1/7,女,未婚,中专,2021/9/11 6:19,8028850087,558.2851721
6613114,1989/1/24,女,已婚,研究生,2020/6/29 20:26,8029231675,869.3869661
6613115,1979/10/16,男,已婚,本科,2020/1/4 17:59,8031821782,121.6035872
5011116,1972/2/25,男,未婚,博士,2022/8/3 8:05,8032817796,173.3685797
6011113,1971/6/4,男,未婚,大专,2020/7/20 2:37,8035233672,1139.017439
4316116,1984/10/29,女,已婚,博士,2020/10/3 12:43,8037235680,531.7516978
4416114,1981/7/26,女,未婚,博士,2021/1/16 3:06,8038769808,540.435375
6319115,1968/7/15,男,未婚,大专,2021/1/8 18:35,8039586956,400.1636132
4117111,1973/5/22,男,已婚,本科,2020/9/19 22:54,8040228975,360.686991
4114117,1977/7/10,女,已婚,研究生,2021/9/15 1:47,8040430954,370.2074739
3219114,1982/11/26,女,未婚,研究生,2023/4/5 23:17,8041112321,649.7798771
4717115,1990/1/2,男,未婚,研究生,2022/8/11 21:37,8048824846,797.436962
4618113,2000/11/4,男,未婚,博士,2023/1/11 2:34,8049078020,1020.220241
4120115,1978/9/15,男,已婚,大专,2022/6/16 0:00,8049151238,239.8537357
6111120,1994/10/31,女,已婚,中专,2020/6/24 4:11,8049482423,625.426142
4620115,1985/8/4,女,已婚,大专,2022/5/26 12:33,8049560742,214.7913852
4818113,1996/2/12,女,已婚,本科,2021/4/27 2:47,8061468567,428.5637426
3817115,1986/5/4,女,未婚,中专,2020/8/2 21:42,8061556728,391.0703984
6118116,1990/6/9,女,未婚,大专,2023/3/31 6:15,8062018906,1013.293128
6720120,1986/5/21,男,未婚,本科,2020/8/24 10:15,8062750520,399.7004394
3915111,1987/5/30,女,已婚,大专,2022/9/5 7:36,8063916397,215.3312924
4411118,1981/4/16,女,未婚,中专,2021/9/14 12:07,8064090207,374.460145
4318119,1995/9/7,女,已婚,研究生,2020/4/5 11:54,8065545070,172.5703938
4111120,1973/11/2,男,已婚,本科,2020/7/16 19:11,8066859696,522.7622299
4815117,1975/12/22,女,已婚,研究生,2021/2/19 3:14,8068820729,763.8799654
5420113,1978/4/2,男,已婚,博士,2023/5/21 21:09,8069972812,768.4864001
3814114,1991/6/29,女,未婚,研究生,2023/3/6 12:25,8070668428,1158.52375
5318118,1986/3/17,男,未婚,研究生,2020/3/30 14:37,8074626127,372.1774769
6119111,1989/10/6,男,已婚,研究生,2019/12/24 8:16,8076629778,150.2565317
3317112,1994/3/27,男,未婚,本科,2021/4/20 2:45,8077472035,489.3463388
6513118,1985/10/31,男,未婚,博士,2023/1/14 7:15,8077558515,600.9784036
4713120,1997/4/22,男,未婚,中专,2022/3/1 10:52,8079591622,472.5713505
4516115,1977/4/9,女,未婚,研究生,2020/11/25 7:19,8080983731,498.3425874
4912120,1984/2/2,女,未婚,本科,2020/4/25 12:13,8082416359,145.5281297
5720117,1993/3/3,女,未婚,研究生,2020/9/10 19:37,8083045158,594.248745
5511117,1978/5/15,男,已婚,本科,2020/7/28 12:32,8083083343,19.53843242
4617112,1978/9/2,男,已婚,中专,2023/5/23 17:46,8084694967,630.8431555
5420118,1993/9/10,男,已婚,博士,2023/2/25 0:03,8086094857,279.4369121
6313113,1982/7/8,男,未婚,研究生,2022/12/16 4:42,8087758399,402.2866392
5812111,1996/5/3,男,未婚,博士,2023/1/10 18:26,8087771299,331.8799661
4317119,1968/5/20,女,未婚,研究生,2021/10/6 12:20,8088141879,674.6159974
5618118,1974/6/12,女,已婚,研究生,2020/9/27 9:53,8088470987,483.7229355
4914112,1988/10/14,女,未婚,大专,2023/2/15 5:08,8089741362,983.8403812
4818112,1979/11/5,男,未婚,研究生,2021/5/29 6:35,8090951015,245.7488026
5213114,1969/5/12,男,未婚,研究生,2022/4/13 5:55,8091137191,250.8065011
4520120,1994/12/15,男,未婚,研究生,2020/7/20 2:53,8093889761,400.8218925
5513118,1984/7/10,男,未婚,大专,2021/8/2 3:03,8093924361,260.6299123
3511115,1990/2/28,女,未婚,本科,2020/3/2 11:03,8094849403,594.8262704
3820119,1978/12/1,男,已婚,本科,2023/1/27 17:15,8097287481,365.932084
3317118,1987/3/7,男,未婚,本科,2023/5/2 19:27,8097363764,340.3973065
4815111,1982/9/20,男,已婚,本科,2020/8/15 12:20,8099662739,778.5509118
5311119,1974/6/15,男,未婚,研究生,2023/2/24 2:39,8102518114,109.5246861
3517120,1990/7/2,女,已婚,本科,2020/7/2 15:49,8103893324,447.2767657
3919113,1972/1/24,女,已婚,博士,2021/10/4 11:35,8104316771,694.3199439
6116120,1971/6/11,男,未婚,大专,2021/1/24 13:18,8105359175,834.9493227
5319114,1995/11/16,女,未婚,本科,2022/12/3 8:31,8107268974,462.4032007
6416114,1997/1/18,女,未婚,本科,2022/9/27 23:22,8107667824,376.775825
5219115,1971/6/4,女,未婚,本科,2023/4/22 5:20,8110218481,555.8768197
6313117,1994/12/23,男,已婚,博士,2023/4/2 16:13,8110410628,211.7403358
5113119,1997/5/17,女,未婚,大专,2022/7/10 18:45,8112039657,955.9722494
6012118,1979/1/26,男,已婚,本科,2021/4/27 19:56,8112379193,512.2737611
5112120,1989/1/5,女,未婚,大专,2021/1/24 22:00,8123711369,859.9963682
4112111,1994/10/20,男,未婚,本科,2020/8/27 0:50,8125545679,381.3558204
3912120,1989/2/21,女,未婚,本科,2019/12/15 15:33,8127189091,612.4497091
3212111,1995/8/3,女,未婚,大专,2021/4/1 2:38,8128421998,713.7572694
6218114,1986/8/17,男,未婚,博士,2021/7/21 7:41,8129579155,450.5702647
4820116,1980/2/12,女,已婚,博士,2023/5/20 4:29,8132730469,547.705146
4914118,1977/4/10,男,未婚,大专,2022/5/2 14:05,8136337690,641.8001964
3616119,1983/9/16,女,已婚,研究生,2021/5/2 2:48,8136544952,259.9445379
6611114,2000/10/24,女,已婚,博士,2022/3/15 10:05,8141330781,781.7750698
4513120,1978/7/13,男,已婚,大专,2020/4/1 9:05,8142497175,514.7267394
3918115,1977/7/12,女,已婚,博士,2022/2/5 14:52,8143483221,296.5908587
5211120,1979/2/5,男,已婚,研究生,2020/7/21 1:44,8145080685,103.8943277
4720111,1982/4/7,男,未婚,博士,2021/10/2 17:41,8145658339,647.2746189
5117111,1999/7/22,女,已婚,研究生,2020/8/13 8:19,8149142770,879.2006942
5812119,1994/11/30,男,未婚,研究生,2020/9/2 5:18,8155417212,442.9087109
6219114,1983/7/2,男,已婚,中专,2021/1/18 4:57,8157142053,995.8063292
3420117,1997/9/19,女,已婚,中专,2023/2/16 1:48,8157479034,490.2865363
5319117,1973/6/13,女,未婚,中专,2021/11/27 23:22,8158752006,882.1471056
5415118,1993/9/15,女,已婚,本科,2023/2/27 0:21,8158897301,1070.576803
5612111,1990/4/29,男,已婚,本科,2020/6/17 14:40,8158970380,711.9274333
4220119,1977/7/16,女,未婚,大专,2023/4/5 22:05,8165619433,385.9772668
5713120,1982/5/19,女,未婚,研究生,2021/4/23 7:05,8171130836,338.3945709
3512118,1984/4/23,男,未婚,大专,2019/12/21 12:24,8172783304,888.4598372
6419118,1976/7/3,女,未婚,大专,2022/7/22 15:16,8175575752,610.2271726
3219117,1989/1/25,男,已婚,本科,2023/2/8 17:50,8177029267,656.4966844
6716116,1980/10/3,男,已婚,本科,2022/5/31 5:03,8180691470,39.84194981
4913116,1986/8/23,女,已婚,本科,2023/2/11 19:50,8180768074,340.5467333
3816116,1995/3/10,男,未婚,大专,2022/10/9 20:24,8181067690,813.8227138
6412114,1991/12/24,女,未婚,博士,2020/7/30 0:05,8181154917,761.3575504
5020112,1975/1/13,女,未婚,大专,2020/8/26 21:49,8181339893,704.6444954
4711111,1972/9/23,男,未婚,博士,2020/6/24 4:21,8184368830,1166.740791
5115115,1969/2/2,男,已婚,大专,2023/4/12 19:48,8185619472,539.0573057
4418114,1999/10/8,男,已婚,研究生,2023/1/2 20:10,8185823936,101.8858702
6514120,1972/9/3,男,未婚,中专,2023/5/30 6:23,8187461243,747.411349
5111113,1990/8/25,女,未婚,博士,2022/11/2 8:52,8188634407,575.6809252
4517115,1989/4/21,男,未婚,中专,2020/9/25 19:03,8189473086,434.6086503
3916111,1992/3/16,男,未婚,大专,2020/4/12 14:14,8190034342,638.3846814
6714119,1982/5/29,女,未婚,大专,2022/11/8 11:23,8190049586,118.8837095
6216116,1993/3/2,男,已婚,本科,2022/12/31 1:10,8190577624,897.2802311
5916120,1985/8/20,男,已婚,本科,2020/5/19 11:32,8192840698,787.9649754
6118113,1999/10/29,女,未婚,博士,2022/12/3 14:39,8192969660,1103.829912
4211120,1974/8/28,男,已婚,中专,2023/2/25 3:40,8193771339,6.060692229
3613118,1976/2/3,男,未婚,大专,2020/3/16 22:54,8193813148,230.4081082
5115114,1976/9/16,女,未婚,本科,2019/12/10 21:13,8194079670,623.115668
3818116,1989/8/27,女,未婚,大专,2020/10/19 15:21,8195631812,200.7126991
5119117,1992/12/3,男,未婚,大专,2021/5/9 14:31,8195945653,337.1293089
6220116,1979/8/11,男,已婚,大专,2022/12/26 1:11,8196828206,247.9122932
3811116,1997/8/10,女,已婚,中专,2022/12/7 16:22,8197368042,751.3075351
3220118,1984/11/15,男,未婚,研究生,2022/11/15 10:36,8199379138,800.8641146
5119111,1988/9/24,男,已婚,大专,2023/1/4 9:27,8199922956,786.4481533
3218113,1984/3/5,男,未婚,大专,2023/5/15 19:51,8200065912,387.0045953
3512118,1984/4/23,男,未婚,大专,2022/3/11 21:55,8203322296,1158.850443
4714111,1996/8/25,女,未婚,研究生,2023/3/13 6:08,8203964002,891.7043954
5511120,1971/5/27,男,已婚,大专,2023/5/10 18:18,8207389048,711.5448095
4219115,1972/1/13,女,已婚,大专,2020/4/4 10:11,8208682605,1255.705202
4811115,1982/5/25,女,未婚,研究生,2021/6/28 19:40,8208941717,511.0673755
6317112,1983/1/4,女,已婚,本科,2020/6/5 8:31,8212278056,675.512441
3618112,1985/4/23,女,未婚,本科,2022/11/27 23:31,8212428124,1229.678622
6318111,1986/8/27,男,未婚,大专,2020/7/25 3:46,8212490147,884.8308932
5320112,1987/3/8,男,已婚,研究生,2021/4/6 15:40,8214511304,568.8523035
6315116,1971/4/30,男,未婚,本科,2023/1/27 11:42,8214816555,589.1702118
5116119,1981/7/31,男,未婚,本科,2022/7/18 12:04,8214914834,628.2175059
6117118,1991/9/7,女,未婚,中专,2023/3/8 23:01,8216484805,568.9094441
6019113,1978/3/7,女,已婚,大专,2023/5/11 23:07,8218072105,558.4122412
6118116,1990/6/9,女,未婚,大专,2023/4/2 11:06,8218614258,769.3037185
5718114,1982/2/7,女,未婚,研究生,2021/8/12 22:06,8218915814,960.8194155
4917113,1974/3/28,男,已婚,大专,2022/1/24 16:47,8228120455,753.1992384
4218112,1972/8/6,女,未婚,研究生,2022/12/23 1:55,8229866271,1105.433639
3717119,1992/10/11,男,未婚,中专,2019/12/12 20:26,8230165291,205.6586668
4111116,1983/5/15,女,已婚,中专,2020/3/10 0:21,8231170830,200.3634515
4618115,1984/1/15,男,未婚,中专,2022/8/13 12:06,8233942031,847.9227059
5211114,1984/10/11,女,未婚,研究生,2020/10/27 2:02,8236545518,493.2577812
3520113,1990/10/14,男,已婚,研究生,2021/11/26 17:43,8241563888,467.1746899
3217113,1970/12/29,男,未婚,研究生,2023/4/8 10:35,8241622596,310.9988187
4719116,1991/12/13,女,未婚,本科,2023/2/8 9:52,8243233430,186.7923761
3616118,1999/4/28,女,未婚,本科,2023/3/21 17:57,8243514444,1108.314565
3417117,1979/7/4,女,已婚,博士,2021/3/25 2:20,8243826862,451.540156
4415112,1978/4/20,女,未婚,研究生,2021/11/2 13:21,8249977957,291.7425234
4219118,1992/11/24,女,未婚,研究生,2022/12/3 17:12,8250546584,617.0395648
6113116,1993/6/2,男,未婚,中专,2023/1/1 16:02,8251037462,593.5748394
5020120,1992/1/10,女,未婚,中专,2022/7/30 20:45,8251129361,572.7093034
6615114,1986/2/9,男,未婚,研究生,2023/2/14 11:31,8253079916,661.4022227
4811116,2000/6/29,男,未婚,中专,2022/9/29 21:54,8253367185,351.1665016
4416114,1981/7/26,女,未婚,博士,2021/8/24 7:31,8253587667,1020.028611
6115112,1991/3/11,男,未婚,研究生,2023/4/23 22:06,8254526998,600.394981
6114113,1993/11/28,男,未婚,博士,2021/11/12 3:16,8259017525,510.4243353
5015119,1973/8/24,男,未婚,研究生,2022/12/31 3:01,8259953444,597.4715792
4712113,1970/8/26,女,已婚,本科,2022/9/16 8:14,8260070773,970.6820972
5912114,1982/2/4,男,未婚,博士,2022/6/21 17:06,8262315320,963.6859917
3416112,1985/9/18,女,已婚,大专,2020/4/1 9:44,8262317972,654.7632139
5416114,1981/6/11,男,已婚,大专,2020/8/22 3:22,8263698097,28.33104888
6417119,1997/7/22,男,未婚,本科,2023/1/26 11:41,8264053548,644.2316775
3819119,1994/1/25,男,已婚,大专,2021/4/1 6:41,8266982944,800.7870124
4214113,1982/5/21,男,已婚,大专,2023/5/24 10:25,8267282927,660.8319255
4913119,1999/4/6,男,未婚,大专,2020/8/21 2:16,8270683718,318.1010375
6613116,1970/6/14,男,未婚,本科,2022/5/14 16:05,8271838805,283.1530161
3816117,1983/10/6,女,未婚,研究生,2023/1/15 15:55,8273619387,778.2125454
6714117,1991/4/22,男,未婚,研究生,2023/2/17 14:26,8275530085,752.5241836
3517119,1968/10/10,女,已婚,大专,2021/10/20 13:19,8276774631,276.0195665
6017111,1998/10/6,女,未婚,研究生,2020/7/27 7:04,8279673285,328.1862797
6519120,1987/9/8,男,已婚,博士,2023/3/18 18:18,8279837015,996.1386462
6219117,1978/3/17,女,已婚,博士,2021/5/13 4:01,8281192892,462.8965562
4416114,1981/7/26,女,未婚,博士,2020/8/11 15:35,8282985569,396.8418879
5817111,1985/6/3,男,未婚,中专,2020/6/4 2:57,8283427103,428.6828279
4416114,1981/7/26,女,未婚,博士,2021/1/31 7:03,8284899604,613.1521231
4813116,1978/12/28,女,未婚,博士,2022/6/21 16:25,8286475643,775.826618
6518113,1977/2/9,女,未婚,本科,2023/1/2 19:19,8288598470,979.9441583
3816116,1995/3/10,男,未婚,大专,2020/4/7 21:13,8289120621,154.343035
3315118,1999/11/13,男,未婚,中专,2023/1/7 10:35,8290424742,761.2870869
4718113,1972/3/26,男,已婚,博士,2023/4/25 1:29,8291915544,617.7036519
6516114,1979/5/24,女,未婚,本科,2020/4/11 2:43,8294365144,182.1926668
5113111,1999/1/30,男,已婚,博士,2021/2/3 13:32,8298034732,426.5555575
6318113,1983/11/2,男,已婚,研究生,2020/8/31 6:14,8298551746,411.2153937
5111117,1984/5/10,男,已婚,博士,2022/2/8 1:29,8298889457,616.2680699
5420119,1983/10/29,女,未婚,中专,2022/4/3 2:17,8302295852,1086.649034
6714117,1991/4/22,男,未婚,研究生,2021/1/24 9:27,8303727050,437.0637477
4714112,1989/3/30,女,已婚,博士,2022/7/2 15:13,8303972664,352.3431224
4915114,1973/2/22,男,未婚,博士,2020/1/10 1:15,8306137917,749.3545155
6520117,1985/11/2,女,未婚,中专,2020/8/9 10:37,8306885471,331.0722581
4713114,1987/2/24,男,未婚,中专,2022/8/6 6:24,8307121953,1.295120608
4813118,1971/10/27,男,未婚,本科,2022/12/28 22:40,8309072084,728.4095595
6520118,1985/3/31,男,未婚,中专,2020/5/6 3:45,8311115855,612.102904
6419112,1986/2/13,男,未婚,研究生,2021/8/14 13:09,8312540271,1149.60288
4118116,1991/8/17,女,未婚,中专,2021/7/8 6:18,8317089652,67.8486263
5214118,1973/4/25,女,已婚,研究生,2023/4/14 11:06,8317290108,779.5158216
6214118,1990/10/23,女,未婚,大专,2021/4/7 12:15,8319813659,1130.045938
5014112,1971/4/26,女,未婚,大专,2022/7/29 13:35,8320280809,227.3016002
3611120,1972/10/17,男,已婚,中专,2021/9/5 22:26,8320286693,231.4786052
5318116,1994/6/9,女,已婚,博士,2021/1/8 10:18,8321498968,471.2324714
3417113,1997/3/17,女,已婚,大专,2021/1/5 10:57,8322184106,321.164398
4413117,1972/11/18,女,未婚,研究生,2022/3/31 3:26,8322271906,175.0311896
5617113,1986/11/2,女,未婚,中专,2020/8/28 0:54,8322323029,537.6061103
3616118,1999/4/28,女,未婚,本科,2021/11/14 12:17,8323331806,384.7202942
4319113,1981/10/25,女,未婚,研究生,2019/12/8 11:39,8325945786,410.6228015
6714112,1986/6/21,女,已婚,博士,2023/2/8 17:52,8325955554,478.790333
5818115,1972/9/4,男,未婚,大专,2023/3/13 20:32,8326674815,339.6669135
4720112,1977/3/8,女,未婚,大专,2020/11/2 3:50,8328791634,84.9039705
4511116,1991/5/22,男,未婚,博士,2021/9/18 4:53,8329942748,790.1985456
5619115,1979/12/18,女,已婚,博士,2020/6/13 11:10,8330760740,608.8003994
4520116,1990/9/18,女,未婚,研究生,2023/5/16 2:57,8331457710,766.9216354
6317114,1994/6/5,女,已婚,研究生,2020/1/6 2:46,8332968619,988.9049691
4116116,1968/11/20,男,已婚,博士,2022/6/24 4:01,8333697382,1039.167617
5811112,1977/4/9,男,未婚,中专,2023/3/12 10:54,8334539089,1106.864368
3317118,1987/3/7,男,未婚,本科,2023/5/28 3:49,8335774000,811.1716248
5020118,1993/9/29,男,已婚,博士,2020/12/17 13:22,8335899718,462.0191126
4615113,1988/9/1,男,已婚,研究生,2023/3/1 14:26,8336649219,252.8088364
4815117,1975/12/22,女,已婚,研究生,2021/11/21 13:06,8337724639,424.7833687
3213120,1982/5/25,男,未婚,本科,2022/2/25 11:26,8339882359,875.8101582
4517118,1983/5/30,男,已婚,博士,2020/9/10 19:09,8340077591,300.5844195
4014118,2000/7/14,女,未婚,研究生,2020/8/16 7:59,8340789010,807.0851685
3912116,1986/12/2,男,已婚,大专,2020/12/15 1:31,8341140401,562.0494258
5814114,1976/9/10,男,未婚,大专,2021/10/22 18:32,8342715703,363.5316597
3414120,1991/6/7,女,未婚,本科,2023/4/11 9:47,8342757097,828.6399571
3411119,1996/2/19,女,已婚,中专,2020/4/4 3:11,8343334419,743.6518767
5614117,1989/3/22,女,已婚,本科,2023/2/27 0:05,8343932009,785.871215
5919115,1973/12/1,男,未婚,大专,2021/7/12 21:49,8345381899,675.722478
6620120,1981/8/16,女,已婚,研究生,2023/2/24 16:20,8346184110,596.174947
3915114,1970/4/24,男,未婚,博士,2021/9/15 10:06,8353482831,1115.100448
6615117,1984/8/8,女,未婚,中专,2020/2/5 6:29,8354550962,317.9375877
6312119,1999/5/20,女,未婚,本科,2023/2/22 18:55,8354622899,831.4309185
5011111,1972/2/3,男,已婚,中专,2023/4/24 20:20,8354822391,547.9066891
3318118,1996/1/25,女,未婚,本科,2020/4/3 9:57,8355554264,1012.343499
4816111,2000/7/25,女,已婚,大专,2020/8/22 19:05,8355786277,418.6603203
4315112,1980/10/1,女,已婚,研究生,2023/2/4 7:41,8358191556,580.3732261
3818111,1968/7/2,女,未婚,研究生,2022/3/14 19:21,8361772668,241.5851885
6718120,1968/7/7,女,未婚,本科,2021/3/18 7:10,8362347159,642.3320619
4212111,1970/7/27,女,未婚,本科,2020/4/29 11:55,8362430788,446.3491115
5120113,1993/8/26,女,未婚,本科,2020/5/11 4:15,8363543959,577.6221761
3820114,1993/1/15,女,已婚,大专,2020/7/30 15:32,8364122233,616.5381467
4917117,1978/11/13,女,已婚,大专,2022/7/21 12:19,8367478780,1001.515791
4212116,1979/2/19,男,未婚,博士,2022/5/30 21:31,8369465642,793.8079017
3617119,1981/1/30,男,未婚,博士,2020/9/21 0:09,8374335125,106.6840624
5420117,1991/11/27,女,未婚,本科,2023/5/24 15:41,8374740855,228.6859948
3520114,1974/9/7,女,未婚,博士,2023/2/17 4:53,8375046312,516.4126217
4420113,2000/7/3,女,未婚,本科,2022/1/1 9:24,8375167287,678.956713
6515118,1970/1/27,女,未婚,大专,2022/12/14 21:19,8375227366,572.2938864
4212111,1970/7/27,女,未婚,本科,2021/10/10 0:17,8375676201,329.1651016
3414118,1997/4/6,女,已婚,中专,2022/10/3 9:52,8377565035,854.2568699
3912116,1986/12/2,男,已婚,大专,2023/5/18 17:16,8378319869,66.88977403
5516117,1985/9/8,男,未婚,博士,2023/1/7 8:39,8378533640,599.4280958
6211117,1991/6/11,女,未婚,本科,2023/5/7 3:00,8379711087,466.2255171
5813113,1973/3/29,男,未婚,大专,2021/1/30 23:59,8379717539,899.879798
5216117,1980/1/2,女,未婚,本科,2021/8/11 15:50,8379892674,710.6016291
3420117,1997/9/19,女,已婚,中专,2023/1/31 9:50,8381319396,824.3281214
4614116,1969/6/5,男,未婚,本科,2020/12/16 22:44,8384457975,544.8947063
5018113,1996/2/21,女,未婚,本科,2023/4/22 13:41,8384619743,433.2496855
5515111,1976/3/8,男,未婚,研究生,2021/9/18 14:58,8385012071,199.3492082
5213111,1974/6/1,男,已婚,大专,2023/4/3 5:55,8385346956,45.44679768
3618117,1990/8/2,女,已婚,本科,2020/2/20 16:22,8386420473,706.8307904
6620119,1986/3/25,女,未婚,大专,2020/12/20 4:24,8387651787,785.0083347
4419115,1982/5/13,女,未婚,大专,2023/4/11 0:39,8391442420,372.8404738
4614112,1979/6/26,女,已婚,研究生,2023/5/31 7:34,8391561269,422.7617962
4618111,1977/3/20,女,已婚,本科,2023/5/26 19:15,8396725106,307.0754403
4120112,1984/4/30,女,未婚,研究生,2023/4/9 2:28,8397537410,777.7499253
3317115,1972/9/24,女,未婚,大专,2020/11/14 19:16,8399199458,811.8709898
5817115,1979/8/6,男,已婚,本科,2023/2/2 16:10,8400033875,608.5518916
5915112,1995/11/19,女,未婚,本科,2023/3/29 12:34,8401248653,239.5480789
4411119,1977/2/21,女,已婚,研究生,2021/6/15 15:44,8402136389,372.659108
5215117,1971/12/25,男,已婚,大专,2020/12/12 2:55,8402958137,612.070929
4113116,1972/12/17,男,未婚,研究生,2022/1/6 12:20,8404026635,338.6477503
4316118,1994/10/29,男,未婚,中专,2021/7/2 14:02,8404939272,500.1670375
4319116,1979/11/2,女,已婚,本科,2020/5/10 21:57,8406096322,995.7941391
6714113,1980/11/23,女,未婚,本科,2023/6/2 17:17,8407762903,258.4936654
5218118,1992/12/7,男,未婚,博士,2021/8/18 8:57,8407857798,327.6231079
6520120,1991/12/11,女,未婚,中专,2020/11/2 21:34,8408990566,823.4984844
4120112,1984/4/30,女,未婚,研究生,2020/11/17 19:20,8409449353,227.440426
5516120,1970/8/13,男,未婚,大专,2020/1/20 13:24,8417547235,252.3353534
4916115,1984/4/23,女,已婚,中专,2021/12/15 0:53,8418534194,463.7268111
4311114,1984/3/15,女,未婚,大专,2021/5/9 23:06,8419321676,72.44857237
3816119,1984/12/13,男,未婚,本科,2023/2/25 1:17,8421563173,849.5792375
4016117,1971/6/13,男,未婚,本科,2022/12/30 17:01,8423078716,168.4688274
6112119,1981/8/9,女,未婚,博士,2023/3/6 1:12,8424082461,979.2483844
6318111,1986/8/27,男,未婚,大专,2023/2/13 18:45,8424437424,363.5231494
4814117,1970/9/15,女,未婚,大专,2021/5/13 1:19,8428355760,1154.44538
6617115,1977/9/8,男,已婚,大专,2023/1/13 2:01,8428444732,25.1606279
4611113,1979/8/31,男,未婚,大专,2023/4/15 4:19,8429748058,181.2513894
6519113,1987/3/29,女,未婚,研究生,2023/1/12 13:10,8429828587,920.6844087
3811120,1977/11/2,男,未婚,研究生,2021/9/29 2:43,8434885373,791.1295023
6115120,1993/8/1,男,未婚,大专,2022/4/17 10:13,8435310393,727.7886014
6017115,1993/9/12,女,未婚,博士,2022/4/2 21:16,8435887927,138.7009409
5618111,1989/4/16,男,已婚,大专,2023/2/24 15:57,8436187656,655.8272996
5217114,1972/7/20,男,未婚,博士,2020/3/25 17:33,8442316989,391.7768601
6018116,1981/5/2,男,未婚,本科,2020/4/27 1:41,8442371801,507.2065302
5315117,1979/5/10,女,已婚,博士,2022/7/27 16:42,8442385808,220.4198019
6519118,1993/4/9,男,未婚,研究生,2023/3/10 11:23,8444248703,511.0682989
5514115,1990/1/12,女,未婚,本科,2020/2/5 7:02,8446278804,844.0575798
5214117,1972/8/5,女,未婚,本科,2023/3/23 18:47,8448987620,763.4725936
3416118,1982/7/20,女,已婚,博士,2023/3/21 0:06,8449660882,1000.834494
4011118,1972/3/15,男,已婚,研究生,2020/2/7 1:37,8450978018,931.1067718
5020118,1993/9/29,男,已婚,博士,2022/2/25 20:36,8451322819,353.6491276
3316114,1992/3/15,女,已婚,大专,2023/1/20 12:31,8453854206,717.5090402
4019118,1972/1/21,女,未婚,研究生,2022/8/28 0:55,8456533703,803.6350864
4412113,1973/9/17,女,未婚,博士,2022/10/8 12:47,8463294907,199.7955079
4213118,1984/11/27,女,未婚,本科,2022/9/24 6:01,8465318257,640.2933734
4418112,1994/2/28,女,未婚,研究生,2020/1/1 7:06,8466626275,496.8516221
6519118,1993/4/9,男,未婚,研究生,2020/4/24 7:37,8467169512,555.1889645
3713114,1995/12/30,女,已婚,博士,2022/3/2 8:28,8467185029,127.5843423
4017112,1993/9/26,男,未婚,大专,2021/12/14 2:52,8467812091,927.3746295
4112117,1982/4/30,女,未婚,博士,2023/3/16 16:40,8468628730,788.7946442
6613116,1970/6/14,男,未婚,本科,2022/10/26 3:03,8470139109,605.3842222
4218115,1972/5/17,男,未婚,中专,2022/3/9 5:45,8470988749,831.9540565
3816111,1973/10/18,男,已婚,大专,2021/10/20 22:33,8474116041,590.4707228
3713113,1990/4/26,男,未婚,研究生,2022/11/4 16:01,8476499146,225.2923619
5718118,1999/5/31,女,已婚,博士,2020/6/13 5:53,8476728827,698.7116369
3614120,1989/12/29,男,未婚,本科,2023/5/9 13:04,8477445220,673.5988398
5517118,2000/2/17,女,未婚,大专,2023/2/8 4:10,8477968336,605.6946481
6317115,1993/6/12,女,未婚,大专,2022/10/25 4:11,8481490997,759.7753807
5911116,1993/1/15,男,未婚,研究生,2021/2/20 0:03,8482674030,916.1537344
5817113,1969/5/26,男,已婚,研究生,2020/9/30 22:07,8484314158,457.9824638
4812111,1987/11/21,女,未婚,博士,2021/10/28 5:42,8485940563,709.4144031
6513120,1981/12/3,女,未婚,博士,2021/3/27 8:27,8488246553,667.0179332
4115114,1987/8/18,女,已婚,中专,2021/10/11 7:15,8488915589,691.8806224
6517118,1999/11/24,女,未婚,大专,2021/5/25 9:40,8489556963,692.3646771
5520120,1991/4/6,女,未婚,本科,2020/6/12 14:05,8491748616,757.7777638
3616118,1999/4/28,女,未婚,本科,2021/4/27 8:54,8495067383,304.0516431
6514112,1993/7/26,男,未婚,本科,2020/1/13 14:38,8496077752,250.2860263
6517112,1992/1/17,女,未婚,中专,2022/9/22 15:27,8496458383,853.5209339
6619113,1972/10/22,男,未婚,博士,2020/4/11 23:25,8499678680,814.7460046
5418115,1979/2/23,男,未婚,博士,2021/3/12 13:14,8500326124,370.0549639
3713117,1974/2/7,男,已婚,大专,2020/6/18 14:00,8502499388,774.2124496
5214120,1981/2/13,女,未婚,本科,2020/12/15 11:19,8504146152,419.1651432
6611115,1987/8/31,男,已婚,研究生,2022/9/30 23:11,8505760251,428.2536832
5619118,1968/2/24,男,已婚,大专,2022/9/21 0:35,8506010489,579.0125078
3420116,1983/3/7,男,已婚,中专,2022/4/29 14:57,8513258200,1020.988545
6114114,1983/1/3,女,未婚,博士,2021/4/25 0:45,8515888143,561.4155958
5312111,1981/1/28,男,未婚,本科,2023/2/28 16:43,8516213586,418.9178731
4820119,1986/12/12,男,未婚,大专,2021/11/26 17:24,8516515626,630.894524
5317120,1986/1/14,男,未婚,研究生,2020/9/13 21:16,8519478692,593.8861318
3620117,1985/3/10,女,未婚,中专,2021/4/13 18:24,8520515936,230.5686005
3515118,1976/5/29,女,未婚,大专,2021/2/6 12:32,8521580323,632.9011137
3319112,1986/5/2,女,已婚,中专,2021/6/27 4:02,8523813899,276.6278239
3713117,1974/2/7,男,已婚,大专,2020/8/5 0:04,8525185666,403.4309992
5116112,1987/8/30,女,未婚,中专,2021/11/17 3:43,8528275076,1097.950013
3615118,1977/12/6,男,未婚,中专,2022/4/3 18:34,8529924860,358.0189624
3511112,1980/12/11,男,已婚,中专,2021/11/8 14:11,8531218398,1033.12474
3212119,1984/3/22,男,已婚,博士,2020/7/13 13:51,8531851586,1243.357038
5214115,1974/2/10,男,已婚,研究生,2021/11/15 1:17,8531868094,717.8807611
5014112,1971/4/26,女,未婚,大专,2022/10/26 9:30,8534232483,721.9152461
5911113,1981/11/4,女,未婚,研究生,2023/1/27 12:47,8535224167,536.964156
6316115,1972/6/30,女,未婚,本科,2022/2/9 1:52,8536056811,306.8607881
6018112,1993/6/19,男,未婚,本科,2021/2/21 19:21,8536412375,528.8495844
6115117,1993/4/11,男,已婚,研究生,2023/2/5 10:11,8538349680,199.0708561
3917119,1971/2/11,男,未婚,研究生,2020/9/9 17:56,8539114608,133.2601974
4619114,1985/4/3,女,已婚,中专,2022/4/2 5:56,8540641916,372.9247187
6520111,1976/11/22,女,未婚,研究生,2021/5/27 7:43,8542352498,613.5920846
4319120,1981/10/14,女,已婚,中专,2022/12/23 3:01,8544668740,53.62166209
4418117,1972/8/29,男,已婚,研究生,2023/3/30 2:10,8545390092,563.6619703
4413119,1982/1/3,男,未婚,研究生,2022/6/14 23:04,8546510787,644.3911095
4316116,1984/10/29,女,已婚,博士,2023/5/13 10:23,8546636078,849.3671514
4117111,1973/5/22,男,已婚,本科,2022/4/26 7:06,8546983681,86.81060442
6613118,1984/6/30,女,已婚,中专,2021/11/20 13:48,8547210572,812.823702
5914120,1976/8/24,女,未婚,大专,2023/1/29 0:50,8550134344,194.1879435
3812119,1987/8/23,男,已婚,本科,2021/1/22 2:59,8551443173,758.2527864
3919115,1980/10/6,女,未婚,本科,2021/5/1 0:38,8552388365,416.1636063
5711112,1976/4/7,女,已婚,大专,2020/2/11 11:41,8552952369,153.4972422
4513118,2000/8/12,女,未婚,本科,2021/4/14 7:31,8554513750,260.6135559
5211119,1998/11/15,男,已婚,研究生,2021/7/8 0:31,8559672307,915.4323091
3720112,1996/3/22,女,未婚,本科,2020/10/27 17:39,8562322558,500.7414308
6713115,1990/12/1,男,已婚,博士,2023/3/30 12:32,8562473241,1122.192982
5213113,1971/3/9,男,已婚,大专,2022/11/5 22:20,8564253734,741.9721014
3316115,1979/5/3,男,已婚,本科,2022/11/10 5:49,8564529202,214.721531
4317115,1976/4/8,女,未婚,本科,2022/10/23 18:11,8565347118,598.4225324
3313111,1971/8/3,男,已婚,大专,2021/1/19 13:43,8569955256,697.1143862
5019120,1998/12/3,男,未婚,本科,2021/1/20 1:26,8570068715,842.5829646
5013117,1977/5/20,男,已婚,研究生,2022/2/2 19:12,8571551074,634.6039801
4815114,1982/12/28,男,已婚,大专,2022/7/12 21:28,8574992468,280.202829
6513117,1995/3/23,男,未婚,研究生,2023/3/20 9:26,8577730015,742.940708
3411113,1982/12/7,女,未婚,本科,2023/4/12 3:54,8580014636,1071.604469
5720115,1984/4/19,女,已婚,中专,2023/1/9 5:15,8581490814,1151.839654
3320120,1975/2/7,男,未婚,中专,2021/3/24 15:23,8581567019,209.4576407
6112116,1988/11/1,男,已婚,大专,2023/3/23 21:33,8584379714,486.7673806
3712119,1975/2/11,女,已婚,研究生,2023/4/1 5:35,8585764198,545.3454124
4514113,1996/8/18,女,已婚,大专,2023/2/7 19:23,8586623333,127.7862013
5017115,1979/11/3,男,已婚,博士,2022/8/23 4:27,8588337771,128.62817
3612111,1980/7/10,女,未婚,博士,2022/7/15 20:59,8590795425,586.9295834
4712112,1998/3/26,女,未婚,大专,2022/6/21 6:34,8591312184,667.4245955
4419116,1973/9/8,男,未婚,本科,2022/9/6 2:58,8591853798,463.5186458
5011120,1979/2/12,男,已婚,中专,2023/5/3 2:44,8591863340,898.6664631
3815117,1980/9/21,女,已婚,本科,2022/9/8 10:32,8596290583,600.5337066
4717111,1990/9/15,女,已婚,本科,2020/3/10 2:45,8596662318,993.7006823
6420120,1977/4/16,女,已婚,本科,2020/8/27 20:29,8598194545,1000.974526
3319117,1991/7/22,男,已婚,博士,2023/2/15 17:55,8600410757,846.9064084
5218118,1992/12/7,男,未婚,博士,2022/1/1 0:52,8601225867,569.004135
3415114,1977/6/27,女,未婚,研究生,2023/2/21 19:30,8601243332,353.735693
5315113,1974/2/3,男,已婚,研究生,2020/7/19 17:29,8602817186,441.0367245
5319114,1995/11/16,女,未婚,本科,2020/1/10 21:57,8605763275,925.5652816
5613116,1974/9/23,女,已婚,本科,2019/12/22 11:28,8607132969,322.7850692
4311111,1995/5/3,男,未婚,中专,2022/5/10 3:33,8611337848,1185.347253
4518118,1970/10/19,女,已婚,研究生,2020/8/15 9:59,8611667882,292.9283898
5013114,1998/8/31,男,已婚,本科,2021/11/19 19:29,8616386745,456.8754542
4319116,1979/11/2,女,已婚,本科,2021/3/17 0:04,8616771624,443.2239857
5720114,1982/1/18,男,未婚,中专,2020/7/22 1:32,8618613180,809.1628689
4813111,1971/5/1,男,已婚,大专,2023/3/4 14:58,8623423775,889.5825265
3214117,1977/4/27,男,已婚,博士,2022/4/26 12:59,8625965648,829.0477809
3514120,1986/5/17,女,未婚,研究生,2023/3/16 1:46,8627427913,618.8771645
6412112,1979/7/30,女,已婚,博士,2022/12/27 9:45,8627779973,336.6553938
6214120,1994/4/8,女,已婚,大专,2023/1/27 12:02,8628365634,976.6834086
6211116,1994/5/12,男,已婚,本科,2020/3/31 7:59,8633757834,530.6049994
5517117,1987/11/12,女,已婚,博士,2021/1/12 22:33,8634780346,1007.383482
6213112,1991/4/18,女,未婚,本科,2020/2/25 16:06,8635277318,972.1524263
4818114,1999/4/25,男,未婚,博士,2021/7/28 0:30,8635286559,639.2122384
6118111,1977/12/30,女,未婚,本科,2022/2/4 21:32,8636739708,180.7540752
6714117,1991/4/22,男,未婚,研究生,2022/4/4 16:55,8637392625,1058.365618
6716118,1992/4/3,女,未婚,大专,2021/11/17 14:04,8637627944,539.3205111
3418115,1992/11/4,男,未婚,博士,2020/11/25 0:58,8638299838,533.695627
5313112,1981/2/7,女,已婚,博士,2020/11/10 22:06,8639281553,725.5236603
5413117,1968/8/8,女,未婚,博士,2020/3/2 0:06,8641251678,308.8392506
4913116,1986/8/23,女,已婚,本科,2021/2/15 3:16,8641716307,795.9917223
4618116,1979/5/7,男,未婚,博士,2021/6/9 20:16,8642822520,343.8573519
4516119,1984/4/14,女,未婚,本科,2020/8/1 17:33,8643714042,533.7820625
5720113,1989/12/11,男,未婚,中专,2020/12/5 4:27,8647796213,455.9115383
4216116,2000/7/12,男,未婚,研究生,2022/7/13 2:02,8648634459,949.8938574
6314115,1977/1/23,女,已婚,大专,2020/9/28 6:03,8648894749,479.9936386
6411113,1979/3/21,男,已婚,研究生,2021/12/19 21:25,8649238665,681.5921911
5217115,1974/3/9,女,已婚,研究生,2022/4/10 23:06,8650332223,1035.054744
5212115,1977/5/3,男,已婚,大专,2020/9/15 5:03,8654880670,669.2393767
3317113,1974/11/15,男,未婚,研究生,2021/5/2 5:46,8656954604,9.020896529
4911111,1969/10/9,男,未婚,大专,2020/3/9 0:33,8659811921,33.41421494
3417111,1999/12/28,男,已婚,博士,2022/2/22 6:25,8659961418,952.1393406
3612116,1975/11/3,女,未婚,本科,2020/1/2 6:41,8660064267,249.6368828
3311120,1975/2/26,男,已婚,中专,2021/11/13 15:34,8662027793,865.8125415
4420113,2000/7/3,女,未婚,本科,2020/7/24 5:14,8663067330,319.754978
6117114,2000/11/7,女,未婚,本科,2020/1/6 10:25,8664483804,646.3603799
4019113,1970/4/28,女,未婚,大专,2022/9/1 21:28,8665066233,387.9638599
6517118,1999/11/24,女,未婚,大专,2021/1/20 8:34,8665518225,139.9158856
5814116,1979/7/24,男,未婚,本科,2023/4/21 8:53,8668459646,539.6395341
5116113,1989/8/9,女,未婚,博士,2021/6/19 13:50,8671452243,360.9714387
4413113,1986/3/13,男,已婚,本科,2020/3/21 15:38,8676086350,1001.498357
4513119,1983/11/12,男,未婚,研究生,2021/6/30 13:51,8676416774,998.4179738
6212111,1971/5/16,女,未婚,博士,2020/7/23 10:31,8676696986,524.8843747
4717114,1974/6/10,女,未婚,大专,2023/4/29 23:19,8679033620,770.4361524
6417113,1984/11/17,女,未婚,中专,2023/4/30 4:32,8681999359,658.7691728
3615119,1973/11/22,男,未婚,大专,2022/9/21 5:53,8682479911,459.3528
3312118,1995/11/23,男,未婚,研究生,2023/3/21 12:22,8684640341,530.026216
3813117,1974/11/19,男,已婚,本科,2021/12/24 17:22,8684977678,859.0089454
4817111,1972/7/11,女,已婚,中专,2020/1/14 20:36,8685841555,495.8581209
6511119,1973/1/14,男,已婚,研究生,2022/2/25 10:41,8685912413,468.5626403
6613116,1970/6/14,男,未婚,本科,2022/5/2 15:30,8686095702,739.3936071
6113112,1995/5/29,男,未婚,本科,2022/3/17 16:02,8687361778,257.651596
6113120,1972/12/1,女,已婚,博士,2020/3/1 1:07,8690092544,879.0037547
3717111,1981/9/7,男,已婚,研究生,2021/2/22 23:20,8693595159,815.0910766
3318114,1981/1/12,女,未婚,大专,2020/9/27 6:55,8695075058,471.9778498
4317120,1971/3/30,女,未婚,中专,2022/11/15 19:38,8695114949,349.2794065
5711114,1993/11/29,女,未婚,研究生,2021/5/6 17:09,8700566332,894.088746
3615115,1972/5/24,女,未婚,博士,2020/8/7 12:09,8700716080,323.0938554
5115114,1976/9/16,女,未婚,本科,2022/6/18 20:45,8701315840,879.4009767
4614111,1979/2/3,女,已婚,本科,2022/11/5 18:36,8702351742,722.8770683
6412118,1997/5/19,女,已婚,大专,2021/11/2 22:06,8702794936,572.5882452
5716116,1992/2/10,男,未婚,研究生,2021/10/2 0:37,8704886998,544.3981667
3214112,1980/11/27,男,已婚,本科,2022/3/30 0:30,8705470330,447.4378935
4017118,1974/2/22,男,未婚,本科,2022/10/30 6:38,8707071356,529.3434423
5213113,1971/3/9,男,已婚,大专,2022/12/2 23:05,8709774048,785.3333974
6014113,1981/9/25,男,未婚,本科,2020/9/15 22:28,8710374772,277.9646017
4415119,1989/8/27,男,未婚,博士,2020/9/4 6:34,8711262797,572.6179985
4718119,1970/7/21,男,已婚,大专,2019/12/21 3:33,8711616676,258.3310172
4012118,1974/4/17,女,未婚,研究生,2022/7/16 15:18,8712215325,594.459681
3916114,1994/9/4,女,未婚,大专,2020/2/2 22:58,8713567687,368.2589917
4312111,2000/9/9,女,已婚,大专,2022/9/20 2:47,8714218466,203.7297763
3713118,1985/1/24,男,未婚,中专,2021/3/16 21:31,8718847544,732.0953683
3712112,2000/2/22,女,未婚,博士,2020/7/11 20:46,8720383145,692.3822506
5813113,1973/3/29,男,未婚,大专,2021/1/26 13:47,8721114119,840.33968
5820117,1985/7/10,女,未婚,研究生,2021/12/6 17:38,8724394385,453.2891231
6717119,1981/12/13,女,未婚,研究生,2020/3/15 1:25,8726142521,886.2054289
5914116,1980/9/2,男,未婚,中专,2023/5/2 8:29,8726230928,413.2207771
4417116,1970/1/13,女,未婚,大专,2021/10/29 4:02,8727561888,616.4904612
4415118,1988/6/16,女,已婚,本科,2020/2/5 10:02,8728045729,711.6951071
3316120,2000/2/27,男,未婚,研究生,2022/8/24 1:15,8730269944,833.8595014
4520112,1988/6/22,男,未婚,中专,2021/7/28 0:34,8730319475,103.3839513
3811120,1977/11/2,男,未婚,研究生,2022/1/17 17:02,8731058073,505.1014648
4719111,1978/6/23,男,未婚,博士,2023/5/26 4:46,8735765139,969.5699024
3312116,1987/9/11,女,已婚,博士,2020/5/2 20:34,8736737879,749.4993233
4519120,1985/6/15,女,未婚,大专,2022/8/8 7:49,8739579174,844.5230787
3311117,2000/5/8,女,已婚,博士,2022/8/1 22:27,8740266019,946.1935639
4316119,1992/12/8,男,已婚,研究生,2021/7/14 10:04,8740411309,569.0533566
4015111,1986/11/25,女,已婚,博士,2020/1/8 16:05,8740490455,750.7416306
4615111,1995/9/30,男,已婚,大专,2022/12/9 22:04,8740945170,984.509573
3618111,1986/11/24,女,已婚,博士,2023/1/12 2:48,8744472817,736.4245891
3219117,1989/1/25,男,已婚,本科,2020/12/17 16:34,8745351686,988.2258724
4711118,1968/2/12,女,已婚,博士,2023/3/9 6:48,8745617935,475.2227385
4919112,1991/7/31,女,已婚,本科,2022/7/12 18:09,8747079260,476.6655218
4120114,1989/3/22,女,未婚,研究生,2020/3/22 21:34,8748529351,558.5178634
5918112,1975/8/15,女,未婚,大专,2023/2/5 8:45,8749311299,820.2298029
5820111,1970/6/1,女,已婚,大专,2021/1/17 16:00,8749481515,430.1984665
3611118,1986/2/27,女,已婚,研究生,2021/6/5 10:41,8750452020,1149.065632
5218119,1973/2/11,女,未婚,博士,2023/2/21 18:19,8751365473,721.1178479
6515117,1978/12/16,女,已婚,博士,2021/8/4 0:15,8751582564,296.7824051
6717116,1996/2/15,男,已婚,研究生,2023/1/26 4:59,8752716634,554.9562226
5616114,1972/10/3,男,已婚,大专,2022/12/25 9:15,8753989045,346.7385535
5112113,1988/4/17,女,未婚,本科,2023/2/11 11:55,8760032270,929.4806786
3318114,1981/1/12,女,未婚,大专,2022/11/15 14:47,8763649551,748.0934018
4016120,1988/3/3,女,未婚,中专,2021/5/27 22:26,8765324372,171.3595947
6718118,2000/3/8,男,未婚,研究生,2020/5/18 11:19,8769256084,394.9644517
6713119,1996/8/16,男,未婚,本科,2023/1/20 17:06,8769341821,368.2981558
4011120,1990/12/28,男,未婚,本科,2020/2/18 19:53,8770959999,980.2152529
6115120,1993/8/1,男,未婚,大专,2021/11/4 17:18,8771276395,346.363011
3312116,1987/9/11,女,已婚,博士,2020/7/12 12:23,8776416368,723.8439611
3615119,1973/11/22,男,未婚,大专,2021/1/2 22:50,8777795624,576.6196719
6612116,1983/6/27,男,已婚,本科,2020/10/24 12:21,8782224136,433.2578529
5617115,1970/1/23,男,已婚,大专,2021/10/13 13:55,8785421442,730.2282252
5118112,1972/1/2,女,已婚,本科,2022/3/20 4:01,8787652005,98.89706245
4312114,1991/5/14,女,已婚,博士,2022/4/8 13:34,8788520374,594.3040778
3218117,1987/8/9,男,已婚,大专,2021/6/25 5:48,8792067950,393.1960734
6620118,1983/9/19,女,未婚,本科,2023/2/1 23:49,8792765979,354.6513064
4119116,1976/5/25,女,未婚,本科,2023/1/27 5:25,8796450433,964.4718196
3614119,1978/6/27,男,未婚,中专,2020/11/3 18:07,8796488158,559.9519749
4819118,1994/10/17,女,未婚,中专,2023/1/21 4:47,8797464272,186.9840572
4914111,1995/7/3,女,已婚,本科,2021/5/21 13:46,8799018410,281.4186334
6011112,2000/6/14,男,未婚,研究生,2021/6/18 23:29,8801161386,1086.515359
5515117,1971/4/10,男,未婚,大专,2022/8/8 9:50,8804076905,599.9426865
3616119,1983/9/16,女,已婚,研究生,2021/7/26 20:14,8804643582,1218.539179
4518113,1979/12/17,女,已婚,研究生,2023/3/14 12:51,8809668407,757.7757263
5514119,1969/9/15,男,未婚,研究生,2022/4/13 21:01,8810349733,333.6162568
5615112,1992/6/10,男,已婚,大专,2021/2/9 8:03,8810575332,548.4411383
5911120,1981/3/7,男,已婚,大专,2021/5/12 20:43,8812313618,1028.699753
3919117,1987/4/5,男,未婚,大专,2023/5/28 3:04,8815282120,464.9167182
5212114,2000/6/11,男,未婚,研究生,2023/5/24 17:31,8815384528,641.8269203
4619119,2000/11/2,男,已婚,博士,2021/11/5 6:51,8816183913,226.7856706
3314112,1997/9/6,男,未婚,中专,2022/9/17 0:31,8816245938,257.1173434
3916119,2000/6/4,女,未婚,本科,2021/1/15 8:29,8818697615,936.7545277
5916117,2000/10/2,男,已婚,本科,2021/9/5 14:44,8819268699,704.4161264
3516114,1978/8/26,男,未婚,本科,2021/8/6 16:13,8821133399,900.6893404
5719113,1977/8/7,男,已婚,中专,2021/7/11 16:40,8821388584,381.848071
6114115,1974/5/18,男,已婚,大专,2022/9/27 12:22,8822926112,953.2878279
4413120,1990/4/14,男,已婚,本科,2021/2/18 18:15,8827555941,160.2072867
3718111,1988/6/22,女,未婚,中专,2022/3/3 20:09,8828724615,244.6656911
4613113,1983/6/20,女,已婚,博士,2020/1/15 7:54,8830278464,331.1820779
6317113,1994/5/10,女,未婚,研究生,2019/12/16 21:14,8830678664,520.458026
3911113,1995/5/13,女,已婚,博士,2023/5/3 4:22,8831740056,856.7409191
4014118,2000/7/14,女,未婚,研究生,2020/3/10 20:57,8831814500,1034.228802
3318115,1999/11/4,男,已婚,大专,2023/2/23 17:39,8832129051,693.8257074
4918115,1975/2/28,男,已婚,研究生,2022/4/12 10:29,8832554154,170.0763109
4020117,1982/3/8,女,未婚,大专,2020/7/23 1:24,8834974262,491.2185803
6411119,1982/4/20,男,已婚,中专,2023/2/8 11:32,8835568900,273.6250054
6315120,1987/4/29,男,未婚,大专,2021/11/15 0:28,8838082541,428.7014872
3619113,1975/12/29,男,未婚,中专,2023/2/26 17:46,8839192336,517.1385266
4312112,1976/4/14,女,已婚,博士,2022/8/14 20:12,8840137466,681.3447717
4912111,1991/10/6,女,已婚,研究生,2023/1/6 15:57,8842017004,605.5336193
6111118,1989/12/31,男,已婚,博士,2022/7/15 6:50,8845323242,253.6392111
4911115,1984/6/5,女,已婚,研究生,2022/3/9 10:55,8847158532,231.3297457
5914112,1988/6/21,女,未婚,博士,2022/8/20 18:22,8848248349,257.7960679
4317120,1971/3/30,女,未婚,中专,2023/5/12 9:53,8850063419,124.1233017
6320117,1995/3/6,女,已婚,本科,2021/7/28 14:20,8850390615,112.3890755
5518119,1991/4/29,男,已婚,博士,2020/11/22 1:21,8851340027,878.4594094
6018117,1998/9/3,男,未婚,博士,2021/3/9 18:40,8852797114,1004.670621
5313118,1976/2/19,男,已婚,大专,2020/4/10 18:41,8854026211,924.4737731
4912118,1986/4/11,女,已婚,大专,2021/5/27 3:03,8854443162,956.9195134
6119116,1974/4/12,男,已婚,本科,2023/3/12 9:01,8854922420,214.8170286
5919112,1999/1/20,女,未婚,本科,2021/11/2 18:03,8855268725,718.4150383
4715117,1991/6/9,女,已婚,本科,2023/2/26 17:04,8857142949,589.5081417
3619118,1987/8/14,男,已婚,本科,2023/3/30 1:21,8863480153,189.7335381
5212120,1993/10/20,男,已婚,大专,2020/6/23 20:54,8864164735,548.6664317
3915115,1986/4/2,男,已婚,博士,2022/5/10 1:34,8865829669,553.4747555
3611119,1992/6/5,女,未婚,研究生,2020/9/12 20:25,8866371982,84.21663398
3319119,1995/2/6,女,已婚,研究生,2020/1/17 18:12,8869696861,689.0705937
6416118,1995/4/13,男,已婚,研究生,2020/10/19 22:12,8870489070,599.0392436
4617116,1992/11/1,女,已婚,中专,2023/1/20 22:27,8870772778,873.319535
4120113,1994/5/25,女,未婚,本科,2023/4/19 6:33,8873356977,642.5129205
6519120,1987/9/8,男,已婚,博士,2020/11/13 9:22,8874280092,1236.042919
4919111,1985/5/16,男,已婚,博士,2020/11/1 4:24,8875267572,545.4193558
3811111,1993/7/6,女,未婚,本科,2020/4/30 22:53,8875324804,610.3972628
4713112,1991/6/9,女,未婚,研究生,2020/5/9 6:12,8875686896,904.542438
5911119,1994/10/18,女,未婚,本科,2020/1/28 21:04,8878338754,296.5225924
5115119,1974/11/10,女,未婚,本科,2023/1/13 11:00,8881097802,180.0676239
5715115,1975/8/23,男,已婚,研究生,2021/10/1 7:15,8885563062,115.7526435
4911117,1984/2/10,男,已婚,大专,2022/2/26 11:03,8887222050,746.5031027
6115114,1973/2/8,女,未婚,大专,2021/9/30 18:13,8888134610,188.5479252
6211111,1980/9/25,女,未婚,博士,2023/1/1 0:56,8890112009,55.4029846
4816113,1973/8/28,女,未婚,本科,2021/7/3 15:05,8893472521,491.4482587
5720111,1978/10/3,女,未婚,大专,2022/8/7 3:00,8893529555,8.958497677
5514120,1989/3/1,女,已婚,博士,2023/2/1 16:28,8894946462,971.5998676
4315116,1969/12/20,女,已婚,本科,2020/7/25 10:10,8900388700,789.4537335
5315120,1980/8/21,女,未婚,大专,2022/5/31 5:13,8900419618,657.6760977
3814113,1991/4/29,女,未婚,博士,2022/8/10 7:51,8901219370,551.0262034
5916116,1968/10/31,男,已婚,本科,2022/3/12 2:01,8902087773,280.6106431
4113116,1972/12/17,男,未婚,研究生,2020/10/29 0:02,8905882531,324.5266234
4620115,1985/8/4,女,已婚,大专,2023/2/19 15:56,8906884084,154.2732938
5916111,1979/7/14,男,已婚,中专,2023/4/9 6:20,8910331407,35.64408706
4218117,1973/10/27,女,已婚,大专,2021/7/21 17:13,8912120439,868.7463927
4418111,1993/7/26,女,已婚,博士,2022/12/25 21:10,8913338672,807.5009426
6712113,2000/5/21,女,未婚,本科,2022/2/8 7:15,8913776753,847.6782434
3419120,1991/8/31,女,已婚,本科,2023/5/17 22:05,8917272360,751.1217198
5819112,1971/12/28,男,已婚,博士,2020/9/27 10:52,8919593257,310.2721995
3313112,1974/7/15,男,未婚,大专,2021/2/9 7:09,8920568516,384.649822
6515117,1978/12/16,女,已婚,博士,2021/11/21 11:16,8921499969,219.7117189
4814112,1995/5/16,女,未婚,博士,2020/12/31 18:46,8922950250,661.2645853
4519114,1972/4/28,女,未婚,中专,2022/1/20 0:52,8923940806,704.1440954
5518115,1987/5/18,男,未婚,博士,2020/8/10 10:45,8924219304,128.834525
3916116,1968/2/21,男,未婚,本科,2021/11/21 16:10,8926838368,97.01628963
5214118,1973/4/25,女,已婚,研究生,2019/12/7 18:02,8930194631,426.6464188
3520120,1986/9/27,女,未婚,博士,2022/9/2 1:13,8931736397,316.9547377
4315118,1968/5/23,男,未婚,本科,2021/9/22 3:32,8932115197,480.6809771
3215114,1986/2/19,女,已婚,博士,2022/9/26 5:30,8936295472,706.1520944
3316120,2000/2/27,男,未婚,研究生,2021/4/30 18:06,8936486273,958.5899887
5615112,1992/6/10,男,已婚,大专,2022/10/11 21:31,8937186710,574.5407166
6316113,1983/8/18,女,已婚,研究生,2020/11/4 6:12,8938251520,824.7110468
3718118,1991/5/4,女,未婚,博士,2021/4/2 7:54,8942479256,407.5919797
4514117,1997/11/1,女,已婚,本科,2022/12/19 14:05,8942740499,953.3775994
6417117,1989/8/13,女,未婚,中专,2020/9/19 13:16,8943690537,140.1627031
5013118,1981/10/7,女,已婚,大专,2022/8/19 18:20,8945350648,43.92608423
5711120,1990/1/12,男,未婚,本科,2023/3/22 1:42,8947633525,1053.487416
4516120,1979/6/19,男,未婚,研究生,2022/9/21 20:12,8948179556,476.4474499
4719115,1990/2/15,女,已婚,博士,2021/8/17 3:26,8948940227,778.8007676
6411114,1990/11/30,男,未婚,中专,2023/5/25 9:07,8949480224,768.4499368
6217112,1990/8/15,女,未婚,博士,2022/12/8 18:13,8950521458,412.7543441
3720120,1992/8/11,女,未婚,研究生,2020/5/7 1:59,8954592700,709.0996016
6220111,1975/5/31,女,已婚,大专,2022/3/26 5:07,8958152876,509.6438424
3214119,1975/5/9,女,已婚,本科,2020/10/1 5:41,8964098673,353.8277697
5219113,1985/11/12,男,已婚,博士,2021/4/6 7:46,8965558721,791.4627142
6316113,1983/8/18,女,已婚,研究生,2020/2/23 17:27,8968078485,486.808956
3217118,1984/5/6,男,未婚,博士,2022/3/20 19:08,8968912033,834.457138
5412112,1978/9/22,女,已婚,博士,2023/5/26 5:00,8968919988,809.7264515
4616117,1980/2/19,女,未婚,本科,2020/2/8 3:20,8971644213,317.8557298
3712120,1982/5/19,男,已婚,本科,2021/9/10 22:38,8973420668,828.0482753
3619117,1976/3/23,女,已婚,中专,2021/6/3 20:41,8974450327,703.9596774
3411111,1994/11/26,女,未婚,中专,2023/5/24 14:11,8975812934,993.5868087
4813113,1969/12/16,男,已婚,博士,2021/11/6 20:10,8977475195,992.1554413
5014119,1994/6/3,女,已婚,中专,2022/12/14 20:18,8977785513,290.0472878
5117112,1975/10/31,男,已婚,中专,2020/5/2 18:14,8981324597,245.4013573
5219118,1981/6/22,女,未婚,博士,2022/3/25 23:34,8981728244,233.5477597
6313116,1989/11/15,女,已婚,本科,2021/8/11 23:10,8982385806,846.0984783
4419116,1973/9/8,男,未婚,本科,2023/2/23 12:30,8982731781,323.5112771
3916111,1992/3/16,男,未婚,大专,2020/10/10 12:15,8982767892,673.5265966
5416120,1975/5/21,女,已婚,大专,2022/9/14 8:51,8983757884,190.3557305
6316118,1972/3/15,男,未婚,博士,2022/5/6 0:20,8987012522,146.9886196
3714117,1994/8/14,男,已婚,大专,2021/6/15 14:12,8988627289,472.2590664
4214113,1982/5/21,男,已婚,大专,2021/8/22 7:33,8989424558,542.647376
4315117,1977/8/3,男,未婚,本科,2020/2/29 6:18,8990123542,962.2034263
6619111,1979/3/31,男,已婚,研究生,2020/6/5 17:55,8991159275,667.8006436
6518114,1984/2/28,女,已婚,博士,2023/5/22 19:11,8991789286,703.9833703
3615116,1977/5/11,女,未婚,中专,2023/1/19 5:33,8993443974,468.7036034
4212112,1987/9/6,女,已婚,中专,2022/6/13 11:03,8993812802,530.6586403
4812120,1970/4/29,女,已婚,本科,2021/11/4 7:16,8993866163,605.6576808
5112117,1993/9/24,男,未婚,大专,2020/12/18 21:37,8997660647,254.7596451
